SeniorCitizen,tenure,MonthlyCharges,TotalCharges,Churn,charges_ratio,service_count,gender_Male,Partner_Yes,Dependents_Yes,PhoneService_Yes,MultipleLines_No phone service,MultipleLines_Yes,InternetService_Fiber optic,InternetService_No,OnlineSecurity_No internet service,OnlineSecurity_Yes,OnlineBackup_No internet service,OnlineBackup_Yes,DeviceProtection_No internet service,DeviceProtection_Yes,TechSupport_No internet service,TechSupport_Yes,StreamingTV_No internet service,StreamingTV_Yes,StreamingMovies_No internet service,StreamingMovies_Yes,Contract_One year,Contract_Two year,PaperlessBilling_Yes,PaymentMethod_Credit card (automatic),PaymentMethod_Electronic check,PaymentMethod_Mailed check,tenure_group_13-24,tenure_group_25-48,tenure_group_48+,customerID
0,1,29.85,29.85,0,1.0,2,0,1,0,0,1,0,0,0,0,0,0,1,0,0,0,0,0,0,0,0,0,0,1,0,1,0,0,0,0,7590-VHVEG
0,34,56.95,1889.5,0,0.03014024874305372,4,1,0,0,1,0,0,0,0,0,1,0,0,0,1,0,0,0,0,0,0,1,0,0,0,0,1,0,1,0,5575-GNVDE
0,2,53.85,108.15,1,0.49791955617198336,4,1,0,0,1,0,0,0,0,0,1,0,1,0,0,0,0,0,0,0,0,0,0,1,0,0,1,0,0,0,3668-QPYBK
0,45,42.3,1840.75,0,0.02297976368328127,4,1,0,0,0,1,0,0,0,0,1,0,0,0,1,0,1,0,0,0,0,1,0,0,0,0,0,0,1,0,7795-CFOCW
0,2,70.7,151.65,1,0.4662050774810419,2,0,0,0,1,0,0,1,0,0,0,0,0,0,0,0,0,0,0,0,0,0,0,1,0,1,0,0,0,0,9237-HQITU
0,8,99.65,820.5,1,0.1214503351614869,6,0,0,0,1,0,1,1,0,0,0,0,0,0,1,0,0,0,1,0,1,0,0,1,0,1,0,0,0,0,9305-CDSKC
0,22,89.1,1949.4,0,0.04570637119113573,5,1,0,1,1,0,1,1,0,0,0,0,1,0,0,0,0,0,1,0,0,0,0,1,1,0,0,1,0,0,1452-KIOVK
0,10,29.75,301.9,0,0.09854256376283538,2,0,0,0,0,1,0,0,0,0,1,0,0,0,0,0,0,0,0,0,0,0,0,0,0,0,1,0,0,0,6713-OKOMC
0,28,104.8,3046.05,1,0.034405213309039576,7,0,1,0,1,0,1,1,0,0,0,0,0,0,1,0,1,0,1,0,1,0,0,1,0,1,0,0,1,0,7892-POOKP
0,62,56.15,3487.95,0,0.016098281225361603,4,1,0,1,1,0,0,0,0,0,1,0,1,0,0,0,0,0,0,0,0,1,0,0,0,0,0,0,0,1,6388-TABGU
0,13,49.95,587.45,0,0.08502851306494169,3,1,1,1,1,0,0,0,0,0,1,0,0,0,0,0,0,0,0,0,0,0,0,1,0,0,1,1,0,0,9763-GRSKD
0,16,18.95,326.8,0,0.05798653610771114,1,1,0,0,1,0,0,0,1,1,0,1,0,1,0,1,0,1,0,1,0,0,1,0,1,0,0,1,0,0,7469-LKBCI
0,58,100.35,5681.1,0,0.017663832708454348,6,1,1,0,1,0,1,1,0,0,0,0,0,0,1,0,0,0,1,0,1,1,0,0,1,0,0,0,0,1,8091-TTVAX
0,49,103.7,5036.3,1,0.02059051287651649,7,1,0,0,1,0,1,1,0,0,0,0,1,0,1,0,0,0,1,0,1,0,0,1,0,0,0,0,0,1,0280-XJGEX
0,25,105.5,2686.05,0,0.03927700526795853,7,1,0,0,1,0,0,1,0,0,1,0,0,0,1,0,1,0,1,0,1,0,0,1,0,1,0,0,1,0,5129-JLPIS
0,69,113.25,7895.15,0,0.014344249317619046,9,0,1,1,1,0,1,1,0,0,1,0,1,0,1,0,1,0,1,0,1,0,1,0,1,0,0,0,0,1,3655-SNQYZ
0,52,20.65,1022.95,0,0.020186714893201035,1,0,0,0,1,0,0,0,1,1,0,1,0,1,0,1,0,1,0,1,0,1,0,0,0,0,1,0,0,1,8191-XWSZG
0,71,106.7,7382.25,0,0.01445358799823902,7,1,0,1,1,0,1,1,0,0,1,0,0,0,1,0,0,0,1,0,1,0,1,0,0,0,0,0,0,1,9959-WOFKT
0,10,55.2,528.35,1,0.10447619948897512,4,0,1,1,1,0,0,0,0,0,0,0,0,0,1,0,1,0,0,0,0,0,0,0,1,0,0,0,0,0,4190-MFLUW
0,21,90.05,1862.9,0,0.0483386118417521,5,0,0,0,1,0,0,1,0,0,0,0,1,0,1,0,0,0,0,0,1,0,0,1,0,1,0,1,0,0,4183-MYFRB
1,1,39.65,39.65,1,1.0,3,1,0,0,0,1,0,0,0,0,0,0,0,0,1,0,0,0,0,0,1,0,0,1,0,1,0,0,0,0,8779-QRDMV
0,12,19.8,202.25,0,0.09789864029666255,1,1,1,0,1,0,0,0,1,1,0,1,0,1,0,1,0,1,0,1,0,1,0,0,0,0,0,0,0,0,1680-VDCWW
0,1,20.15,20.15,1,1.0,1,1,0,0,1,0,0,0,1,1,0,1,0,1,0,1,0,1,0,1,0,0,0,0,0,0,1,0,0,0,1066-JKSGK
0,58,59.9,3505.1,0,0.017089384040398278,5,0,1,0,1,0,1,0,0,0,0,0,1,0,0,0,1,0,0,0,0,0,1,1,1,0,0,0,0,1,3638-WEABW
0,49,59.6,2970.3,0,0.020065313268020066,5,1,1,1,1,0,0,0,0,0,1,0,1,0,0,0,1,0,0,0,0,0,0,0,1,0,0,0,0,1,6322-HRPFA
0,30,55.3,1530.6,0,0.036129622370312295,4,0,0,0,1,0,0,0,0,0,1,0,1,0,0,0,0,0,0,0,0,0,0,1,0,0,0,0,1,0,6865-JZNKO
0,47,99.35,4749.15,1,0.02091953296905762,6,1,1,1,1,0,1,1,0,0,0,0,1,0,0,0,0,0,1,0,1,0,0,1,0,1,0,0,1,0,6467-CHFZW
0,1,30.2,30.2,1,1.0,2,1,1,1,0,1,0,0,0,0,0,0,1,0,0,0,0,0,0,0,0,0,0,0,0,1,0,0,0,0,8665-UTDHZ
0,72,90.25,6369.45,0,0.014169198282426269,9,1,1,0,1,0,1,0,0,0,1,0,1,0,1,0,1,0,1,0,1,0,1,1,1,0,0,0,0,1,5248-YGIJN
0,17,64.7,1093.1,1,0.059189461165492646,4,0,0,1,1,0,0,0,0,0,0,0,0,0,0,0,0,0,1,0,1,0,0,1,0,0,1,1,0,0,8773-HHUOZ
1,71,96.35,6766.95,0,0.014238320070341882,7,0,1,0,1,0,1,1,0,0,1,0,1,0,1,0,1,0,0,0,0,0,1,1,1,0,0,0,0,1,3841-NFECX
1,2,95.5,181.65,0,0.5257363060831268,5,1,1,0,1,0,0,1,0,0,0,0,0,0,1,0,0,0,1,0,1,0,0,1,1,0,0,0,0,0,4929-XIHVW
0,27,66.15,1874.45,0,0.03529035183653872,6,0,1,1,1,0,0,0,0,0,1,0,1,0,1,0,1,0,0,0,0,1,0,0,0,0,1,0,1,0,6827-IEAUQ
0,1,20.2,20.2,0,1.0,1,1,0,0,1,0,0,0,1,1,0,1,0,1,0,1,0,1,0,1,0,0,0,0,0,0,0,0,0,0,7310-EGVHZ
1,1,45.25,45.25,0,1.0,2,1,0,0,1,0,0,0,0,0,0,0,0,0,0,0,0,0,0,0,0,0,0,0,0,0,0,0,0,0,3413-BMNZE
0,72,99.9,7251.7,0,0.013776080091564738,7,0,1,1,1,0,1,1,0,0,1,0,1,0,0,0,1,0,1,0,0,0,1,0,0,0,0,0,0,1,6234-RAAPL
0,5,69.7,316.9,1,0.21994319974755447,2,1,0,0,1,0,0,1,0,0,0,0,0,0,0,0,0,0,0,0,0,0,0,1,0,1,0,0,0,0,6047-YHPVI
0,46,74.8,3548.3,0,0.021080517430882392,3,0,0,0,1,0,0,1,0,0,0,0,0,0,1,0,0,0,0,0,0,0,0,1,1,0,0,0,1,0,6572-ADKRS
0,34,106.35,3549.25,1,0.02996407691765866,7,1,0,0,1,0,1,1,0,0,0,0,1,0,1,0,0,0,1,0,1,0,0,1,0,1,0,0,1,0,5380-WJKOV
0,11,97.85,1105.4,1,0.08851999276280079,6,0,0,0,1,0,1,1,0,0,0,0,0,0,1,0,0,0,1,0,1,0,0,1,0,0,0,0,0,0,8168-UQWWF
0,10,49.55,475.7,0,0.10416228715577044,3,1,1,1,1,0,0,0,0,0,0,0,1,0,0,0,0,0,0,0,0,1,0,0,0,0,1,0,0,0,8865-TNMNX
0,70,69.2,4872.35,0,0.014202592178312313,6,0,1,1,1,0,1,0,0,0,1,0,1,0,0,0,0,0,1,0,0,0,1,1,1,0,0,0,0,1,9489-DEDVP
0,17,20.75,418.25,0,0.049611476389719064,1,0,1,1,1,0,0,0,1,1,0,1,0,1,0,1,0,1,0,1,0,1,0,0,0,0,1,1,0,0,9867-JCZSP
0,63,79.85,4861.45,0,0.016425140647337726,8,0,0,0,1,0,1,0,0,0,1,0,1,0,1,0,1,0,1,0,0,0,1,1,1,0,0,0,0,1,4671-VJLCL
0,13,76.2,981.45,0,0.07764022619593458,7,0,1,0,1,0,1,0,0,0,1,0,1,0,0,0,1,0,1,0,0,0,0,1,0,1,0,1,0,0,4080-IIARD
0,49,84.5,3906.7,0,0.02162950828064607,4,0,0,0,1,0,1,1,0,0,0,0,0,0,0,0,0,0,0,0,1,0,0,1,0,1,0,0,0,1,3714-NTNFO
0,2,49.25,97.0,0,0.5077319587628866,3,1,0,0,1,0,0,0,0,0,0,0,1,0,0,0,0,0,0,0,0,0,0,0,0,0,1,0,0,0,5948-UJZLF
0,2,80.65,144.15,1,0.5594866458550122,3,0,0,0,1,0,0,1,0,0,0,0,0,0,0,0,0,0,1,0,0,0,0,1,0,1,0,0,0,0,7760-OYPDY
0,52,79.75,4217.8,0,0.01890796149651477,7,1,0,0,1,0,1,0,0,0,1,0,0,0,0,0,1,0,1,0,1,0,1,1,1,0,0,0,0,1,7639-LIAYI
0,69,64.15,4254.1,0,0.01507957029689006,6,0,1,1,1,0,1,0,0,0,1,0,0,0,1,0,1,0,0,0,0,0,1,1,1,0,0,0,0,1,2954-PIBKO
1,43,90.25,3838.75,0,0.023510257245197005,5,0,0,0,1,0,1,1,0,0,0,0,1,0,0,0,0,0,1,0,0,0,0,1,0,1,0,0,1,0,8012-SOUDQ
0,15,99.1,1426.4,1,0.06947560291643297,6,0,0,0,1,0,0,1,0,0,1,0,1,0,0,0,0,0,1,0,1,0,0,1,1,0,0,1,0,0,9420-LOJKX
1,25,69.5,1752.65,0,0.03965423786837075,6,0,1,0,1,0,1,0,0,0,1,0,0,0,0,0,1,0,1,0,0,0,0,1,1,0,0,0,1,0,6575-SUVOI
1,8,80.65,633.3,1,0.12734880783199118,4,0,1,0,1,0,1,1,0,0,0,0,1,0,0,0,0,0,0,0,0,0,0,1,1,0,0,0,0,0,7495-OOKFY
1,60,74.85,4456.35,0,0.016796257026490288,7,0,1,1,1,0,0,0,0,0,1,0,1,0,1,0,1,0,0,0,1,1,0,1,1,0,0,0,0,1,4667-QONEA
1,18,95.45,1752.55,1,0.054463496048614876,5,1,0,0,1,0,1,1,0,0,0,0,0,0,0,0,0,0,1,0,1,0,0,1,0,1,0,1,0,0,1658-BYGOY
0,63,99.65,6311.2,0,0.015789390290277604,6,0,1,1,1,0,1,1,0,0,1,0,0,0,0,0,0,0,1,0,1,1,0,1,1,0,0,0,0,1,8769-KKTPH
1,66,108.45,7076.35,0,0.015325697570074967,8,1,1,1,1,0,1,1,0,0,0,0,1,0,1,0,1,0,1,0,1,1,0,1,0,1,0,0,0,1,5067-XJQFU
0,34,24.95,894.3,0,0.02789891535278989,2,0,1,1,1,0,1,0,1,1,0,1,0,1,0,1,0,1,0,1,0,0,1,0,1,0,0,0,1,0,3957-SQXML
0,72,107.5,7853.7,0,0.013687815933891033,7,0,0,0,1,0,1,1,0,0,0,0,0,0,1,0,1,0,1,0,1,0,1,1,1,0,0,0,0,1,5954-BDFSG
0,47,100.5,4707.1,0,0.021350725499776933,6,0,1,0,1,0,1,1,0,0,0,0,0,0,1,0,0,0,1,0,1,0,0,1,0,1,0,0,1,0,0434-CSFON
0,60,89.9,5450.7,0,0.016493294439246336,5,1,0,0,1,0,1,1,0,0,0,0,1,0,0,0,0,0,1,0,0,0,0,1,0,0,0,0,0,1,1215-FIGMP
0,72,42.1,2962.0,0,0.014213369345037138,4,1,1,0,0,1,0,0,0,0,1,0,1,0,1,0,0,0,0,0,0,0,1,0,0,0,0,0,0,1,0526-SXDJP
0,18,54.4,957.1,0,0.05683836589698046,4,0,1,1,1,0,0,0,0,0,0,0,0,0,1,0,1,0,0,0,0,1,0,1,1,0,0,1,0,0,0557-ASKVU
0,9,94.4,857.25,1,0.11011956838728493,5,0,0,0,1,0,1,1,0,0,0,0,0,0,0,0,0,0,1,0,1,0,0,0,0,1,0,0,0,0,5698-BQJOH
0,3,75.3,244.1,0,0.308480131093814,6,0,0,0,1,0,0,0,0,0,0,0,1,0,0,0,1,0,1,0,1,0,0,1,0,1,0,0,0,0,5122-CYFXA
0,47,78.9,3650.35,0,0.02161436574575041,4,1,1,0,1,0,1,1,0,0,0,0,1,0,0,0,0,0,0,0,0,1,0,1,0,1,0,0,1,0,8627-ZYGSZ
0,31,79.2,2497.2,0,0.03171552138395003,7,0,0,0,1,0,0,0,0,0,0,0,1,0,1,0,1,0,1,0,1,0,1,0,0,0,1,0,1,0,3410-YOQBQ
0,50,20.15,930.9,0,0.021645719196476527,1,0,1,1,1,0,0,0,1,1,0,1,0,1,0,1,0,1,0,1,0,0,1,0,0,0,0,0,0,1,3170-NMYVV
0,10,79.85,887.35,0,0.08998704006310924,4,1,0,0,1,0,0,1,0,0,1,0,0,0,1,0,0,0,0,0,0,0,0,1,0,0,1,0,0,0,7410-OIEDU
0,1,49.05,49.05,0,1.0,3,1,0,0,1,0,0,0,0,0,0,0,0,0,0,0,1,0,0,0,0,0,0,0,0,0,1,0,0,0,2273-QCKXA
0,52,20.4,1090.65,0,0.018704442305047447,1,0,1,1,1,0,0,0,1,1,0,1,0,1,0,1,0,1,0,1,0,1,0,1,0,1,0,0,0,1,0731-EBJQB
1,64,111.6,7099.0,0,0.01572052401746725,8,1,1,1,1,0,1,1,0,0,1,0,0,0,1,0,1,0,1,0,1,0,1,1,0,0,0,0,0,1,1891-QRQSA
0,62,24.25,1424.6,0,0.017022322055313774,2,1,1,1,1,0,1,0,1,1,0,1,0,1,0,1,0,1,0,1,0,0,1,1,0,0,0,0,0,1,8028-PNXHQ
0,3,64.5,177.4,0,0.36358511837655016,5,0,0,1,1,0,0,0,0,0,1,0,0,0,0,0,1,0,0,0,1,0,0,1,0,0,0,0,0,0,5630-AHZIL
1,56,110.5,6139.5,0,0.017998208323153353,8,0,0,0,1,0,1,1,0,0,1,0,1,0,1,0,0,0,1,0,1,1,0,0,0,1,0,0,0,1,2673-CXQEU
0,46,55.65,2688.85,0,0.02069658032244268,3,0,0,0,1,0,0,0,0,0,0,0,0,0,0,0,0,0,0,0,1,1,0,0,1,0,0,0,1,0,6416-JNVRK
0,8,54.65,482.25,0,0.1133229652669777,4,0,1,1,1,0,0,0,0,0,1,0,1,0,0,0,0,0,0,0,0,0,0,0,0,0,1,0,0,0,5590-ZSKRV
1,30,74.75,2111.3,0,0.03540472694548382,6,1,0,0,1,0,0,0,0,0,1,0,1,0,0,0,0,0,1,0,1,0,0,1,0,1,0,0,1,0,0191-ZHSKZ
0,45,25.9,1216.6,0,0.021288837744533946,2,0,1,1,1,0,1,0,1,1,0,1,0,1,0,1,0,1,0,1,0,1,0,1,1,0,0,0,1,0,3887-PBQAO
0,1,79.35,79.35,1,1.0,3,0,0,1,1,0,0,1,0,0,0,0,0,0,0,0,0,0,1,0,0,0,0,1,0,1,0,0,0,0,5919-TMRGD
0,11,50.55,565.35,0,0.08941363756964711,4,0,1,1,0,1,0,0,0,0,1,0,0,0,0,0,0,0,1,0,1,0,0,0,0,1,0,0,0,0,8108-UXRQN
0,7,75.15,496.9,1,0.1512376735761723,3,0,1,0,1,0,0,1,0,0,0,0,0,0,1,0,0,0,0,0,0,0,0,1,0,0,0,0,0,0,9191-MYQKX
0,42,103.8,4327.5,0,0.023986135181975735,7,0,0,0,1,0,0,1,0,0,0,0,1,0,1,0,1,0,1,0,1,0,0,1,0,0,0,0,1,0,9919-YLNNG
0,49,20.15,973.35,0,0.020701700313350797,1,0,1,0,1,0,0,0,1,1,0,1,0,1,0,1,0,1,0,1,0,0,1,1,0,0,0,0,0,1,0318-ZOPWS
0,9,99.3,918.75,0,0.10808163265306123,6,1,0,0,1,0,1,1,0,0,0,0,1,0,0,0,0,0,1,0,1,0,0,1,1,0,0,0,0,0,4445-ZJNMU
0,35,62.15,2215.45,0,0.02805299149157056,4,0,1,0,1,0,0,0,0,0,1,0,0,0,0,0,0,0,1,0,0,1,0,1,0,0,0,0,1,0,4808-YNLEU
0,48,20.65,1057.0,0,0.0195364238410596,1,0,1,1,1,0,0,0,1,1,0,1,0,1,0,1,0,1,0,1,0,0,1,0,0,0,0,0,1,0,1862-QRWPE
0,46,19.95,927.1,0,0.02151871427030525,1,0,1,1,1,0,0,0,1,1,0,1,0,1,0,1,0,1,0,1,0,0,1,1,0,0,1,0,1,0,2796-NNUFI
0,29,33.75,1009.25,0,0.03344067376764925,2,1,1,0,0,1,0,0,0,0,0,0,0,0,0,0,0,0,1,0,0,0,0,0,0,0,1,0,1,0,3016-KSVCP
0,30,82.05,2570.2,0,0.03192358571317407,4,1,1,1,1,0,0,1,0,0,0,0,1,0,1,0,0,0,0,0,0,0,0,0,0,0,0,0,1,0,4767-HZZHQ
1,1,74.7,74.7,0,1.0,3,1,0,0,1,0,0,1,0,0,0,0,0,0,0,0,1,0,0,0,0,0,0,0,0,1,0,0,0,0,2424-WVHPL
0,66,84.0,5714.25,0,0.014700091875574223,8,1,1,1,1,0,1,0,0,0,1,0,0,0,1,0,1,0,1,0,1,0,1,1,0,0,1,0,0,1,7233-PAHHL
0,65,111.05,7107.0,0,0.0156254397073308,8,0,0,0,1,0,1,1,0,0,1,0,1,0,1,0,0,0,1,0,1,0,0,1,1,0,0,0,0,1,6067-NGCEU
0,72,100.9,7459.05,0,0.013527191800564416,7,1,0,0,1,0,1,1,0,0,0,0,1,0,1,0,0,0,1,0,1,0,1,1,0,0,0,0,0,1,9848-JQJTX
0,12,78.95,927.35,1,0.08513506227422225,4,0,0,0,1,0,1,1,0,0,1,0,0,0,0,0,0,0,0,0,0,0,0,1,0,1,0,0,0,0,8637-XJIVR
0,71,66.85,4748.7,0,0.014077537010129088,6,1,1,1,1,0,1,0,0,0,1,0,1,0,0,0,1,0,0,0,0,1,0,1,1,0,0,0,0,1,9803-FTJCG
0,5,21.05,113.85,1,0.18489240228370665,1,1,0,0,1,0,0,0,1,1,0,1,0,1,0,1,0,1,0,1,0,0,0,0,0,0,1,0,0,0,0278-YXOOG
0,52,21.0,1107.2,0,0.018966763005780346,1,1,0,0,1,0,0,0,1,1,0,1,0,1,0,1,0,1,0,1,0,0,1,0,0,0,0,0,0,1,3212-KXOCR
1,25,98.5,2514.5,1,0.03917279777291708,6,0,1,0,1,0,0,1,0,0,0,0,1,0,1,0,0,0,1,0,1,0,0,1,0,1,0,0,1,0,4598-XLKNJ
0,1,20.2,20.2,0,1.0,1,1,0,0,1,0,0,0,1,1,0,1,0,1,0,1,0,1,0,1,0,0,0,0,0,0,1,0,0,0,6380-ARCEH
0,1,19.45,19.45,0,1.0,1,0,1,1,1,0,0,0,1,1,0,1,0,1,0,1,0,1,0,1,0,0,0,0,0,1,0,0,0,0,3679-XASPY
0,38,95.0,3605.6,0,0.02634790326159308,6,1,0,0,1,0,1,1,0,0,0,0,0,0,1,0,1,0,1,0,0,1,0,0,0,0,0,0,1,0,7123-WQUHX
1,66,45.55,3027.25,0,0.015046659509455777,4,0,1,0,0,1,0,0,0,0,0,0,1,0,1,0,0,0,1,0,0,1,0,0,0,0,0,0,0,1,5386-THSLQ
0,68,110.0,7611.85,1,0.014451151822487305,8,1,1,0,1,0,1,1,0,0,0,0,1,0,1,0,1,0,1,0,1,0,1,1,0,0,0,0,0,1,3192-NQECA
0,5,24.3,100.2,0,0.24251497005988024,1,1,0,0,0,1,0,0,0,0,0,0,0,0,0,0,0,0,0,0,0,0,0,0,0,0,1,0,0,0,6180-YBIQI
0,72,104.15,7303.05,0,0.014261164855779435,7,0,1,1,1,0,1,1,0,0,1,0,1,0,0,0,0,0,1,0,1,1,0,1,0,1,0,0,0,1,6728-DKUCO
0,32,30.15,927.65,0,0.03250148224006899,2,0,0,0,0,1,0,0,0,0,1,0,0,0,0,0,0,0,0,0,0,1,0,0,0,0,1,0,1,0,9750-BOOHV
0,43,94.35,3921.3,0,0.024060898171524746,5,1,0,0,1,0,1,1,0,0,0,0,0,0,0,0,0,0,1,0,1,1,0,0,0,0,1,0,1,0,8597-CWYHH
0,72,19.4,1363.25,0,0.014230698697964422,1,1,1,1,1,0,0,0,1,1,0,1,0,1,0,1,0,1,0,1,0,0,1,0,1,0,0,0,0,1,2848-YXSMW
0,55,96.75,5238.9,1,0.018467617247895553,6,1,1,0,1,0,1,1,0,0,1,0,1,0,0,0,0,0,1,0,0,0,0,1,0,1,0,0,0,1,0486-HECZI
0,52,57.95,3042.25,0,0.019048401676390832,5,0,0,0,1,0,0,0,0,0,1,0,0,0,1,0,1,0,0,0,0,1,0,0,1,0,0,0,0,1,4549-ZDQYY
0,43,91.65,3954.1,0,0.023178472977415848,5,0,0,0,1,0,0,1,0,0,0,0,1,0,1,0,0,0,1,0,0,0,0,1,0,1,0,0,1,0,5712-AHQNN
1,37,76.5,2868.15,1,0.026672245175461535,3,0,1,0,1,0,1,1,0,0,0,0,0,0,0,0,0,0,0,0,0,0,0,1,0,1,0,0,1,0,4846-WHAFZ
0,64,54.6,3423.5,0,0.015948590623630788,5,0,1,1,0,1,0,0,0,0,0,0,1,0,0,0,1,0,1,0,1,0,1,1,0,1,0,0,0,1,5256-SKJGO
0,3,89.85,248.4,0,0.3617149758454106,5,1,1,1,1,0,0,1,0,0,1,0,1,0,0,0,0,0,1,0,0,0,0,0,0,1,0,0,0,0,3071-VBYPO
0,36,31.05,1126.35,0,0.027566919696364364,2,0,0,0,0,1,0,0,0,0,1,0,0,0,0,0,0,0,0,0,0,0,1,0,0,0,0,0,1,0,9560-BBZXK
0,10,100.25,1064.65,1,0.09416240078899168,6,0,1,1,1,0,1,1,0,0,1,0,0,0,0,0,0,0,1,0,1,0,0,1,0,1,0,0,0,0,5299-RULOA
0,41,20.65,835.15,0,0.024726097108303896,1,0,0,0,1,0,0,0,1,1,0,1,0,1,0,1,0,1,0,1,0,0,1,0,0,0,1,0,1,0,8402-OOOHJ
0,27,85.2,2151.6,0,0.03959843837144451,5,1,1,1,1,0,1,1,0,0,0,0,1,0,0,0,1,0,0,0,0,0,0,1,1,0,0,0,1,0,9445-ZUEQE
0,56,99.8,5515.45,0,0.018094625098586697,6,0,1,1,1,0,1,1,0,0,0,0,0,0,1,0,0,0,1,0,1,1,0,1,1,0,0,0,0,1,1091-SOZGA
0,6,20.7,112.75,0,0.1835920177383592,1,0,0,0,1,0,0,0,1,1,0,1,0,1,0,1,0,1,0,1,0,0,0,0,0,0,1,0,0,0,2928-HLDBA
0,3,74.4,229.55,1,0.3241123938139839,3,1,0,0,1,0,1,1,0,0,0,0,0,0,0,0,0,0,0,0,0,0,0,1,0,1,0,0,0,0,0404-SWRVG
0,7,50.7,350.35,0,0.14471243042671614,3,0,1,1,1,0,0,0,0,0,1,0,0,0,0,0,0,0,0,0,0,0,0,0,0,0,1,0,0,0,6497-TILVL
0,4,20.85,62.9,0,0.33147853736089034,1,0,1,1,1,0,0,0,1,1,0,1,0,1,0,1,0,1,0,1,0,0,0,0,0,0,1,0,0,0,7219-TLZHO
0,33,88.95,3027.65,0,0.02937922150843063,5,1,0,0,1,0,0,1,0,0,1,0,0,0,0,0,1,0,1,0,0,0,1,1,0,1,0,0,1,0,4622-YNKIJ
1,27,78.05,2135.5,1,0.03654881760711777,4,0,0,0,1,0,1,1,0,0,0,0,0,0,1,0,0,0,0,0,0,0,0,1,0,1,0,0,1,0,4412-YLTKF
0,72,23.55,1723.95,0,0.01366048899330027,2,1,1,0,1,0,1,0,1,1,0,1,0,1,0,1,0,1,0,1,0,0,1,1,0,0,0,0,0,1,6734-PSBAW
0,1,19.75,19.75,0,1.0,1,1,0,0,1,0,0,0,1,1,0,1,0,1,0,1,0,1,0,1,0,0,0,0,0,0,1,0,0,0,3930-ZGWVE
1,71,56.45,3985.35,0,0.014164377030875582,5,1,0,0,0,1,0,0,0,0,1,0,1,0,0,0,0,0,1,0,1,1,0,1,0,1,0,0,0,1,2639-UGMAZ
0,13,85.95,1215.65,0,0.0707029161354008,4,0,0,0,1,0,1,1,0,0,0,0,0,0,0,0,0,0,0,0,1,0,0,1,0,1,0,1,0,0,2876-GZYZC
0,25,58.6,1502.65,1,0.038997770605264034,6,0,1,1,0,1,0,0,0,0,1,0,1,0,1,0,0,0,1,0,1,0,0,1,1,0,0,0,1,0,6207-WIOLX
0,67,50.55,3260.1,0,0.015505659335603201,3,1,0,0,1,0,0,0,0,0,0,0,0,0,0,0,1,0,0,0,0,0,1,0,0,0,0,0,0,1,8587-XYZSF
0,1,35.45,35.45,1,1.0,2,1,0,0,0,1,0,0,0,0,0,0,0,0,0,0,0,0,0,0,1,0,0,1,0,1,0,0,0,0,3091-FYHKI
0,2,44.35,81.25,1,0.5458461538461539,2,1,0,0,1,0,0,0,0,0,0,0,0,0,0,0,0,0,0,0,0,0,0,0,0,1,0,0,0,0,2372-HWUHI
0,43,25.7,1188.2,0,0.02162935532738596,2,0,0,0,1,0,1,0,1,1,0,1,0,1,0,1,0,1,0,1,0,0,1,1,1,0,0,0,1,0,7799-LGRDP
0,23,75.0,1778.5,0,0.04217036828788305,3,0,0,0,1,0,0,1,0,0,1,0,0,0,0,0,0,0,0,0,0,0,0,1,0,0,0,1,0,0,7850-VWJUU
0,64,20.2,1277.75,0,0.01580903932694189,1,0,1,1,1,0,0,0,1,1,0,1,0,1,0,1,0,1,0,1,0,0,1,0,0,0,1,0,0,1,3774-VBNXY
0,57,19.6,1170.55,0,0.01674426551621033,1,1,0,1,1,0,0,0,1,1,0,1,0,1,0,1,0,1,0,1,0,0,1,1,0,0,1,0,0,1,6217-KDYWC
1,1,70.45,70.45,1,1.0,2,0,1,0,1,0,0,1,0,0,0,0,0,0,0,0,0,0,0,0,0,0,0,1,0,0,1,0,0,0,0390-DCFDQ
1,72,88.05,6425.65,0,0.013702893870659,9,0,1,1,1,0,1,0,0,0,1,0,1,0,1,0,1,0,1,0,1,0,1,1,1,0,0,0,0,1,3146-MSEGF
0,8,71.15,563.65,1,0.12623081699636302,6,0,0,0,1,0,1,0,0,0,1,0,0,0,0,0,1,0,0,0,1,0,0,0,0,1,0,0,0,0,4080-OGPJL
0,61,101.05,5971.25,0,0.01692275486707138,6,0,1,0,1,0,1,1,0,0,0,0,1,0,0,0,0,0,1,0,1,0,1,1,0,0,0,0,0,1,1095-WGNGG
0,64,84.3,5289.05,0,0.015938590105973663,5,1,0,0,1,0,1,1,0,0,1,0,1,0,0,0,0,0,0,0,0,1,0,1,1,0,0,0,0,1,2636-SJDOU
1,71,23.95,1756.2,0,0.013637398929506888,2,1,1,0,1,0,1,0,1,1,0,1,0,1,0,1,0,1,0,1,0,0,1,0,0,0,0,0,0,1,1131-QQZEB
0,65,99.05,6416.7,0,0.015436283447878193,7,0,1,1,1,0,1,1,0,0,1,0,1,0,0,0,1,0,1,0,0,0,1,1,1,0,0,0,0,1,5716-EZXZN
0,3,19.6,61.35,0,0.319478402607987,1,1,0,0,1,0,0,0,1,1,0,1,0,1,0,1,0,1,0,1,0,1,0,0,0,0,1,0,0,0,6837-BJYDQ
0,1,45.65,45.65,1,1.0,2,1,0,0,1,0,0,0,0,0,0,0,0,0,0,0,0,0,0,0,0,0,0,1,0,1,0,0,0,0,2135-RXIHG
0,30,64.5,1929.95,0,0.03342055493665639,5,1,0,1,1,0,0,0,0,0,0,0,1,0,1,0,0,0,1,0,0,1,0,0,1,0,0,0,1,0,6440-DKQGE
0,15,69.5,1071.4,0,0.06486839649057308,6,1,1,1,1,0,0,0,0,0,0,0,1,0,1,0,1,0,0,0,1,0,0,1,0,0,1,1,0,0,3466-BYAVD
0,8,68.55,564.35,0,0.12146717462567555,5,0,1,1,1,0,0,0,0,0,0,0,0,0,0,0,1,0,1,0,1,0,0,1,0,1,0,0,0,0,3780-YVMFA
0,7,95.0,655.5,1,0.14492753623188406,5,1,0,0,1,0,1,1,0,0,0,0,0,0,0,0,0,0,1,0,1,0,0,0,0,0,1,0,0,0,3874-EQOEP
0,70,108.15,7930.55,0,0.013637137399045464,8,0,1,1,1,0,1,1,0,0,1,0,1,0,1,0,0,0,1,0,1,1,0,1,1,0,0,0,0,1,1679-JRFBR
0,62,86.1,5215.25,0,0.016509275681894444,8,1,1,1,1,0,0,0,0,0,1,0,1,0,1,0,1,0,1,0,1,0,1,0,0,1,0,0,0,1,9073-ZZIAY
0,6,19.7,113.5,0,0.173568281938326,1,0,1,1,1,0,0,0,1,1,0,1,0,1,0,1,0,1,0,1,0,0,0,0,0,0,1,0,0,0,3077-RSNTJ
0,14,80.9,1152.8,0,0.07017696044413603,3,0,1,1,1,0,0,1,0,0,0,0,0,0,0,0,0,0,0,0,1,0,0,1,0,0,0,1,0,0,6551-GNYDG
0,22,84.15,1821.95,0,0.046186777902796454,4,0,0,0,1,0,1,1,0,0,0,0,0,0,0,0,0,0,1,0,0,0,0,1,0,0,0,1,0,0,9167-APMXZ
0,22,20.15,419.9,0,0.047987616099071206,1,1,1,1,1,0,0,0,1,1,0,1,0,1,0,1,0,1,0,1,0,1,0,0,0,0,1,1,0,0,2749-CTKAJ
0,16,64.25,1024.0,0,0.062744140625,5,1,1,1,1,0,0,0,0,0,1,0,0,0,1,0,0,0,1,0,0,0,1,0,0,0,1,1,0,0,6371-NZYEG
0,10,25.7,251.6,0,0.10214626391096979,2,1,0,0,1,0,1,0,1,1,0,1,0,1,0,1,0,1,0,1,0,0,1,0,0,0,0,0,0,0,7554-NEWDD
0,13,56.0,764.55,0,0.07324570008501734,4,0,0,1,1,0,0,0,0,0,1,0,1,0,0,0,0,0,0,0,0,0,0,1,0,1,0,1,0,0,8992-VONJD
0,20,82.4,1592.35,1,0.05174741733915283,4,0,1,0,1,0,1,1,0,0,1,0,0,0,0,0,0,0,0,0,0,0,0,0,0,1,0,1,0,0,0867-MKZVY
0,2,69.7,135.2,0,0.5155325443786983,2,0,0,0,1,0,0,1,0,0,0,0,0,0,0,0,0,0,0,0,0,0,0,1,0,1,0,0,0,0,4482-EWFMI
0,53,73.9,3958.25,0,0.01866986673403651,7,1,0,0,1,0,1,0,0,0,0,0,1,0,1,0,1,0,0,0,1,0,1,1,0,0,0,0,0,1,4648-YPBTM
0,11,20.6,233.9,0,0.08807182556648141,1,0,1,1,1,0,0,0,1,1,0,1,0,1,0,1,0,1,0,1,0,1,0,0,0,0,1,0,0,0,2907-ILJBN
0,69,19.9,1363.45,0,0.014595328028163847,1,1,1,0,1,0,0,0,1,1,0,1,0,1,0,1,0,1,0,1,0,0,1,0,0,0,1,0,0,1,6345-FZOQH
0,4,70.9,273.0,1,0.25970695970695973,2,0,0,0,1,0,0,1,0,0,0,0,0,0,0,0,0,0,0,0,0,0,0,1,0,0,0,0,0,0,3376-BMGFE
0,72,89.05,6254.45,0,0.01423786264179904,9,1,1,0,1,0,1,0,0,0,1,0,1,0,1,0,1,0,1,0,1,0,1,1,0,0,0,0,0,1,5997-OPVFA
1,58,45.3,2651.2,1,0.017086602293301147,4,1,1,0,0,1,0,0,0,0,0,0,1,0,1,0,0,0,0,0,1,0,0,1,0,1,0,0,0,1,3445-HXXGF
0,16,20.4,321.4,0,0.06347230864965775,1,0,1,1,1,0,0,0,1,1,0,1,0,1,0,1,0,1,0,1,0,0,0,0,0,1,0,1,0,0,1159-WFSGR
0,43,84.25,3539.25,0,0.023804478349932896,5,1,1,0,1,0,0,1,0,0,1,0,0,0,1,0,1,0,0,0,0,1,0,1,0,0,0,0,1,0,7654-YWJUF
0,2,104.4,242.8,1,0.4299835255354201,7,0,1,0,1,0,1,1,0,0,0,0,0,0,1,0,1,0,1,0,1,0,0,1,0,1,0,0,0,0,1875-QIVME
0,14,81.95,1181.75,0,0.06934630844087158,7,1,1,0,1,0,0,0,0,0,0,0,1,0,1,0,1,0,1,0,1,0,1,0,0,0,1,1,0,0,6727-IOTLZ
0,53,94.85,5000.2,1,0.018969241230350785,5,0,1,0,1,0,0,1,0,0,0,0,0,0,1,0,0,0,1,0,1,1,0,1,0,0,0,0,0,1,0691-JVSYA
0,32,20.55,654.55,0,0.03139561530822703,1,0,0,0,1,0,0,0,1,1,0,1,0,1,0,1,0,1,0,1,0,1,0,0,0,0,0,0,1,0,5918-VUKWP
0,34,24.7,780.2,0,0.03165854908997692,2,0,1,0,1,0,1,0,1,1,0,1,0,1,0,1,0,1,0,1,0,0,0,0,0,1,0,0,1,0,1744-JHKYS
1,15,74.45,1145.7,1,0.06498210700881557,3,0,0,0,1,0,1,1,0,0,0,0,0,0,0,0,0,0,0,0,0,0,0,1,0,0,1,1,0,0,2656-FMOKZ
1,7,76.45,503.6,1,0.15180698967434472,3,0,0,0,1,0,0,1,0,0,1,0,0,0,0,0,0,0,0,0,0,0,0,0,0,0,0,0,0,0,2070-FNEXE
0,15,105.35,1559.25,0,0.06756453423120089,7,0,1,1,1,0,1,1,0,0,0,0,1,0,1,0,0,0,1,0,1,0,0,1,0,0,0,1,0,0,5947-SGKCL
0,61,20.55,1252.0,0,0.01641373801916933,1,1,1,0,1,0,0,0,1,1,0,1,0,1,0,1,0,1,0,1,0,1,0,1,1,0,0,0,0,1,3712-PKXZA
0,1,29.95,29.95,1,1.0,2,0,0,0,0,1,0,0,0,0,0,0,1,0,0,0,0,0,0,0,0,0,0,0,0,0,0,0,0,0,6317-YPKDH
0,1,45.3,45.3,0,1.0,2,0,0,0,1,0,0,0,0,0,0,0,0,0,0,0,0,0,0,0,0,0,0,0,0,0,1,0,0,0,6582-OIVSP
0,8,84.5,662.65,1,0.12751829774390705,4,1,0,0,1,0,1,1,0,0,0,0,0,0,0,0,0,0,0,0,1,0,0,0,0,0,0,0,0,0,9367-WXLCH
0,33,74.75,2453.3,0,0.03046916398320629,6,1,1,1,1,0,0,0,0,0,1,0,0,0,1,0,0,0,1,0,1,1,0,0,1,0,0,0,1,0,5524-KHNJP
0,13,79.25,1111.65,1,0.07129042414429002,4,0,0,0,1,0,0,1,0,0,0,0,1,0,1,0,0,0,0,0,0,0,0,1,0,1,0,1,0,0,1918-ZBFQJ
0,1,24.8,24.8,1,1.0,1,0,1,0,0,1,0,0,0,0,0,0,0,0,0,0,0,0,0,0,0,0,0,1,0,1,0,0,0,0,1024-GUALD
0,20,51.8,1023.85,0,0.05059334863505396,3,1,0,0,1,0,0,0,0,0,0,0,1,0,0,0,0,0,0,0,0,0,0,1,0,0,1,1,0,0,4827-USJHP
0,3,30.4,82.15,0,0.3700547778454047,2,1,0,0,0,1,0,0,0,0,0,0,0,0,0,0,1,0,0,0,0,0,0,0,0,1,0,0,0,0,8167-GJLRN
0,13,19.65,244.8,0,0.08026960784313725,1,0,0,0,1,0,0,0,1,1,0,1,0,1,0,1,0,1,0,1,0,1,0,0,0,1,0,1,0,0,0956-SYCWG
0,40,56.6,2379.1,0,0.023790509016014462,4,0,1,0,1,0,1,0,0,0,0,0,1,0,0,0,0,0,0,0,0,0,0,0,1,0,0,0,1,0,8017-UVSZU
0,43,71.9,3173.35,0,0.022657444026029278,6,1,1,1,1,0,1,0,0,0,1,0,0,0,0,0,1,0,0,0,1,1,0,1,1,0,0,0,1,0,7100-FQPRV
0,6,91.0,531.0,1,0.1713747645951036,5,1,1,0,1,0,0,1,0,0,0,0,1,0,1,0,0,0,0,0,1,0,0,1,0,1,0,0,0,0,2472-OVKUP
0,69,19.75,1375.4,0,0.014359459066453395,1,0,1,1,1,0,0,0,1,1,0,1,0,1,0,1,0,1,0,1,0,0,1,0,0,0,0,0,0,1,2984-RGEYA
0,72,109.7,8129.3,0,0.013494396811533589,8,0,1,1,1,0,1,1,0,0,1,0,1,0,1,0,0,0,1,0,1,0,1,0,1,0,0,0,0,1,9680-NIAUV
0,59,19.3,1192.7,0,0.016181772449065147,1,1,1,1,1,0,0,0,1,1,0,1,0,1,0,1,0,1,0,1,0,0,1,0,1,0,0,0,0,1,2146-EGVDT
0,20,96.55,1901.65,0,0.0507716982620356,6,0,1,0,1,0,0,1,0,0,1,0,1,0,0,0,1,0,1,0,0,0,0,1,0,1,0,1,0,0,2604-IJPDU
0,24,24.1,587.4,0,0.04102826012938373,2,1,1,1,1,0,1,0,1,1,0,1,0,1,0,1,0,1,0,1,0,0,1,1,0,0,0,1,0,0,9178-JHUVJ
0,59,111.35,6519.75,0,0.017078875723762415,8,1,0,0,1,0,1,1,0,0,0,0,1,0,1,0,1,0,1,0,1,0,0,1,0,1,0,0,0,1,6168-YBYNP
0,72,112.25,8041.65,0,0.013958578152493581,8,1,1,1,1,0,1,1,0,0,0,0,1,0,1,0,1,0,1,0,1,0,1,1,0,0,0,0,0,1,7255-SSFBC
0,1,20.75,20.75,0,1.0,1,1,0,1,1,0,0,0,1,1,0,1,0,1,0,1,0,1,0,1,0,0,0,0,0,0,1,0,0,0,3645-DEYGF
0,27,101.9,2681.15,0,0.0380060794808198,6,0,1,0,1,0,0,1,0,0,1,0,0,0,0,0,1,0,1,0,1,1,0,1,1,0,0,0,1,0,9323-HGFWY
0,14,80.05,1112.3,0,0.07196799424615662,4,0,0,0,1,0,0,1,0,0,0,0,1,0,0,0,1,0,0,0,0,0,0,1,1,0,0,1,0,0,8544-GOQSH
0,71,105.55,7405.5,0,0.014252920126932685,7,1,1,1,1,0,1,1,0,0,1,0,0,0,1,0,0,0,1,0,1,0,1,0,0,1,0,0,0,1,3363-DTIVD
0,13,78.3,1033.95,0,0.07572900043522414,3,1,0,1,1,0,0,1,0,0,0,0,0,0,0,0,0,0,1,0,0,0,0,1,1,0,0,1,0,0,7018-WBJNK
0,44,68.85,2958.95,0,0.023268389124520523,2,1,0,0,1,0,0,1,0,0,0,0,0,0,0,0,0,0,0,0,0,0,0,0,1,0,0,0,1,0,9142-KZXOP
0,33,79.95,2684.85,0,0.029778199899435726,4,0,0,0,1,0,0,1,0,0,0,0,1,0,0,0,1,0,0,0,0,1,0,1,0,0,0,0,1,0,7674-YTAFD
0,72,55.45,4179.2,0,0.013268089586523738,6,1,1,1,0,1,0,0,0,0,1,0,1,0,1,0,1,0,0,0,1,0,1,1,1,0,0,0,0,1,6348-SNFUS
0,1,79.9,79.9,1,1.0,3,1,0,0,1,0,0,1,0,0,0,0,0,0,0,0,0,0,0,0,1,0,0,0,0,1,0,0,0,0,1285-OKIPP
0,19,106.6,1934.45,1,0.05510610250975729,7,0,0,0,1,0,0,1,0,0,1,0,0,0,1,0,1,0,1,0,1,0,0,1,0,1,0,1,0,0,7825-ECJRF
0,64,102.45,6654.1,0,0.015396522444808464,7,1,1,0,1,0,0,1,0,0,0,0,1,0,1,0,1,0,1,0,1,1,0,1,1,0,0,0,0,1,1347-KTTTA
0,2,46.0,84.5,1,0.5443786982248521,2,1,0,0,1,0,0,0,0,0,0,0,0,0,0,0,0,0,0,0,0,0,0,1,1,0,0,0,0,0,7841-TZDMQ
0,1,25.25,25.25,0,1.0,1,0,0,0,0,1,0,0,0,0,0,0,0,0,0,0,0,0,0,0,0,0,0,0,0,1,0,0,0,0,4195-NZGTA
0,61,19.75,1124.2,0,0.017568048389966198,1,1,0,1,1,0,0,0,1,1,0,1,0,1,0,1,0,1,0,1,0,0,1,0,0,0,1,0,0,1,7157-SMCFK
0,29,20.0,540.05,0,0.03703360799925933,1,0,1,1,1,0,0,0,1,1,0,1,0,1,0,1,0,1,0,1,0,1,0,0,0,1,0,0,1,0,4709-LKHYG
1,23,86.8,1975.85,0,0.04393046030822178,4,1,1,0,1,0,1,1,0,0,0,0,0,0,0,0,0,0,0,0,1,0,0,0,0,1,0,1,0,0,2504-DSHIH
0,57,58.75,3437.45,0,0.017091157689566396,6,0,1,0,0,1,0,0,0,0,1,0,1,0,1,0,0,0,1,0,1,0,0,1,0,0,0,0,0,1,0699-NDKJM
0,72,45.25,3139.8,0,0.01441174597108096,5,1,1,1,0,1,0,0,0,0,1,0,1,0,1,0,1,0,0,0,0,0,1,0,1,0,0,0,0,1,9286-BHDQG
0,66,56.6,3789.2,0,0.014937189908160035,6,1,1,0,0,1,0,0,0,0,1,0,1,0,1,0,1,0,1,0,0,0,1,1,0,0,0,0,0,1,0230-WEQUW
0,65,84.2,5324.5,0,0.015813691426425018,8,1,1,1,1,0,1,0,0,0,0,0,1,0,1,0,1,0,1,0,1,0,1,1,0,0,0,0,0,1,2040-LDIWQ
0,8,80.0,624.6,0,0.1280819724623759,3,0,0,0,1,0,0,1,0,0,0,0,0,0,0,0,0,0,1,0,0,0,0,1,0,0,0,0,0,0,6496-JDSSB
0,4,70.15,268.35,1,0.26141233463760016,2,0,0,0,1,0,0,1,0,0,0,0,0,0,0,0,0,0,0,0,0,0,0,1,0,1,0,0,0,0,9408-SSNVZ
0,71,24.75,1836.9,0,0.013473787359137677,2,0,1,0,1,0,1,0,1,1,0,1,0,1,0,1,0,1,0,1,0,0,1,0,0,0,0,0,0,1,4443-EMBNA
0,1,20.2,20.2,0,1.0,1,1,1,1,1,0,0,0,1,1,0,1,0,1,0,1,0,1,0,1,0,1,0,1,0,1,0,0,0,0,6469-MRVET
0,4,50.05,179.35,1,0.27906328408140507,3,1,1,0,1,0,0,0,0,0,0,0,0,0,0,0,1,0,0,0,0,0,0,0,0,0,1,0,0,0,0742-MOABM
0,12,19.35,219.35,0,0.08821518121723274,1,0,0,0,1,0,0,0,1,1,0,1,0,1,0,1,0,1,0,1,0,1,0,1,0,0,0,0,0,0,5961-VUSRV
0,24,50.6,1288.75,0,0.03926285160038798,4,1,0,0,0,1,0,0,0,0,1,0,0,0,0,0,0,0,1,0,1,1,0,1,0,0,1,1,0,0,6778-JFCMK
0,31,81.15,2545.75,0,0.03187665717372091,7,0,1,1,1,0,0,0,0,0,1,0,0,0,1,0,1,0,1,0,1,1,0,1,0,0,1,0,1,0,6341-JVQGF
0,1,55.2,55.2,1,1.0,3,0,1,0,1,0,0,0,0,0,0,0,0,0,0,0,0,0,1,0,0,0,0,0,0,0,1,0,0,0,2232-DMLXU
0,30,89.9,2723.15,0,0.033013238345298644,5,1,0,0,1,0,1,1,0,0,0,0,0,0,0,0,1,0,0,0,1,0,0,1,1,0,0,0,1,0,4811-JBUVU
0,47,85.3,4107.25,0,0.02076815387424676,8,0,1,1,1,0,1,0,0,0,1,0,1,0,0,0,1,0,1,0,1,0,1,1,1,0,0,0,1,0,0945-TSONX
0,54,108.0,5760.65,0,0.018747884353328186,8,1,0,0,1,0,1,1,0,0,1,0,1,0,0,0,1,0,1,0,1,0,1,1,1,0,0,0,0,1,2651-ZCBXV
0,50,93.5,4747.5,0,0.01969457609268036,6,1,0,0,1,0,0,1,0,0,1,0,1,0,0,0,1,0,0,0,1,0,0,1,1,0,0,0,0,1,3316-UWXUY
0,1,84.6,84.6,1,1.0,4,1,0,0,1,0,0,1,0,0,1,0,0,0,0,0,0,0,0,0,1,0,0,1,0,0,1,0,0,0,8937-RDTHP
0,72,20.25,1566.9,0,0.01292360712234348,1,0,0,0,1,0,0,0,1,1,0,1,0,1,0,1,0,1,0,1,0,0,1,0,1,0,0,0,0,1,7083-MIOPC
0,29,25.15,702.0,0,0.035826210826210826,2,0,0,0,1,0,1,0,1,1,0,1,0,1,0,1,0,1,0,1,0,0,0,0,0,1,0,0,1,0,1984-GPTEH
0,2,54.4,114.1,1,0.476774758983348,4,1,0,0,1,0,1,0,0,0,0,0,1,0,0,0,0,0,0,0,0,0,0,1,0,0,1,0,0,0,1251-KRREG
0,10,29.6,299.05,0,0.09898010366159506,2,0,0,0,0,1,0,0,0,0,0,0,0,0,0,0,1,0,0,0,0,0,1,1,0,0,1,0,0,0,0621-JFHOL
0,18,73.15,1305.95,0,0.05601286419847621,3,1,1,0,1,0,1,1,0,0,0,0,0,0,0,0,0,0,0,0,0,0,0,1,0,1,0,1,0,0,9903-LYSAB
1,11,95.0,1120.3,1,0.08479871463000982,5,0,0,0,1,0,0,1,0,0,0,0,1,0,0,0,0,0,1,0,1,0,0,1,0,1,0,0,0,0,0094-OIFMO
0,16,19.75,284.35,0,0.0694566555301565,1,1,0,0,1,0,0,0,1,1,0,1,0,1,0,1,0,1,0,1,0,0,1,0,0,0,1,1,0,0,9227-UAQFT
0,72,86.6,6350.5,0,0.013636721517990709,8,0,0,0,1,0,1,0,0,0,0,0,1,0,1,0,1,0,1,0,1,0,1,0,0,0,0,0,0,1,7301-ABVAD
0,72,109.2,7878.3,0,0.013860858306995164,8,1,0,0,1,0,1,1,0,0,0,0,1,0,1,0,1,0,1,0,1,0,1,0,0,0,0,0,0,1,6614-FHDBO
0,41,74.7,3187.65,0,0.023434191332172605,6,0,1,1,1,0,0,0,0,0,1,0,0,0,0,0,1,0,1,0,1,1,0,1,1,0,0,0,1,0,7576-ASEJU
1,65,94.4,6126.15,0,0.015409351713555824,6,0,1,0,1,0,0,1,0,0,1,0,1,0,1,0,0,0,0,0,1,0,0,0,0,1,0,0,0,1,9058-HRZSV
1,13,54.8,731.3,0,0.07493504717626145,4,0,0,0,1,0,0,0,0,0,0,0,1,0,1,0,0,0,0,0,0,0,0,1,0,1,0,1,0,0,4522-AKYLR
1,4,75.35,273.4,0,0.27560351133869787,3,1,0,0,1,0,0,1,0,0,1,0,0,0,0,0,0,0,0,0,0,0,0,0,0,1,0,0,0,0,0221-WMXNQ
0,41,65.0,2531.8,0,0.025673433920530845,5,1,0,0,1,0,1,0,0,0,0,0,0,0,1,0,0,0,0,0,1,1,0,0,0,0,1,0,1,0,0303-UNCIP
1,15,74.4,1074.3,1,0.06925439821278973,3,1,0,0,1,0,0,1,0,0,0,0,1,0,0,0,0,0,0,0,0,0,0,1,0,1,0,1,0,0,9947-OTFQU
0,1,48.55,48.55,1,1.0,3,1,0,0,1,0,0,0,0,0,1,0,0,0,0,0,0,0,0,0,0,0,0,1,0,0,1,0,0,0,0322-YINQP
0,42,99.0,4298.45,0,0.02303155788714537,7,1,0,0,1,0,1,1,0,0,1,0,1,0,1,0,0,0,0,0,1,1,0,1,0,1,0,0,1,0,0959-WHOKV
0,51,93.5,4619.55,0,0.020240066673160806,6,0,1,0,1,0,0,1,0,0,1,0,1,0,1,0,0,0,1,0,0,1,0,1,0,1,0,0,0,1,4075-JFPGR
0,2,70.4,147.15,1,0.4784233775059463,2,0,1,1,1,0,0,1,0,0,0,0,0,0,0,0,0,0,0,0,0,0,0,0,0,1,0,0,0,0,4629-NRXKX
1,1,40.2,40.2,1,1.0,3,1,1,0,0,1,0,0,0,0,0,0,1,0,0,0,0,0,1,0,0,0,0,0,0,1,0,0,0,0,9514-JDSKI
0,32,83.7,2633.3,0,0.03178521247104393,8,1,0,1,1,0,1,0,0,0,0,0,1,0,1,0,1,0,1,0,1,1,0,0,1,0,0,0,1,0,3282-ZISZV
0,10,19.85,193.05,0,0.10282310282310282,1,1,0,0,1,0,0,0,1,1,0,1,0,1,0,1,0,1,0,1,0,0,0,1,0,0,1,0,0,0,3675-YDUPJ
0,67,59.55,4103.9,0,0.014510587489948585,6,0,1,1,0,1,0,0,0,0,0,0,1,0,1,0,1,0,1,0,1,0,1,1,0,1,0,0,0,1,4111-BNXIF
0,61,115.1,7008.15,0,0.016423735222562304,9,0,1,1,1,0,1,1,0,0,1,0,1,0,1,0,1,0,1,0,1,0,1,0,1,0,0,0,0,1,7017-VFHAY
0,50,114.35,5791.1,0,0.019745816856901105,9,1,0,0,1,0,1,1,0,0,1,0,1,0,1,0,1,0,1,0,1,1,0,0,1,0,0,0,0,1,6655-LHBYW
0,2,44.6,80.55,1,0.553693358162632,2,0,1,0,1,0,0,0,0,0,0,0,0,0,0,0,0,0,0,0,0,0,0,1,1,0,0,0,0,0,4959-JOSRX
1,29,45.0,1228.65,0,0.036625564644121596,4,0,1,0,0,1,0,0,0,0,1,0,0,0,1,0,0,0,0,0,1,0,0,1,0,1,0,0,1,0,5046-NUHWD
1,3,41.15,132.2,1,0.3112708018154312,3,1,0,0,0,1,0,0,0,0,0,0,0,0,1,0,0,0,0,0,1,0,0,1,0,1,0,0,0,0,7273-TEFQD
1,13,106.9,1364.3,1,0.07835520046910505,7,1,0,0,1,0,1,1,0,0,0,0,1,0,1,0,0,0,1,0,1,0,0,1,0,1,0,1,0,0,3606-TWKGI
1,57,89.85,4925.35,0,0.018242358411077384,5,1,1,0,1,0,1,1,0,0,0,0,1,0,0,0,0,0,0,0,1,0,0,1,0,1,0,0,0,1,7529-ZDFXI
0,31,49.85,1520.1,0,0.03279389513847773,5,0,0,0,0,1,0,0,0,0,1,0,1,0,0,0,1,0,0,0,1,0,1,1,0,0,0,0,1,0,7605-BDWDC
0,45,113.3,5032.25,0,0.02251477967112127,9,0,1,0,1,0,1,1,0,0,1,0,1,0,1,0,1,0,1,0,1,1,0,0,0,0,1,0,1,0,1950-KSVVJ
0,61,88.1,5526.75,0,0.015940652282082596,9,0,1,1,1,0,1,0,0,0,1,0,1,0,1,0,1,0,1,0,1,0,1,0,0,0,1,0,0,1,0123-CRBRT
0,50,24.9,1195.25,0,0.02083246182806944,2,1,0,0,1,0,1,0,1,1,0,1,0,1,0,1,0,1,0,1,0,0,1,0,0,0,0,0,0,1,6292-TOSSS
1,19,105.0,2007.25,0,0.05231037489102005,7,0,0,0,1,0,0,1,0,0,1,0,1,0,0,0,1,0,1,0,1,0,0,1,0,0,1,1,0,0,3197-ARFOY
0,59,19.35,1099.6,1,0.017597308112040744,1,1,0,0,1,0,0,0,1,1,0,1,0,1,0,1,0,1,0,1,0,0,1,0,0,0,1,0,0,1,6323-AYBRX
0,71,24.25,1732.95,0,0.01399347932715889,2,0,1,0,1,0,1,0,1,1,0,1,0,1,0,1,0,1,0,1,0,0,1,1,1,0,0,0,0,1,7014-ZZXAW
1,16,94.45,1511.2,1,0.0625,5,0,0,0,1,0,0,1,0,0,0,0,0,0,0,0,1,0,1,0,1,0,0,1,0,1,0,1,0,0,4385-GZQXV
0,57,59.75,3450.15,0,0.017318087619378867,5,1,1,0,1,0,0,0,0,0,1,0,1,0,0,0,1,0,0,0,0,0,1,1,0,1,0,0,0,1,7633-MVPUY
0,1,24.8,24.8,1,1.0,1,1,0,0,0,1,0,0,0,0,0,0,0,0,0,0,0,0,0,0,0,0,0,0,0,0,0,0,0,0,6366-ZGQGL
1,20,107.05,2172.05,0,0.049285237448493356,7,1,1,0,1,0,1,1,0,0,0,0,1,0,0,0,1,0,1,0,1,0,0,0,0,1,0,1,0,0,4716-HHKQH
0,1,70.6,70.6,1,1.0,2,1,0,0,1,0,0,1,0,0,0,0,0,0,0,0,0,0,0,0,0,0,0,0,0,0,1,0,0,0,5940-AHUHD
0,5,85.4,401.1,1,0.21291448516579406,5,1,1,0,1,0,1,1,0,0,0,0,1,0,0,0,1,0,0,0,0,0,0,1,0,1,0,0,0,0,6432-TWQLB
0,52,105.05,5624.85,1,0.01867605358365112,7,0,1,0,1,0,1,1,0,0,0,0,1,0,1,0,0,0,1,0,1,0,0,1,0,1,0,0,0,1,4484-GLZOU
1,21,64.95,1339.8,0,0.04847738468428124,5,1,1,0,1,0,0,0,0,0,1,0,1,0,0,0,0,0,0,0,1,0,0,1,0,0,0,1,0,0,3179-GBRWV
0,14,55.0,771.95,0,0.07124813783276118,5,1,0,0,0,1,0,0,0,0,0,0,0,0,1,0,1,0,1,0,1,0,0,1,0,1,0,1,0,0,8645-KWHJO
0,5,50.55,244.75,0,0.2065372829417773,3,0,0,0,1,0,0,0,0,0,0,0,1,0,0,0,0,0,0,0,0,0,0,0,0,0,0,0,0,0,4130-MZLCC
0,6,55.15,322.9,0,0.1707959120470734,4,0,0,0,1,0,0,0,0,0,1,0,1,0,0,0,0,0,0,0,0,0,0,0,0,0,1,0,0,0,0314-TKOSI
0,10,51.2,498.25,0,0.10275965880582037,3,0,0,0,1,0,0,0,0,0,0,0,1,0,0,0,0,0,0,0,0,0,0,0,0,1,0,0,0,0,8229-MYEJZ
0,1,25.4,25.4,0,1.0,2,0,0,1,1,0,1,0,1,1,0,1,0,1,0,1,0,1,0,1,0,0,0,0,0,0,1,0,0,0,2080-SRCDE
0,68,54.45,3687.75,0,0.014765100671140941,4,0,0,0,1,0,1,0,0,0,1,0,0,0,0,0,0,0,0,0,0,0,0,0,0,0,1,0,0,1,9577-WJVCQ
0,18,95.15,1779.95,1,0.053456557768476645,5,1,1,1,1,0,0,1,0,0,0,0,0,0,1,0,0,0,1,0,1,0,0,0,0,0,1,1,0,0,9512-UIBFX
0,22,76.0,1783.6,0,0.042610450773716085,3,0,0,0,1,0,1,1,0,0,0,0,0,0,0,0,0,0,0,0,0,1,0,1,1,0,0,1,0,0,6202-DYYFX
0,20,44.35,927.15,0,0.04783476244404897,2,0,0,0,1,0,0,0,0,0,0,0,0,0,0,0,0,0,0,0,0,0,0,1,0,1,0,1,0,0,3808-HFKDE
0,1,70.0,70.0,1,1.0,2,1,1,0,1,0,0,1,0,0,0,0,0,0,0,0,0,0,0,0,0,0,0,0,0,1,0,0,0,0,5583-SXDAG
1,8,74.5,606.55,1,0.1228258181518424,3,1,0,0,1,0,0,1,0,0,0,0,1,0,0,0,0,0,0,0,0,0,0,1,0,1,0,0,0,0,3488-PGMQJ
0,10,44.85,435.4,1,0.10300872760679836,2,1,0,0,1,0,0,0,0,0,0,0,0,0,0,0,0,0,0,0,0,0,0,1,1,0,0,0,0,0,3580-REOAC
1,24,76.1,1712.7,1,0.04443276697611957,3,1,0,0,1,0,1,1,0,0,0,0,0,0,0,0,0,0,0,0,0,0,0,1,0,1,0,1,0,0,7534-BFESC
0,35,61.2,2021.2,0,0.030279042153176332,5,1,0,0,1,0,0,0,0,0,1,0,1,0,1,0,0,0,0,0,0,1,0,0,0,0,1,0,1,0,3727-OWVYD
0,23,86.8,1940.8,0,0.04472382522671063,5,1,1,1,1,0,0,1,0,0,0,0,1,0,1,0,1,0,0,0,0,1,0,0,0,0,1,1,0,0,2294-SALNE
1,6,89.35,567.8,0,0.1573617470940472,4,0,0,0,1,0,0,1,0,0,0,0,0,0,0,0,0,0,1,0,1,0,0,1,0,1,0,0,0,0,4847-TAJYI
0,12,19.7,220.35,0,0.08940322214658497,1,0,0,0,1,0,0,0,1,1,0,1,0,1,0,1,0,1,0,1,0,0,0,0,0,0,1,0,0,0,1563-IWQEX
0,1,20.25,20.25,0,1.0,1,1,0,0,1,0,0,0,1,1,0,1,0,1,0,1,0,1,0,1,0,0,0,0,0,0,1,0,0,0,8203-XJZRC
0,71,76.05,5436.45,0,0.013988908202963331,3,0,1,1,1,0,0,1,0,0,0,0,0,0,1,0,0,0,0,0,0,0,1,0,0,1,0,0,0,1,6556-DBKZF
1,35,100.8,3437.5,0,0.029323636363636364,6,1,1,0,1,0,1,1,0,0,0,0,0,0,1,0,0,0,1,0,1,0,0,1,0,1,0,0,1,0,6851-WEFYX
0,40,74.55,3015.75,0,0.02472021885103208,6,1,1,1,1,0,1,0,0,0,0,0,0,0,1,0,0,0,1,0,1,0,0,1,0,1,0,0,1,0,2985-JUUBZ
0,1,73.6,73.6,1,1.0,3,0,0,1,1,0,0,1,0,0,1,0,0,0,0,0,0,0,0,0,0,0,0,1,0,0,1,0,0,0,6390-DSAZX
0,23,64.9,1509.8,0,0.04298582593721023,4,1,0,0,1,0,0,0,0,0,0,0,0,0,0,0,0,0,1,0,1,1,0,1,0,0,0,1,0,0,0895-LMRSF
1,4,95.45,396.1,1,0.24097450138853824,5,0,0,0,1,0,1,1,0,0,0,0,0,0,0,0,0,0,1,0,1,0,0,1,0,1,0,0,0,0,8098-LLAZX
0,4,90.4,356.65,0,0.2534697883078649,5,1,0,0,1,0,0,1,0,0,0,0,0,0,1,0,1,0,0,0,1,0,0,1,0,1,0,0,0,0,8266-VBFQL
0,68,60.3,4109.0,0,0.014675103431491846,6,0,1,1,0,1,0,0,0,0,0,0,1,0,1,0,1,0,1,0,1,0,1,0,1,0,0,0,0,1,8181-YHCMF
0,38,81.85,3141.7,0,0.026052773975872936,4,1,0,1,1,0,1,1,0,0,0,0,1,0,0,0,0,0,0,0,0,0,0,1,0,0,1,0,1,0,2240-HSJQD
0,52,24.8,1229.1,0,0.020177365552029942,2,1,1,1,1,0,1,0,1,1,0,1,0,1,0,1,0,1,0,1,0,0,1,0,0,0,1,0,0,1,1248-DYXUB
1,32,74.9,2303.35,1,0.03251785442941803,3,1,1,0,1,0,1,1,0,0,0,0,0,0,0,0,0,0,0,0,0,0,0,1,0,1,0,0,1,0,0265-EDXBD
0,29,75.55,2054.4,0,0.036774727414330216,6,1,1,1,1,0,0,0,0,0,0,0,0,0,1,0,1,0,1,0,1,0,1,0,0,0,1,0,1,0,4115-BNPJY
1,38,101.15,3741.85,0,0.027032083060518197,6,1,1,1,1,0,1,1,0,0,0,0,1,0,0,0,0,0,1,0,1,0,0,0,0,1,0,0,1,0,3167-SNQPL
0,48,78.75,3682.45,0,0.021385219079688794,7,1,0,1,1,0,1,0,0,0,1,0,0,0,1,0,0,0,1,0,1,1,0,1,1,0,0,0,1,0,4091-TVOCN
0,1,19.25,19.25,0,1.0,1,0,0,0,1,0,0,0,1,1,0,1,0,1,0,1,0,1,0,1,0,0,0,1,0,0,0,0,0,0,1098-TDVUQ
0,22,89.05,1886.25,0,0.047210072895957585,5,0,0,0,1,0,0,1,0,0,1,0,0,0,0,0,1,0,0,0,1,0,0,1,0,1,0,1,0,0,7277-OZCGZ
0,43,115.05,4895.1,0,0.023503094931666357,9,0,0,0,1,0,1,1,0,0,1,0,1,0,1,0,1,0,1,0,1,0,1,0,1,0,0,0,1,0,1557-EMYVT
1,5,69.35,341.6,0,0.20301522248243556,2,0,1,0,1,0,0,1,0,0,0,0,0,0,0,0,0,0,0,0,0,0,0,1,0,1,0,0,0,0,2799-ARNLO
0,5,80.6,415.55,1,0.19395981229695583,3,1,0,0,1,0,0,1,0,0,0,0,0,0,0,0,0,0,1,0,0,0,0,1,0,1,0,0,0,0,7563-BIUPC
0,51,110.05,5686.4,0,0.019353193584693305,8,1,1,1,1,0,1,1,0,0,1,0,1,0,0,0,1,0,1,0,1,1,0,0,1,0,0,0,0,1,5027-YOCXN
0,71,19.9,1355.1,0,0.014685263080215482,1,1,0,0,1,0,0,0,1,1,0,1,0,1,0,1,0,1,0,1,0,0,1,1,1,0,0,0,0,1,3973-SKMLN
0,38,80.3,3058.65,1,0.02625341245320648,7,0,1,1,1,0,0,0,0,0,1,0,1,0,0,0,1,0,1,0,1,1,0,0,1,0,0,0,1,0,2321-OMBXY
1,24,93.15,2231.05,1,0.041751641603729184,5,1,1,0,1,0,0,1,0,0,0,0,0,0,1,0,0,0,1,0,1,0,0,1,0,1,0,1,0,0,2840-XANRC
0,35,91.5,3236.35,0,0.028272591036198187,5,1,1,0,1,0,1,1,0,0,0,0,0,0,0,0,1,0,1,0,0,0,0,1,1,0,0,0,1,0,6745-JEFZB
1,54,82.45,4350.1,1,0.018953587273855772,8,0,0,0,1,0,1,0,0,0,1,0,1,0,0,0,1,0,1,0,1,1,0,0,0,0,0,0,0,1,5020-ZSTTY
0,72,60.0,4264.0,0,0.014071294559099437,6,0,1,1,0,1,0,0,0,0,0,0,1,0,1,0,1,0,1,0,1,0,1,1,0,1,0,0,0,1,9880-TDQAC
0,1,44.8,44.8,0,1.0,2,1,0,0,1,0,0,0,0,0,0,0,0,0,0,0,0,0,0,0,0,0,0,1,0,1,0,0,0,0,8705-WZCYL
0,9,48.6,422.3,0,0.11508406346199385,3,0,1,1,1,0,0,0,0,0,1,0,0,0,0,0,0,0,0,0,0,1,0,0,0,0,1,0,0,0,7102-JJVTX
0,69,60.05,4176.7,0,0.014377379270716115,6,1,0,0,0,1,0,0,0,0,1,0,1,0,0,0,1,0,1,0,1,0,1,1,0,0,0,0,0,1,8626-PTQGE
0,52,102.7,5138.1,0,0.01998793328273097,7,0,1,0,1,0,1,1,0,0,0,0,1,0,0,0,1,0,1,0,1,0,0,1,1,0,0,0,0,1,4983-CLMLV
1,11,82.9,880.05,0,0.09419919322765753,4,0,1,0,1,0,0,1,0,0,0,0,0,0,0,0,1,0,1,0,0,0,0,1,0,1,0,0,0,0,5701-YVSVF
1,2,70.35,139.05,1,0.5059331175836029,2,0,0,0,1,0,0,1,0,0,0,0,0,0,0,0,0,0,0,0,0,0,0,1,0,1,0,0,0,0,5804-LEPIM
1,28,35.9,973.65,0,0.03687156575771581,2,0,1,1,0,1,0,0,0,0,0,0,0,0,0,0,0,0,1,0,0,0,0,1,0,1,0,0,1,0,5697-GOMBF
1,17,82.65,1470.05,0,0.05622257746335159,4,0,0,0,1,0,1,1,0,0,0,0,0,0,1,0,0,0,0,0,0,0,0,1,1,0,0,1,0,0,2739-CACDQ
0,35,19.85,739.35,0,0.02684790694528978,1,0,1,1,1,0,0,0,1,1,0,1,0,1,0,1,0,1,0,1,0,0,1,1,0,0,1,0,1,0,9385-EHGDO
0,8,19.2,161.95,0,0.11855510960172894,1,0,0,0,1,0,0,0,1,1,0,1,0,1,0,1,0,1,0,1,0,1,0,1,0,0,1,0,0,0,9498-FIMXL
0,46,94.9,4422.95,0,0.02145626787551295,6,1,0,0,1,0,1,1,0,0,0,0,1,0,1,0,0,0,1,0,0,1,0,1,1,0,0,0,1,0,2379-GYFLQ
0,7,73.85,511.25,1,0.14444987775061124,3,0,0,0,1,0,1,1,0,0,0,0,0,0,0,0,0,0,0,0,0,0,0,1,0,1,0,0,0,0,0122-OAHPZ
0,2,80.6,155.8,1,0.5173299101412066,4,0,0,0,1,0,1,1,0,0,0,0,0,0,1,0,0,0,0,0,0,0,0,0,0,0,1,0,0,0,2868-SNELZ
0,68,75.8,5293.95,1,0.014318231188432078,7,1,1,1,1,0,1,0,0,0,0,0,1,0,1,0,1,0,0,0,1,1,0,1,0,0,0,0,0,1,4322-RCYMT
0,43,104.6,4759.85,1,0.021975482420664515,7,0,0,0,1,0,1,1,0,0,0,0,1,0,1,0,0,0,1,0,1,0,1,1,0,1,0,0,1,0,6680-NENYN
0,68,88.15,6148.45,0,0.01433694671014646,9,0,0,0,1,0,1,0,0,0,1,0,1,0,1,0,1,0,1,0,1,0,1,1,0,1,0,0,0,1,2088-IEBAU
0,36,94.8,3565.65,0,0.026587017794791973,5,0,0,0,1,0,0,1,0,0,0,0,1,0,0,0,0,0,1,0,1,0,0,1,1,0,0,0,1,0,7982-VCELR
0,63,103.4,6603.0,1,0.0156595486899894,7,1,1,0,1,0,1,1,0,0,0,0,1,0,1,0,0,0,1,0,1,0,0,1,0,1,0,0,0,1,1343-EHPYB
1,32,54.65,1830.1,0,0.02986175618818644,4,0,0,0,1,0,0,0,0,0,0,0,1,0,0,0,1,0,0,0,0,0,0,0,0,0,0,0,1,0,6035-BXTTY
0,71,85.75,6223.8,0,0.013777756354638645,9,0,1,0,1,0,1,0,0,0,1,0,1,0,1,0,1,0,1,0,1,0,1,0,1,0,0,0,0,1,6885-PKOAM
0,66,67.45,4508.65,0,0.014960132190345227,6,0,1,1,1,0,1,0,0,0,1,0,1,0,1,0,0,0,0,0,0,0,0,1,0,0,0,0,0,1,7520-HQWJU
0,63,20.5,1328.15,0,0.015435003576403266,1,1,0,0,1,0,0,0,1,1,0,1,0,1,0,1,0,1,0,1,0,1,0,0,0,0,1,0,0,1,9639-BUJXT
0,41,20.25,865.0,0,0.023410404624277455,1,0,0,1,1,0,0,0,1,1,0,1,0,1,0,1,0,1,0,1,0,1,0,1,1,0,0,0,1,0,5924-SNGKP
1,1,72.1,72.1,0,1.0,3,0,0,0,1,0,1,1,0,0,0,0,0,0,0,0,0,0,0,0,0,0,0,1,0,1,0,0,0,0,0021-IKXGC
0,2,90.4,168.2,1,0.5374554102259216,4,0,0,0,1,0,0,1,0,0,0,0,0,0,0,0,0,0,1,0,1,0,0,1,0,1,0,0,0,0,2034-GDRCN
0,70,19.45,1303.5,0,0.014921365554276946,1,0,1,0,1,0,0,0,1,1,0,1,0,1,0,1,0,1,0,1,0,0,1,0,0,0,0,0,0,1,8966-SNIZF
0,23,44.95,996.85,0,0.045092039925766166,3,0,0,0,0,1,0,0,0,0,0,0,0,0,0,0,0,0,1,0,1,0,0,1,0,1,0,1,0,0,6243-OZGFH
1,64,97.0,6430.9,0,0.015083425337044582,6,0,1,0,1,0,0,1,0,0,1,0,1,0,1,0,0,0,0,0,1,1,0,0,0,0,0,0,0,1,4654-DLAMQ
0,37,62.8,2278.75,0,0.027558968732857927,6,1,1,1,1,0,1,0,0,0,1,0,0,0,1,0,1,0,0,0,0,0,1,1,1,0,0,0,1,0,0513-RBGPE
0,17,44.6,681.4,0,0.06545347813325507,2,1,0,1,1,0,0,0,0,0,0,0,0,0,0,0,0,0,0,0,0,1,0,0,0,0,1,1,0,0,5160-UXJED
1,7,89.15,574.35,0,0.15521894315312962,4,0,0,0,1,0,0,1,0,0,0,0,0,0,0,0,0,0,1,0,1,0,0,1,0,1,0,0,0,0,4115-NZRKS
0,4,84.8,371.9,1,0.22801828448507663,5,1,1,1,1,0,1,1,0,0,0,0,1,0,1,0,0,0,0,0,0,0,0,1,0,0,0,0,0,0,0219-YTZUE
1,21,41.9,840.1,1,0.04987501487918105,3,0,0,0,0,1,0,0,0,0,1,0,0,0,0,0,0,0,1,0,0,0,0,1,0,1,0,1,0,0,0623-IIHUG
0,10,80.25,846.0,1,0.09485815602836879,3,0,0,0,1,0,0,1,0,0,0,0,0,0,0,0,0,0,0,0,1,0,0,1,0,0,0,0,0,0,4572-DVCGN
1,16,54.1,889.0,0,0.06085489313835771,4,0,0,0,1,0,1,0,0,0,1,0,0,0,0,0,0,0,0,0,0,0,0,1,0,1,0,1,0,0,3351-NGXYI
0,64,105.25,6823.4,0,0.01542486150599408,7,1,1,0,1,0,1,1,0,0,0,0,1,0,0,0,1,0,1,0,1,0,1,1,0,1,0,0,0,1,8984-EYLLL
1,27,30.75,805.1,1,0.038194013166066326,2,1,1,0,0,1,0,0,0,0,1,0,0,0,0,0,0,0,0,0,0,0,0,0,1,0,0,0,1,0,9057-MSWCO
0,42,97.1,4016.75,0,0.024173772328374928,6,1,1,1,1,0,1,1,0,0,1,0,0,0,0,0,0,0,1,0,1,1,0,0,0,1,0,0,1,0,9833-TGFHX
0,5,20.2,83.75,0,0.24119402985074626,1,1,0,1,1,0,0,0,1,1,0,1,0,1,0,1,0,1,0,1,0,0,0,0,0,0,1,0,0,0,9294-TDIPC
0,41,98.8,3959.15,0,0.024954851420128057,6,0,0,0,1,0,0,1,0,0,0,0,1,0,0,0,1,0,1,0,1,0,1,1,0,0,0,0,1,0,5229-DTFYB
0,58,50.3,2878.55,0,0.0174740754893957,3,1,1,0,1,0,0,0,0,0,0,0,0,0,1,0,0,0,0,0,0,1,0,0,1,0,0,0,0,1,0104-PPXDV
0,47,20.55,945.7,0,0.02172993549751507,1,0,0,0,1,0,0,0,1,1,0,1,0,1,0,1,0,1,0,1,0,0,1,1,0,0,1,0,1,0,5176-LMJXE
0,18,75.9,1373.05,0,0.05527839481446416,3,1,0,0,1,0,0,1,0,0,0,0,0,0,0,0,1,0,0,0,0,0,0,1,0,0,0,1,0,0,3583-KRKMD
0,5,96.5,492.55,1,0.19591919602070856,5,1,0,0,1,0,0,1,0,0,0,0,0,0,1,0,0,0,1,0,1,0,0,0,0,0,0,0,0,0,1010-DIAUQ
0,23,59.95,1406.0,0,0.04263869132290185,4,1,1,0,1,0,0,0,0,0,1,0,0,0,0,0,0,0,0,0,1,0,0,1,0,0,0,1,0,0,9069-LGEUL
0,1,19.15,19.15,0,1.0,1,0,0,0,1,0,0,0,1,1,0,1,0,1,0,1,0,1,0,1,0,0,0,0,0,0,1,0,0,0,7302-ZHMHP
0,71,98.65,6962.85,0,0.014168049002922654,6,1,1,0,1,0,1,1,0,0,0,0,0,0,1,0,0,0,1,0,1,1,0,1,1,0,0,0,0,1,9571-EDEBV
0,72,112.6,8126.65,0,0.013855647776143922,9,1,1,1,1,0,1,1,0,0,1,0,1,0,1,0,1,0,1,0,1,0,1,1,1,0,0,0,0,1,3520-FJGCV
0,33,20.6,690.25,0,0.02984425932633104,1,1,1,1,1,0,0,0,1,1,0,1,0,1,0,1,0,1,0,1,0,1,0,0,0,0,1,0,1,0,6563-VRERX
0,2,85.65,181.5,1,0.471900826446281,4,1,0,0,1,0,1,1,0,0,0,0,0,0,0,0,0,0,1,0,0,0,0,1,0,1,0,0,0,0,0259-GBZSH
0,24,35.75,830.8,0,0.04303081367356765,3,1,0,1,0,1,0,0,0,0,1,0,0,0,0,0,1,0,0,0,0,0,1,0,0,0,1,1,0,0,6122-EFVKN
0,56,99.75,5608.4,0,0.017785821268097853,7,0,1,1,1,0,1,1,0,0,0,0,1,0,1,0,1,0,0,0,1,1,0,1,1,0,0,0,0,1,2805-EDJPQ
0,37,96.1,3646.8,0,0.026351870132719092,5,1,0,0,1,0,0,1,0,0,0,0,1,0,0,0,0,0,1,0,1,0,0,1,1,0,0,0,1,0,6862-CQUMB
0,43,85.1,3662.25,0,0.0232370810294218,8,0,0,0,1,0,1,0,0,0,0,0,1,0,1,0,1,0,1,0,1,1,0,0,1,0,0,0,1,0,7156-MXBJE
0,1,25.35,25.35,0,1.0,1,1,0,0,0,1,0,0,0,0,0,0,0,0,0,0,0,0,0,0,0,0,0,0,0,0,1,0,0,0,6158-HDPXZ
0,25,104.95,2566.5,1,0.04089226573154101,7,0,1,0,1,0,1,1,0,0,0,0,0,0,1,0,1,0,1,0,1,0,0,1,0,0,0,0,1,0,9601-BRXPO
0,61,89.65,5308.7,0,0.016887373556614616,9,0,0,0,1,0,1,0,0,0,1,0,1,0,1,0,1,0,1,0,1,0,1,0,0,1,0,0,0,1,2863-IMQDR
0,17,86.75,1410.25,0,0.06151391597234533,5,1,0,0,1,0,1,1,0,0,0,0,0,0,1,0,1,0,0,0,0,1,0,0,0,1,0,1,0,0,5686-CMAWK
0,41,86.2,3339.05,0,0.025815726029858793,5,0,1,0,1,0,0,1,0,0,0,0,1,0,1,0,1,0,0,0,0,1,0,1,0,0,0,0,1,0,5651-CRHKQ
0,1,50.65,50.65,1,1.0,3,1,0,0,1,0,0,0,0,0,0,0,1,0,0,0,0,0,0,0,0,0,0,0,0,0,1,0,0,0,6905-NIQIN
1,72,64.8,4732.35,0,0.01369298551459634,7,1,1,1,0,1,0,0,0,0,1,0,1,0,1,0,1,0,1,0,1,0,1,1,0,0,0,0,0,1,8204-YJCLA
0,1,90.85,90.85,1,1.0,5,1,0,0,1,0,1,1,0,0,0,0,1,0,0,0,0,0,0,0,1,0,0,1,1,0,0,0,0,0,5167-ZFFMM
0,48,108.1,5067.45,0,0.021332228241028525,7,1,0,0,1,0,1,1,0,0,0,0,1,0,1,0,0,0,1,0,1,0,1,1,0,0,0,0,1,0,6583-SZVGP
1,11,19.95,214.75,1,0.09289871944121071,1,1,1,0,1,0,0,0,1,1,0,1,0,1,0,1,0,1,0,1,0,0,0,0,0,0,1,0,0,0,4895-TMWIR
1,55,85.45,4874.7,1,0.017529283853365336,5,0,1,0,1,0,1,1,0,0,0,0,1,0,1,0,0,0,0,0,0,0,0,1,0,1,0,0,0,1,0533-BNWKF
0,42,54.75,2348.45,0,0.02331324916434244,6,0,0,0,0,1,0,0,0,0,1,0,1,0,1,0,1,0,0,0,1,1,0,1,0,1,0,0,1,0,1708-PBBOA
0,44,90.4,4063.0,0,0.022249569283780458,5,1,0,0,1,0,1,1,0,0,0,0,0,0,1,0,0,0,0,0,1,0,0,1,0,0,1,0,1,0,8782-LKFPK
0,1,44.0,44.0,0,1.0,2,1,0,1,1,0,0,0,0,0,0,0,0,0,0,0,0,0,0,0,0,0,0,0,0,1,0,0,0,0,5522-JBWMO
0,27,95.6,2595.25,0,0.036836528272806084,5,0,0,0,1,0,1,1,0,0,0,0,0,0,0,0,0,0,1,0,1,0,0,1,0,0,0,0,1,0,3597-MVHJT
1,27,84.8,2309.55,0,0.03671710939360481,8,1,1,0,1,0,1,0,0,0,0,0,1,0,1,0,1,0,1,0,1,0,0,1,0,0,0,0,1,0,9774-NRNAU
1,2,44.3,89.3,0,0.49608062709966405,2,0,0,0,1,0,0,0,0,0,0,0,0,0,0,0,0,0,0,0,0,0,0,1,0,1,0,0,0,0,0224-RLWWD
0,19,19.9,367.55,0,0.054142293565501286,1,0,0,0,1,0,0,0,1,1,0,1,0,1,0,1,0,1,0,1,0,0,0,0,0,0,1,1,0,0,9967-ATRFS
1,42,95.05,3944.5,0,0.02409684370642667,5,0,1,0,1,0,1,1,0,0,0,0,0,0,0,0,0,0,1,0,1,0,0,1,0,1,0,0,1,0,3951-NJCVI
0,66,90.05,5965.95,0,0.015093991736437617,9,0,0,0,1,0,1,0,0,0,1,0,1,0,1,0,1,0,1,0,1,0,1,1,1,0,0,0,0,1,2977-CEBSX
1,33,109.9,3694.7,0,0.029745310850678,8,1,1,0,1,0,1,1,0,0,1,0,0,0,1,0,1,0,1,0,1,0,0,1,0,0,0,0,1,0,0177-PXBAT
0,34,73.95,2524.45,1,0.029293509477311894,3,0,0,0,1,0,0,1,0,0,0,0,1,0,0,0,0,0,0,0,0,0,0,1,1,0,0,0,1,0,6599-CEBNN
1,33,54.6,1803.7,0,0.030271109386261572,5,1,0,0,0,1,0,0,0,0,0,0,0,0,1,0,1,0,1,0,1,0,0,1,0,1,0,0,1,0,2519-ERQOJ
0,23,20.05,415.1,0,0.04830161406889906,1,0,1,1,1,0,0,0,1,1,0,1,0,1,0,1,0,1,0,1,0,1,0,0,0,0,1,1,0,0,5876-QMYLD
0,32,19.75,624.15,0,0.03164303452695666,1,0,0,0,1,0,0,0,1,1,0,1,0,1,0,1,0,1,0,1,0,1,0,0,0,0,0,0,1,0,2277-AXSDC
0,11,20.05,237.7,0,0.08435002103491797,1,0,0,0,1,0,0,0,1,1,0,1,0,1,0,1,0,1,0,1,0,1,0,0,1,0,0,0,0,0,9442-JTWDL
0,69,99.45,7007.6,1,0.014191734688052971,6,1,1,1,1,0,1,1,0,0,0,0,0,0,1,0,0,0,1,0,1,0,0,1,1,0,0,0,0,1,0979-PHULV
0,68,55.9,3848.8,0,0.014524007482851797,4,0,1,0,1,0,0,0,0,0,1,0,0,0,0,0,1,0,0,0,0,1,0,0,0,0,0,0,0,1,3067-SVMTC
0,20,19.7,419.4,0,0.046971864568431096,1,1,0,0,1,0,0,0,1,1,0,1,0,1,0,1,0,1,0,1,0,0,1,1,0,0,1,1,0,0,5495-GPSRW
0,72,19.8,1468.75,0,0.013480851063829787,1,1,0,0,1,0,0,0,1,1,0,1,0,1,0,1,0,1,0,1,0,0,1,1,1,0,0,0,0,1,7606-BPHHN
0,60,95.4,5812.0,0,0.016414315209910532,6,1,1,1,1,0,1,1,0,0,1,0,0,0,1,0,0,0,1,0,0,1,0,1,0,0,0,0,0,1,4742-DRORA
1,32,93.95,2861.45,0,0.03283300424609901,5,1,1,1,1,0,0,1,0,0,0,0,1,0,0,0,0,0,1,0,1,0,0,1,0,0,1,0,1,0,0111-KLBQG
0,1,19.9,19.9,1,1.0,1,0,0,0,1,0,0,0,1,1,0,1,0,1,0,1,0,1,0,1,0,0,0,1,0,0,1,0,0,0,4800-VHZKI
0,1,19.6,19.6,1,1.0,1,1,0,0,1,0,0,0,1,1,0,1,0,1,0,1,0,1,0,1,0,0,0,1,0,0,1,0,0,0,7989-CHGTL
1,3,81.35,233.7,1,0.3480958493795464,4,1,0,0,1,0,1,1,0,0,0,0,1,0,0,0,0,0,0,0,0,0,0,1,0,1,0,0,0,0,0334-GDDSO
0,46,24.45,1066.15,0,0.022932983163719924,2,0,1,0,1,0,1,0,1,1,0,1,0,1,0,1,0,1,0,1,0,1,0,1,0,0,0,0,1,0,4163-NCJAK
0,29,74.95,2149.05,0,0.034875875386798816,3,0,1,0,1,0,1,1,0,0,0,0,0,0,0,0,0,0,0,0,0,0,0,1,0,1,0,0,1,0,5233-AOZUF
0,51,87.35,4473.0,0,0.019528280795886428,6,1,0,0,1,0,1,1,0,0,0,0,1,0,1,0,1,0,0,0,0,0,0,1,0,1,0,0,0,1,5973-EJGDP
1,48,70.65,3545.05,0,0.01992919704940692,2,0,1,0,1,0,0,1,0,0,0,0,0,0,0,0,0,0,0,0,0,0,0,1,0,0,0,0,1,0,1996-DBMUS
0,16,73.25,1195.75,0,0.06125862429437592,3,0,1,1,1,0,0,1,0,0,0,0,1,0,0,0,0,0,0,0,0,0,0,0,0,0,0,1,0,0,7916-VCCPB
0,70,98.7,6858.9,0,0.014390062546472468,7,1,1,0,1,0,1,1,0,0,0,0,1,0,1,0,1,0,0,0,1,0,1,1,0,0,0,0,0,1,4686-GEFRM
0,40,24.8,1024.7,0,0.024202205523567874,2,0,1,1,1,0,1,0,1,1,0,1,0,1,0,1,0,1,0,1,0,0,1,1,0,0,1,0,1,0,5249-QYHEX
0,22,83.3,1845.9,1,0.04512703830109973,4,0,1,1,1,0,0,1,0,0,0,0,1,0,0,0,0,0,0,0,1,0,0,0,0,1,0,1,0,0,0578-SKVMF
1,1,75.3,75.3,1,1.0,3,0,0,0,1,0,0,1,0,0,0,0,0,0,1,0,0,0,0,0,0,0,0,1,0,0,0,0,0,0,5564-NEMQO
0,5,24.3,132.25,0,0.1837429111531191,2,0,1,1,1,0,1,0,1,1,0,1,0,1,0,1,0,1,0,1,0,0,0,1,0,0,1,0,0,0,2233-FAGXV
0,7,69.85,515.45,0,0.1355126588417887,2,0,0,0,1,0,0,1,0,0,0,0,0,0,0,0,0,0,0,0,0,0,0,1,0,0,0,0,0,0,5605-IYGFG
0,29,100.55,2830.45,0,0.035524386581638964,7,1,0,1,1,0,1,1,0,0,0,0,1,0,1,0,1,0,0,0,1,1,0,0,1,0,0,0,1,0,7663-ZTEGJ
0,44,25.7,1110.5,0,0.02314272850067537,2,1,1,1,1,0,1,0,1,1,0,1,0,1,0,1,0,1,0,1,0,1,0,0,0,0,1,0,1,0,3935-TBRZZ
0,10,40.7,449.3,0,0.09058535499666148,4,0,0,0,0,1,0,0,0,0,1,0,1,0,1,0,0,0,0,0,0,0,0,0,0,0,0,0,0,0,8111-BKVDS
1,55,51.65,2838.55,0,0.018195909883567313,3,0,1,0,1,0,1,0,0,0,0,0,0,0,0,0,0,0,0,0,0,0,0,0,0,0,0,0,0,1,2055-SIFSS
1,52,105.1,5376.4,0,0.019548396696674356,7,1,1,0,1,0,1,1,0,0,0,0,1,0,1,0,0,0,1,0,1,1,0,1,0,0,0,0,0,1,2806-MLNTI
0,10,85.95,858.6,0,0.100104821802935,4,0,1,1,1,0,1,1,0,0,0,0,0,0,0,0,0,0,0,0,1,0,0,0,0,1,0,0,0,0,8734-DKSTZ
0,18,75.6,1395.05,0,0.054191606035625964,3,1,0,0,1,0,1,1,0,0,0,0,0,0,0,0,0,0,0,0,0,0,0,1,0,0,0,1,0,0,4360-PNRQB
0,68,58.25,3975.7,0,0.014651507910556633,5,0,1,0,1,0,1,0,0,0,1,0,0,0,0,0,1,0,0,0,0,1,0,0,0,0,0,0,0,1,6152-ONASV
0,61,19.4,1182.55,1,0.01640522599467253,1,0,1,1,1,0,0,0,1,1,0,1,0,1,0,1,0,1,0,1,0,0,0,1,0,0,1,0,0,1,9063-ZGTUY
0,72,65.2,4784.45,0,0.0136274806926606,7,0,1,1,0,1,0,0,0,0,1,0,1,0,1,0,1,0,1,0,1,0,1,1,1,0,0,0,0,1,7781-HVGMK
0,2,53.45,119.5,0,0.4472803347280335,4,1,0,0,1,0,0,0,0,0,1,0,0,0,1,0,0,0,0,0,0,0,0,0,0,1,0,0,0,0,2181-UAESM
0,12,45.4,518.9,1,0.08749277317402197,2,1,0,0,1,0,0,0,0,0,0,0,0,0,0,0,0,0,0,0,0,0,0,1,0,0,0,0,0,0,2957-LOLHO
0,41,19.75,899.45,0,0.02195786313858469,1,1,1,0,1,0,0,0,1,1,0,1,0,1,0,1,0,1,0,1,0,0,1,1,0,1,0,0,1,0,6048-NJXHX
0,26,44.45,1183.8,0,0.03754857239398547,4,0,0,0,0,1,0,0,0,0,0,0,0,0,1,0,1,0,1,0,0,0,0,1,1,0,0,0,1,0,2320-SLKMB
0,36,20.85,720.05,0,0.028956322477605725,1,1,1,0,1,0,0,0,1,1,0,1,0,1,0,1,0,1,0,1,0,1,0,0,0,0,0,0,1,0,4980-URKXC
0,72,114.05,8468.2,0,0.013468033348291253,9,1,1,1,1,0,1,1,0,0,1,0,1,0,1,0,1,0,1,0,1,0,1,1,1,0,0,0,0,1,4376-KFVRS
0,35,89.85,3161.2,0,0.028422750854106036,5,1,1,0,1,0,1,1,0,0,0,0,0,0,0,0,1,0,0,0,1,0,0,1,0,0,0,0,1,0,5886-VLQVU
0,1,55.05,55.05,0,1.0,4,1,0,0,1,0,0,0,0,0,0,0,0,0,1,0,1,0,0,0,0,0,0,0,0,0,1,0,0,0,3577-AMVUX
0,16,112.95,1882.55,0,0.05999840641682824,8,0,1,1,1,0,1,1,0,0,1,0,0,0,1,0,1,0,1,0,1,0,0,1,0,1,0,1,0,0,0771-WLCLA
1,49,101.55,5070.4,0,0.020028005680025246,6,0,0,0,1,0,1,1,0,0,1,0,0,0,0,0,0,0,1,0,1,0,0,0,1,0,0,0,0,1,5628-RKIFK
0,54,114.65,6049.5,0,0.01895197950243822,9,0,1,0,1,0,1,1,0,0,1,0,1,0,1,0,1,0,1,0,1,1,0,1,0,0,1,0,0,1,0206-TBWLC
0,18,64.8,1166.7,0,0.05554127024942144,5,0,0,1,1,0,1,0,0,0,1,0,0,0,0,0,0,0,0,0,1,0,0,0,0,1,0,1,0,0,2937-FTHUR
0,36,80.4,2937.65,0,0.027368815209436115,3,0,1,0,1,0,0,1,0,0,0,0,0,0,0,0,0,0,0,0,1,0,0,0,0,1,0,0,1,0,1910-FMXJM
0,60,105.9,6396.45,1,0.0165560584386652,7,0,0,0,1,0,1,1,0,0,0,0,1,0,1,0,0,0,1,0,1,0,0,1,0,1,0,0,0,1,7752-XUSCI
0,1,69.55,69.55,1,1.0,2,0,0,0,1,0,0,1,0,0,0,0,0,0,0,0,0,0,0,0,0,0,0,0,0,0,1,0,0,0,4110-PFEUZ
0,52,25.05,1270.25,0,0.01972052745522535,2,0,1,1,1,0,1,0,1,1,0,1,0,1,0,1,0,1,0,1,0,0,1,1,0,0,0,0,0,1,0732-OCQOC
0,8,94.75,759.55,0,0.12474491475215589,5,1,1,1,1,0,0,1,0,0,0,0,0,0,1,0,0,0,1,0,1,0,0,1,0,1,0,0,0,0,5168-MSWXT
0,72,105.5,7611.55,0,0.013860514612661022,7,1,1,1,1,0,0,1,0,0,1,0,1,0,0,0,1,0,1,0,1,0,1,0,0,0,0,0,0,1,1090-ESELR
0,64,24.7,1642.75,0,0.015035763201947952,2,0,0,0,1,0,1,0,1,1,0,1,0,1,0,1,0,1,0,1,0,1,0,0,0,0,1,0,0,1,8592-PLTMQ
1,22,69.75,1545.4,0,0.04513394590397308,6,0,0,0,1,0,0,0,0,0,1,0,0,0,1,0,1,0,0,0,1,0,0,1,0,0,1,1,0,0,5760-WRAHC
0,60,60.2,3582.4,0,0.01680437695399732,6,1,1,0,0,1,0,0,0,0,0,0,1,0,1,0,1,0,1,0,1,0,0,1,0,0,0,0,0,1,8847-GEOOQ
0,28,81.05,2227.1,1,0.03639261820304432,3,0,1,1,1,0,0,1,0,0,0,0,0,0,0,0,0,0,0,0,1,0,0,1,0,1,0,0,1,0,0256-LTHVJ
0,61,24.4,1417.9,0,0.01720854785245786,2,0,1,0,1,0,1,0,1,1,0,1,0,1,0,1,0,1,0,1,0,0,1,0,0,0,1,0,0,1,4785-FCIFB
0,24,104.15,2494.65,0,0.041749343595293927,7,0,0,0,1,0,1,1,0,0,0,0,1,0,1,0,0,0,1,0,1,0,0,1,0,1,0,1,0,0,8313-NDOIA
0,28,92.9,2768.35,0,0.0335578954973179,6,1,1,1,1,0,0,1,0,0,0,0,1,0,1,0,1,0,1,0,0,1,0,0,0,0,0,0,1,0,5149-CUZUJ
0,30,80.8,2369.3,0,0.034102899590596376,7,0,1,1,1,0,0,0,0,0,0,0,1,0,1,0,1,0,1,0,1,0,1,0,0,0,0,0,1,0,0942-KOWSM
0,2,20.0,38.0,0,0.5263157894736842,1,1,1,0,1,0,0,0,1,1,0,1,0,1,0,1,0,1,0,1,0,0,0,0,0,0,1,0,0,0,4237-CLSMM
0,1,75.1,75.1,0,1.0,3,1,0,0,1,0,1,1,0,0,0,0,0,0,0,0,0,0,0,0,0,0,0,1,0,1,0,0,0,0,1452-VOQCH
0,6,19.65,100.9,0,0.19474727452923685,1,1,0,1,1,0,0,0,1,1,0,1,0,1,0,1,0,1,0,1,0,0,0,0,0,0,1,0,0,0,4719-UMSIY
0,24,69.45,1614.05,0,0.043028406802763236,5,0,1,0,1,0,0,0,0,0,0,0,1,0,0,0,0,0,1,0,1,0,0,1,0,0,0,1,0,0,6614-VBEGU
0,4,101.15,385.9,1,0.26211453744493396,6,1,1,1,1,0,1,1,0,0,0,0,0,0,1,0,0,0,1,0,1,0,0,0,0,1,0,0,0,0,0880-TKATG
0,7,99.8,673.25,1,0.14823616784255478,6,1,0,0,1,0,1,1,0,0,0,0,1,0,0,0,0,0,1,0,1,0,0,1,0,1,0,0,0,0,3811-VBYBZ
1,72,116.05,8404.9,0,0.013807421861057241,9,1,1,0,1,0,1,1,0,0,1,0,1,0,1,0,1,0,1,0,1,0,1,1,0,0,0,0,0,1,1480-BKXGA
0,70,40.05,2799.75,0,0.014304848647200642,3,1,0,0,0,1,0,0,0,0,0,0,0,0,0,0,1,0,0,0,1,0,1,1,0,0,1,0,0,1,2996-XAUVF
1,64,102.1,6538.45,0,0.015615321674097071,7,1,1,0,1,0,1,1,0,0,0,0,0,0,1,0,1,0,1,0,1,0,1,0,0,1,0,0,0,1,9076-AXYIK
0,72,89.7,6588.95,0,0.013613701727892913,5,1,1,1,1,0,1,1,0,0,0,0,1,0,0,0,0,0,1,0,0,1,0,1,0,1,0,0,0,1,5968-XQIVE
0,44,19.9,868.1,0,0.022923626310332908,1,0,0,1,1,0,0,0,1,1,0,1,0,1,0,1,0,1,0,1,0,0,1,0,0,0,1,0,1,0,8896-RAZCR
0,13,55.95,734.35,1,0.07618982773881665,3,0,1,1,1,0,0,0,0,0,0,0,0,0,0,0,0,0,0,0,1,0,0,0,0,1,0,1,0,0,4640-UHDOS
1,17,20.65,330.6,0,0.06246218995765274,1,0,0,0,1,0,0,0,1,1,0,1,0,1,0,1,0,1,0,1,0,1,0,0,0,0,1,1,0,0,4933-IKULF
0,1,55.0,55.0,1,1.0,3,1,0,0,1,0,0,0,0,0,0,0,0,0,0,0,0,0,0,0,1,0,0,1,0,1,0,0,0,0,3583-EKAPL
0,9,70.05,564.4,0,0.12411410347271438,5,1,1,0,1,0,0,0,0,0,0,0,0,0,1,0,0,0,1,0,1,0,0,1,0,0,1,0,0,0,1304-BCCFO
0,24,53.6,1315.35,0,0.04074961036986354,4,1,1,0,1,0,0,0,0,0,1,0,0,0,0,0,1,0,0,0,0,0,0,0,0,0,1,1,0,0,4104-PVRPS
0,1,74.7,74.7,1,1.0,3,0,1,1,1,0,0,1,0,0,0,0,1,0,0,0,0,0,0,0,0,0,0,1,0,1,0,0,0,0,9399-APLBT
0,24,80.25,1861.5,1,0.04311039484286865,4,1,0,0,1,0,1,1,0,0,0,0,1,0,0,0,0,0,0,0,0,0,0,1,0,1,0,1,0,0,2359-KMGLI
1,35,76.05,2747.2,0,0.027682731508444962,6,1,1,1,1,0,0,0,0,0,0,0,1,0,0,0,1,0,1,0,1,0,0,1,0,1,0,0,1,0,3780-DDGSE
0,7,75.7,554.05,0,0.13663026802635142,7,0,1,1,1,0,0,0,0,0,1,0,1,0,1,0,1,0,1,0,0,0,0,1,0,1,0,0,0,0,4431-EDMIQ
0,5,96.1,453.4,1,0.21195412439347155,5,1,0,0,1,0,0,1,0,0,0,0,0,0,0,0,1,0,1,0,1,0,0,1,0,1,0,0,0,0,0306-JAELE
0,15,69.0,994.8,1,0.06936067551266586,2,0,0,1,1,0,0,1,0,0,0,0,0,0,0,0,0,0,0,0,0,0,0,0,0,0,0,1,0,0,6227-HWPWX
0,11,19.65,225.75,0,0.08704318936877076,1,1,1,1,1,0,0,0,1,1,0,1,0,1,0,1,0,1,0,1,0,0,1,0,0,0,1,0,0,0,0486-LGCCH
0,48,45.3,2145.0,1,0.021118881118881116,4,0,1,0,0,1,0,0,0,0,1,0,0,0,1,0,0,0,0,0,1,0,0,1,0,0,0,0,1,0,0447-BEMNG
1,20,81.45,1671.6,0,0.04872577171572147,3,0,0,0,1,0,0,1,0,0,0,0,0,0,0,0,0,0,0,0,1,0,0,1,0,1,0,1,0,0,4612-SSVHJ
0,72,108.5,8003.8,0,0.013556060871086234,8,0,1,0,1,0,1,1,0,0,0,0,1,0,1,0,1,0,1,0,1,1,0,1,0,0,0,0,0,1,5168-MQQCA
0,8,83.55,680.05,1,0.12285861333725462,4,0,1,1,1,0,0,1,0,0,0,0,1,0,0,0,0,0,1,0,0,0,0,1,0,1,0,0,0,0,5949-XIKAE
0,72,84.5,6130.85,0,0.013782754430462334,4,1,1,1,1,0,1,1,0,0,0,0,0,0,0,0,0,0,0,0,1,0,1,1,1,0,0,0,0,1,7971-HLVXI
0,15,100.15,1415.0,0,0.07077738515901061,6,0,0,0,1,0,1,1,0,0,0,0,1,0,0,0,0,0,1,0,1,0,0,1,0,1,0,1,0,0,9094-AZPHK
0,72,88.6,6201.95,0,0.014285829456864373,8,1,0,0,1,0,1,0,0,0,0,0,1,0,1,0,1,0,1,0,1,0,1,1,0,0,0,0,0,1,3649-JPUGY
0,0,52.55,0.0,0,0.0,5,0,1,1,0,1,0,0,0,0,1,0,0,0,1,0,1,0,1,0,0,0,1,1,0,0,0,0,0,0,4472-LVYGI
0,1,74.35,74.35,1,1.0,3,1,0,1,1,0,1,1,0,0,0,0,0,0,0,0,0,0,0,0,0,0,0,1,0,1,0,0,0,0,8372-JUXUI
0,63,104.8,6597.25,0,0.015885406798287163,7,1,1,1,1,0,1,1,0,0,0,0,1,0,1,0,0,0,1,0,1,0,1,1,0,0,0,0,0,1,3552-CTCYF
0,2,59.0,114.15,0,0.5168637757336837,4,0,0,0,1,0,0,0,0,0,0,0,1,0,0,0,0,0,1,0,0,0,0,1,0,1,0,0,0,0,6778-YSNIH
0,2,74.4,139.4,1,0.533715925394548,3,0,1,0,1,0,0,1,0,0,1,0,0,0,0,0,0,0,0,0,0,0,0,1,0,1,0,0,0,0,0388-EOPEX
1,61,64.05,3902.6,0,0.01641213549941065,5,1,1,0,1,0,1,0,0,0,0,0,1,0,0,0,0,0,0,0,1,1,0,0,0,0,0,0,0,1,5756-OZRIO
0,1,20.4,20.4,0,1.0,1,1,0,0,1,0,0,0,1,1,0,1,0,1,0,1,0,1,0,1,0,0,0,0,0,0,1,0,0,0,6579-JPICP
0,22,43.75,903.6,1,0.048417441345728195,4,1,0,0,0,1,0,0,0,0,0,0,1,0,1,0,0,0,0,0,1,1,0,1,0,0,0,1,0,0,8205-OTCHB
0,28,60.9,1785.65,0,0.034105227788200375,5,1,1,0,1,0,0,0,0,0,1,0,1,0,0,0,1,0,0,0,0,0,0,0,0,0,1,0,1,0,4134-BSXLX
0,70,19.8,1397.65,0,0.014166636854720423,1,0,1,0,1,0,0,0,1,1,0,1,0,1,0,1,0,1,0,1,0,0,1,0,0,0,0,0,0,1,0505-SPOOW
1,5,28.45,131.05,1,0.21709271270507438,2,0,0,0,0,1,0,0,0,0,0,0,1,0,0,0,0,0,0,0,0,0,0,0,0,1,0,0,0,0,6235-VDHOM
0,12,99.7,1238.45,1,0.0805038556259841,7,0,0,0,1,0,1,1,0,0,1,0,1,0,1,0,0,0,0,0,1,0,0,1,0,0,0,0,0,0,7783-YKGDV
0,34,116.25,3899.05,0,0.029814954924917605,9,1,0,0,1,0,1,1,0,0,1,0,1,0,1,0,1,0,1,0,1,1,0,0,1,0,0,0,1,0,4374-YMUSQ
1,71,80.7,5676.0,0,0.014217758985200847,4,0,1,0,1,0,1,1,0,0,1,0,0,0,0,0,0,0,0,0,0,0,1,1,1,0,0,0,0,1,4513-CXYIX
0,70,65.2,4543.15,0,0.014351276096981171,5,0,1,1,1,0,1,0,0,0,1,0,0,0,0,0,0,0,0,0,1,1,0,0,0,0,0,0,0,1,3957-HHLMR
0,52,84.05,4326.8,0,0.019425441434778586,5,0,1,1,1,0,0,1,0,0,1,0,0,0,1,0,1,0,0,0,0,0,0,1,0,0,0,0,0,1,7803-XOCCZ
0,69,79.45,5502.55,0,0.014438760211174819,8,1,0,1,1,0,1,0,0,0,1,0,1,0,1,0,1,0,1,0,0,0,1,1,1,0,0,0,0,1,5736-YEJAX
1,20,94.1,1782.4,1,0.0527939856373429,6,0,0,0,1,0,1,1,0,0,0,0,1,0,1,0,0,0,0,0,1,0,0,1,0,1,0,1,0,0,5609-CEBID
0,11,78.0,851.8,0,0.0915707912655553,4,1,0,1,1,0,1,1,0,0,0,0,0,0,1,0,0,0,0,0,0,0,0,1,0,0,1,0,0,0,8981-FJGLA
0,2,94.2,167.5,1,0.5623880597014925,5,1,1,0,1,0,0,1,0,0,0,0,0,0,0,0,1,0,1,0,1,0,0,1,0,1,0,0,0,0,7218-HKQFK
0,6,80.5,502.85,1,0.16008750124291538,4,0,1,1,1,0,1,1,0,0,0,0,0,0,0,0,1,0,0,0,0,0,0,1,0,1,0,0,0,0,4636-QRJKY
0,1,19.85,19.85,0,1.0,1,0,0,0,1,0,0,0,1,1,0,1,0,1,0,1,0,1,0,1,0,0,0,0,0,0,1,0,0,0,1135-LMECX
1,20,94.3,1818.3,0,0.05186162899411538,6,1,1,1,1,0,0,1,0,0,1,0,0,0,1,0,1,0,0,0,1,1,0,0,1,0,0,1,0,0,4332-MUOEZ
0,61,106.45,6300.15,0,0.01689642310103728,7,1,0,0,1,0,1,1,0,0,1,0,0,0,1,0,0,0,1,0,1,0,0,1,0,1,0,0,0,1,8535-SFUTN
1,5,74.35,334.8,1,0.22207287933094383,3,0,1,0,1,0,1,1,0,0,0,0,0,0,0,0,0,0,0,0,0,0,0,1,0,1,0,0,0,0,5956-VKDTT
0,56,105.45,5916.95,0,0.017821681778619054,7,0,0,0,1,0,1,1,0,0,0,0,1,0,0,0,1,0,1,0,1,0,0,1,0,0,0,0,0,1,8677-HDZEE
0,30,95.0,2852.4,0,0.033305286776048236,7,1,0,0,1,0,1,1,0,0,1,0,1,0,1,0,1,0,0,0,0,0,0,1,1,0,0,0,1,0,2475-MROZF
0,40,104.8,4131.95,1,0.02536332724258522,7,1,0,0,1,0,1,1,0,0,0,0,0,0,1,0,1,0,1,0,1,0,0,0,0,0,0,0,1,0,9412-GHEEC
0,28,54.3,1546.3,0,0.03511608355429089,4,0,0,0,1,0,0,0,0,0,1,0,0,0,0,0,1,0,0,0,0,1,0,0,0,0,1,0,1,0,3482-ABPKK
1,5,70.05,302.6,0,0.23149372108393917,2,0,1,0,1,0,0,1,0,0,0,0,0,0,0,0,0,0,0,0,0,0,0,0,0,1,0,0,0,0,6705-LXORM
1,27,75.2,1929.35,1,0.038976857490864804,3,0,1,0,1,0,0,1,0,0,1,0,0,0,0,0,0,0,0,0,0,0,0,1,0,0,0,0,1,0,0257-ZESQC
0,12,20.05,265.45,0,0.07553211527594651,1,1,0,0,1,0,0,0,1,1,0,1,0,1,0,1,0,1,0,1,0,0,0,0,1,0,0,0,0,0,7531-GQHME
0,67,105.4,6989.45,0,0.015079870376066788,7,1,1,1,1,0,1,1,0,0,0,0,1,0,1,0,0,0,1,0,1,1,0,1,0,1,0,0,0,1,5174-ITUMV
1,29,51.6,1442.0,0,0.03578363384188627,3,1,1,0,1,0,1,0,0,0,0,0,0,0,0,0,0,0,0,0,0,0,0,1,0,1,0,0,1,0,4109-CYRBD
0,55,85.5,4713.4,0,0.018139771714685792,4,1,1,1,1,0,1,1,0,0,0,0,0,0,0,0,0,0,0,0,1,0,0,0,0,0,0,0,0,1,0913-XWSCN
0,23,75.6,1758.6,1,0.042988741044012284,3,0,0,0,1,0,1,1,0,0,0,0,0,0,0,0,0,0,0,0,0,0,0,0,0,0,0,1,0,0,6825-UYPFK
0,34,100.05,3480.0,1,0.028749999999999998,6,1,1,0,1,0,1,1,0,0,0,0,0,0,1,0,0,0,1,0,1,0,0,1,0,1,0,0,1,0,8397-MVTAZ
0,52,91.25,4738.3,0,0.01925796171622734,5,1,0,0,1,0,0,1,0,0,1,0,0,0,1,0,0,0,1,0,0,1,0,0,0,1,0,0,0,1,0750-EBAIU
1,72,115.75,8399.15,0,0.013781156426543163,9,1,1,1,1,0,1,1,0,0,1,0,1,0,1,0,1,0,1,0,1,0,1,1,1,0,0,0,0,1,8606-CIQUL
0,58,94.7,5430.35,0,0.017439023267376872,6,1,1,1,1,0,1,1,0,0,0,0,1,0,0,0,1,0,1,0,0,1,0,1,1,0,0,0,0,1,3571-DPYUH
0,35,19.6,686.95,0,0.028531916442244704,1,1,1,1,1,0,0,0,1,1,0,1,0,1,0,1,0,1,0,1,0,0,1,0,0,0,1,0,1,0,7601-GNDYK
1,56,99.9,5706.3,0,0.017506965984963988,7,0,0,0,1,0,1,1,0,0,0,0,1,0,1,0,1,0,1,0,0,0,1,1,0,0,0,0,0,1,0356-OBMAC
0,24,21.1,490.65,0,0.043004178131050654,1,0,1,1,1,0,0,0,1,1,0,1,0,1,0,1,0,1,0,1,0,0,1,1,1,0,0,1,0,0,8067-NIOYM
0,70,20.05,1360.25,0,0.01473993751148686,1,1,1,1,1,0,0,0,1,1,0,1,0,1,0,1,0,1,0,1,0,0,1,0,1,0,0,0,0,1,1403-GYAFU
0,2,79.95,174.45,0,0.45829750644883926,3,1,0,0,1,0,0,1,0,0,0,0,0,0,0,0,0,0,1,0,0,0,0,1,0,1,0,0,0,0,4234-XTNEA
1,68,107.15,7379.8,0,0.014519363668392097,7,1,1,1,1,0,1,1,0,0,0,0,0,0,1,0,1,0,1,0,1,1,0,1,1,0,0,0,0,1,1297-VQDRP
0,1,85.0,85.0,1,1.0,4,0,0,0,1,0,1,1,0,0,0,0,0,0,0,0,0,0,0,0,1,0,0,1,0,1,0,0,0,0,9282-IZGQK
0,12,89.55,1021.75,0,0.08764374847076095,5,1,0,0,1,0,1,1,0,0,0,0,0,0,1,0,0,0,1,0,0,0,0,1,0,1,0,0,0,0,5348-CAGXB
0,63,81.55,5029.05,0,0.016215786281703302,4,0,1,0,1,0,1,1,0,0,0,0,1,0,0,0,0,0,0,0,0,0,0,1,0,0,0,0,0,1,0621-HJWXJ
0,33,58.45,1955.4,0,0.029891582284954483,5,0,1,1,1,0,0,0,0,0,1,0,1,0,1,0,0,0,0,0,0,1,0,1,0,0,1,0,1,0,5844-QVTAT
0,69,95.65,6744.2,0,0.014182556863675456,5,0,1,0,1,0,0,1,0,0,0,0,1,0,0,0,0,0,1,0,1,1,0,1,1,0,0,0,0,1,8905-IAZPF
0,60,80.6,4946.7,0,0.016293690743323833,7,0,1,1,1,0,0,0,0,0,0,0,1,0,1,0,1,0,1,0,1,0,1,1,0,0,0,0,0,1,5394-MEITZ
0,72,113.1,8248.5,0,0.01371158392434988,9,0,1,1,1,0,1,1,0,0,1,0,1,0,1,0,1,0,1,0,1,0,1,1,0,0,0,0,0,1,6859-QNXIQ
0,11,58.95,601.6,0,0.09798869680851063,4,0,0,0,1,0,1,0,0,0,0,0,0,0,0,0,0,0,0,0,1,0,0,1,0,0,1,0,0,0,2782-LFZVW
0,1,19.55,19.55,0,1.0,1,0,0,0,1,0,0,0,1,1,0,1,0,1,0,1,0,1,0,1,0,0,0,0,0,0,1,0,0,0,2866-IKBTM
0,10,86.05,834.1,1,0.10316508811893058,4,1,0,0,1,0,1,1,0,0,0,0,0,0,0,0,0,0,1,0,0,0,0,1,0,0,0,0,0,0,1342-JPNKI
0,13,45.55,597.0,1,0.07629815745393634,4,1,0,0,0,1,0,0,0,0,1,0,0,0,0,0,1,0,1,0,0,0,0,1,1,0,0,1,0,0,2817-NTQDO
0,34,78.95,2647.2,0,0.029823964944091872,3,1,1,1,1,0,0,1,0,0,0,0,0,0,0,0,0,0,0,0,1,1,0,1,0,0,0,0,1,0,7129-AZJDE
0,39,86.3,3266.0,1,0.02642375995101041,4,1,1,1,1,0,0,1,0,0,0,0,1,0,0,0,0,0,1,0,0,0,0,1,0,0,1,0,1,0,6986-IJDHX
0,65,105.05,6744.25,0,0.0155762316047003,7,0,0,0,1,0,1,1,0,0,0,0,1,0,0,0,1,0,1,0,1,1,0,1,0,0,0,0,0,1,2560-PPCHE
1,50,101.9,5265.5,0,0.019352388187256674,7,1,1,0,1,0,1,1,0,0,1,0,1,0,1,0,0,0,1,0,0,1,0,1,0,0,0,0,0,1,4676-MQUEA
0,15,19.75,311.6,0,0.06338254172015403,1,1,0,0,1,0,0,0,1,1,0,1,0,1,0,1,0,1,0,1,0,0,0,0,0,0,1,1,0,0,8138-EALND
0,72,110.3,7966.9,0,0.013844782788788612,8,1,1,1,1,0,1,1,0,0,1,0,1,0,1,0,0,0,1,0,1,0,1,1,0,0,0,0,0,1,3580-HYCSP
0,72,115.6,8220.4,0,0.014062576030363486,9,0,1,1,1,0,1,1,0,0,1,0,1,0,1,0,1,0,1,0,1,0,1,1,0,0,0,0,0,1,1352-HNSAW
0,55,19.35,1153.25,0,0.01677866897897247,1,1,1,1,1,0,0,0,1,1,0,1,0,1,0,1,0,1,0,1,0,0,1,0,0,0,0,0,0,1,2075-PUEPR
0,23,25.6,514.75,0,0.049732880038853816,2,0,1,1,1,0,1,0,1,1,0,1,0,1,0,1,0,1,0,1,0,0,1,1,1,0,0,1,0,0,1982-FEBTD
0,32,80.35,2596.15,1,0.03094967548100071,4,1,0,0,1,0,1,1,0,0,0,0,1,0,0,0,0,0,0,0,0,0,0,1,0,0,0,0,1,0,5301-GAUUY
0,56,68.75,3808.0,0,0.01805409663865546,6,0,1,1,1,0,1,0,0,0,1,0,0,0,1,0,0,0,0,0,1,1,0,1,0,0,0,0,0,1,5791-KAJFD
0,1,19.9,19.9,0,1.0,1,0,0,0,1,0,0,0,1,1,0,1,0,1,0,1,0,1,0,1,0,0,0,0,0,0,0,0,0,0,2654-VBVPB
0,38,70.6,2708.2,0,0.026068975703419244,6,1,0,0,1,0,0,0,0,0,1,0,1,0,0,0,1,0,1,0,0,1,0,0,0,0,1,0,1,0,1154-HYWWO
0,11,70.2,760.05,0,0.09236234458259326,2,1,0,0,1,0,0,1,0,0,0,0,0,0,0,0,0,0,0,0,0,0,0,0,0,1,0,0,0,0,2501-XWWTZ
0,1,49.3,49.3,0,1.0,3,1,0,0,1,0,0,0,0,0,0,0,0,0,0,0,1,0,0,0,0,0,0,1,0,1,0,0,0,0,3716-UVSPD
0,56,107.25,6033.3,0,0.01777634130575307,7,1,1,0,1,0,1,1,0,0,0,0,1,0,0,0,1,0,1,0,1,1,0,1,0,1,0,0,0,1,6815-ABQFQ
0,3,23.6,89.05,0,0.26501965188096577,2,1,1,0,1,0,1,0,1,1,0,1,0,1,0,1,0,1,0,1,0,0,0,1,0,0,1,0,0,0,7343-EOBEU
0,7,69.7,516.15,0,0.13503826407052213,5,1,1,1,1,0,0,0,0,0,1,0,0,0,0,0,0,0,1,0,1,0,0,0,1,0,0,0,0,0,3701-SFMUH
0,59,99.5,5861.75,0,0.016974453021708535,6,1,1,1,1,0,1,1,0,0,0,0,0,0,1,0,0,0,1,0,1,0,1,1,1,0,0,0,0,1,6103-LIANB
0,7,64.3,445.95,0,0.14418656800089696,5,1,0,0,1,0,0,0,0,0,0,0,0,0,1,0,1,0,1,0,0,0,0,0,0,0,0,0,0,0,7319-VENRZ
0,71,70.85,4973.4,0,0.014245787589978687,6,1,1,1,1,0,0,0,0,0,1,0,0,0,1,0,1,0,0,0,1,0,1,1,1,0,0,0,0,1,5846-NEQVZ
0,15,101.9,1667.25,0,0.061118608487029547,6,1,1,1,1,0,0,1,0,0,1,0,0,0,0,0,1,0,1,0,1,1,0,0,0,1,0,1,0,0,6967-QIQRV
0,71,73.5,5357.75,0,0.013718445242872475,7,1,1,0,1,0,1,0,0,0,1,0,1,0,0,0,1,0,1,0,0,0,1,0,1,0,0,0,0,1,5781-RFZRP
0,35,100.25,3527.6,1,0.028418754960879918,6,0,0,0,1,0,1,1,0,0,0,0,0,0,1,0,0,0,1,0,1,0,0,1,0,1,0,0,1,0,0939-YAPAF
0,11,40.4,422.6,0,0.09559867486985328,4,0,0,0,0,1,0,0,0,0,0,0,1,0,1,0,1,0,0,0,0,1,0,1,1,0,0,0,0,0,0308-IVGOK
0,60,19.25,1103.25,0,0.017448447767958303,1,0,1,1,1,0,0,0,1,1,0,1,0,1,0,1,0,1,0,1,0,0,1,1,1,0,0,0,0,1,7293-LSCDV
1,47,59.6,2754.0,0,0.021641249092229486,5,1,0,0,1,0,1,0,0,0,0,0,1,0,0,0,1,0,0,0,0,0,1,0,0,0,0,0,1,0,7025-WCBNE
0,11,64.9,697.25,0,0.09307995697382575,5,0,0,0,1,0,0,0,0,0,0,0,0,0,1,0,1,0,0,0,1,1,0,0,1,0,0,0,0,0,5756-JYOJT
0,56,100.3,5614.45,1,0.01786461719313557,6,1,1,0,1,0,1,1,0,0,0,0,1,0,0,0,0,0,1,0,1,1,0,0,1,0,0,0,0,1,4710-FDUIZ
1,28,110.85,3204.4,0,0.0345930595431282,8,0,1,0,1,0,1,1,0,0,0,0,1,0,1,0,1,0,1,0,1,0,0,1,0,1,0,0,1,0,6030-REHUX
0,61,81.05,4747.65,0,0.01707160384611334,7,1,1,0,1,0,0,0,0,0,1,0,1,0,0,0,1,0,1,0,1,0,1,1,0,0,1,0,0,1,9548-LIGTA
0,31,98.05,3082.1,0,0.03181272509003601,6,1,1,1,1,0,1,1,0,0,1,0,0,0,1,0,0,0,1,0,0,1,0,0,0,0,0,0,1,0,5150-LJNSR
0,9,70.5,597.9,0,0.11791269443050678,2,1,0,0,1,0,0,1,0,0,0,0,0,0,0,0,0,0,0,0,0,0,0,1,0,1,0,0,0,0,8270-RKSAP
1,35,94.55,3365.4,0,0.02809472870981161,6,1,1,0,1,0,1,1,0,0,1,0,1,0,0,0,0,0,0,0,1,0,0,1,0,1,0,0,1,0,6522-YRBXD
0,2,19.65,38.8,0,0.5064432989690721,1,1,0,0,1,0,0,0,1,1,0,1,0,1,0,1,0,1,0,1,0,0,0,1,0,0,1,0,0,0,2640-LYMOV
0,12,19.0,233.55,1,0.08135302932990794,1,0,1,1,1,0,0,0,1,1,0,1,0,1,0,1,0,1,0,1,0,0,0,0,0,0,1,0,0,0,1218-VKFPE
0,1,75.3,75.3,1,1.0,3,0,0,0,1,0,0,1,0,0,1,0,0,0,0,0,0,0,0,0,0,0,0,0,0,0,1,0,0,0,3627-FHKBK
1,4,89.2,346.2,1,0.25765453495089546,5,0,0,0,1,0,1,1,0,0,0,0,0,0,1,0,0,0,1,0,0,0,0,1,0,1,0,0,0,0,2865-TCHJW
0,1,19.0,19.0,0,1.0,1,0,1,1,1,0,0,0,1,1,0,1,0,1,0,1,0,1,0,1,0,0,0,1,0,0,1,0,0,0,1423-BMPBQ
0,3,20.0,61.7,0,0.3241491085899514,1,0,0,0,1,0,0,0,1,1,0,1,0,1,0,1,0,1,0,1,0,0,0,1,0,0,1,0,0,0,2393-DIVAI
1,1,85.7,85.7,1,1.0,4,0,0,0,1,0,1,1,0,0,0,0,0,0,0,0,0,0,1,0,0,0,0,1,0,1,0,0,0,0,5192-EBGOV
0,52,63.25,3342.45,0,0.01892324492512977,5,1,0,0,1,0,0,0,0,0,1,0,1,0,0,0,0,0,1,0,0,0,1,1,1,0,0,0,0,1,4568-KNYWR
0,5,20.1,85.1,0,0.23619271445358406,1,1,1,1,1,0,0,0,1,1,0,1,0,1,0,1,0,1,0,1,0,1,0,0,0,0,1,0,0,0,8752-IMQOS
0,72,99.15,7422.1,0,0.013358752913595883,7,1,1,0,1,0,1,1,0,0,1,0,1,0,1,0,0,0,0,0,1,0,1,1,0,1,0,0,0,1,0742-LAFQK
0,71,90.4,6668.05,0,0.013557186883721628,9,1,1,1,1,0,1,0,0,0,1,0,1,0,1,0,1,0,1,0,1,0,1,0,0,1,0,0,0,1,0795-LAFGP
0,72,111.9,8071.05,0,0.013864367089783858,8,1,1,0,1,0,1,1,0,0,1,0,0,0,1,0,1,0,1,0,1,0,1,1,1,0,0,0,0,1,0619-OLYUR
0,46,24.9,1174.8,0,0.021195097037793667,2,1,1,1,1,0,1,0,1,1,0,1,0,1,0,1,0,1,0,1,0,1,0,0,0,1,0,0,1,0,5512-IDZEI
0,63,83.5,5435.0,0,0.015363385464581417,8,1,1,1,1,0,1,0,0,0,1,0,1,0,1,0,0,0,1,0,1,0,1,0,1,0,0,0,0,1,0459-SPZHJ
0,30,84.3,2438.6,0,0.0345690150086115,5,1,0,0,1,0,0,1,0,0,1,0,1,0,1,0,0,0,0,0,0,0,0,1,1,0,0,0,1,0,0215-BQKGS
0,1,45.6,45.6,0,1.0,2,1,0,0,1,0,0,0,0,0,0,0,0,0,0,0,0,0,0,0,0,0,0,0,0,0,1,0,0,0,9244-ZVAPM
0,12,61.65,713.75,1,0.08637478108581435,6,0,0,0,1,0,1,0,0,0,1,0,0,0,1,0,1,0,0,0,0,0,0,1,0,0,1,0,0,0,0719-SYFRB
0,16,54.85,916.15,0,0.05987010860666921,6,1,0,0,0,1,0,0,0,0,1,0,1,0,1,0,1,0,1,0,0,0,1,0,0,0,1,1,0,0,8208-EUMTE
0,4,65.55,237.2,0,0.27634907251264756,5,1,0,0,1,0,1,0,0,0,0,0,0,0,0,0,1,0,0,0,1,0,0,0,0,0,1,0,0,0,5172-MIGPM
0,51,90.35,4614.55,0,0.0195793739367869,5,1,1,0,1,0,1,1,0,0,0,0,1,0,0,0,0,0,0,0,1,1,0,1,1,0,0,0,0,1,1710-RCXUS
0,65,20.4,1414.45,0,0.014422567075541728,1,1,1,0,1,0,0,0,1,1,0,1,0,1,0,1,0,1,0,1,0,0,1,1,1,0,0,0,0,1,0374-FIUCA
0,16,74.55,1170.5,0,0.06369073045706962,3,1,0,0,1,0,0,1,0,0,0,0,0,0,0,0,1,0,0,0,0,0,0,1,1,0,0,1,0,0,5839-SUYVZ
0,2,19.95,47.7,0,0.4182389937106918,1,1,0,0,1,0,0,0,1,1,0,1,0,1,0,1,0,1,0,1,0,1,0,0,0,0,1,0,0,0,5173-ZXXXL
0,66,74.25,4859.25,0,0.015280135823429542,3,0,1,1,1,0,1,1,0,0,0,0,0,0,0,0,0,0,0,0,0,1,0,1,0,0,0,0,0,1,1096-ADRUX
0,46,108.65,4903.2,0,0.022158998205253713,8,1,0,0,1,0,1,1,0,0,0,0,1,0,1,0,1,0,1,0,1,0,1,0,0,1,0,0,1,0,2001-MCUUW
0,32,109.55,3608.0,0,0.030363082039911306,8,0,0,0,1,0,1,1,0,0,1,0,0,0,1,0,1,0,1,0,1,1,0,1,0,0,0,0,1,0,2731-GJRDG
0,72,86.65,6094.25,0,0.014218320548057595,8,1,1,0,1,0,1,0,0,0,1,0,0,0,1,0,1,0,1,0,1,0,1,0,1,0,0,0,0,1,4723-BEGSG
0,38,81.0,3084.9,0,0.02625692891179617,7,1,1,1,1,0,0,0,0,0,1,0,0,0,1,0,1,0,1,0,1,0,1,0,1,0,0,0,1,0,6516-NKQBO
0,51,47.85,2356.75,0,0.02030338389731622,3,1,0,1,1,0,0,0,0,0,0,0,0,0,0,0,1,0,0,0,0,1,0,0,1,0,0,0,0,1,8672-OAUPW
0,72,114.55,8306.05,0,0.013791152232408907,9,1,1,1,1,0,1,1,0,0,1,0,1,0,1,0,1,0,1,0,1,0,1,0,0,0,0,0,0,1,8207-DMRVL
1,65,105.25,6786.4,1,0.01550895909465991,7,0,1,0,1,0,1,1,0,0,1,0,0,0,1,0,0,0,1,0,1,0,0,0,0,0,0,0,0,1,3419-SNJJD
0,9,29.95,248.95,1,0.12030528218517775,2,1,1,1,0,1,0,0,0,0,0,0,1,0,0,0,0,0,0,0,0,0,0,1,0,1,0,0,0,0,6543-CPZMK
0,9,65.0,663.05,1,0.09803182263781013,6,0,1,1,1,0,0,0,0,0,1,0,1,0,1,0,1,0,0,0,0,0,0,0,0,0,1,0,0,0,4765-OXPPD
0,66,20.55,1357.1,0,0.015142583450003686,1,1,0,1,1,0,0,0,1,1,0,1,0,1,0,1,0,1,0,1,0,0,1,0,0,0,1,0,0,1,2804-ETQDK
1,44,109.8,4860.35,0,0.022590965671196516,8,0,0,0,1,0,1,1,0,0,1,0,1,0,1,0,0,0,1,0,1,1,0,1,1,0,0,0,1,0,6689-VRRTK
0,50,69.5,3418.2,0,0.0203323386577731,6,1,0,0,1,0,1,0,0,0,0,0,0,0,1,0,1,0,0,0,1,0,1,0,0,0,0,0,0,1,7138-GIRSH
0,15,48.85,631.4,0,0.07736775419702249,3,0,0,0,1,0,1,0,0,0,0,0,0,0,0,0,0,0,0,0,0,0,0,0,0,0,1,1,0,0,9396-ZSFLL
0,8,25.25,186.3,0,0.13553408480944712,1,1,0,0,0,1,0,0,0,0,0,0,0,0,0,0,0,0,0,0,0,0,0,1,1,0,0,0,0,0,6464-KEXXH
1,66,102.85,6976.75,0,0.014741821048482458,7,0,0,0,1,0,1,1,0,0,0,0,0,0,1,0,1,0,1,0,1,1,0,1,1,0,0,0,0,1,7134-MJPDY
0,57,87.55,4884.85,0,0.017922761190210548,6,0,0,0,1,0,1,1,0,0,1,0,1,0,0,0,1,0,0,0,0,0,0,1,0,0,0,0,0,1,5240-CAOYT
0,7,78.55,522.95,0,0.15020556458552442,4,0,0,0,1,0,1,1,0,0,0,0,1,0,0,0,0,0,0,0,0,0,0,1,0,0,0,0,0,0,4059-IIEBK
1,10,34.55,362.6,0,0.09528405956977384,2,1,1,1,0,1,0,0,0,0,0,0,0,0,0,0,0,0,0,0,1,0,0,1,0,0,0,0,0,0,4881-JVQOD
0,62,92.05,5755.8,0,0.015992564022377427,6,0,0,0,1,0,1,1,0,0,1,0,1,0,1,0,0,0,0,0,0,1,0,1,0,1,0,0,0,1,0516-UXRMT
0,40,85.05,3355.65,0,0.025345313128603993,4,1,1,1,1,0,0,1,0,0,0,0,0,0,1,0,0,0,1,0,0,1,0,1,0,1,0,0,1,0,4851-BQDNX
0,20,19.7,406.95,0,0.048408895441700454,1,0,0,0,1,0,0,0,1,1,0,1,0,1,0,1,0,1,0,1,0,0,1,0,0,0,1,1,0,0,5148-HKFIR
0,7,20.0,137.6,1,0.14534883720930233,1,0,0,0,1,0,0,0,1,1,0,1,0,1,0,1,0,1,0,1,0,0,0,0,0,0,0,0,0,0,1009-IRMNA
0,25,95.15,2395.7,0,0.03971699294569438,5,0,1,0,1,0,0,1,0,0,0,0,0,0,0,0,1,0,1,0,1,0,0,1,0,1,0,0,1,0,3003-CMDUU
0,23,84.25,1968.1,0,0.042807784157309084,5,1,1,0,1,0,1,1,0,0,0,0,1,0,1,0,0,0,0,0,0,0,0,0,0,1,0,1,0,0,5016-IBERQ
1,66,104.6,6819.45,0,0.0153384803759834,7,0,1,0,1,0,1,1,0,0,0,0,1,0,1,0,0,0,1,0,1,1,0,0,1,0,0,0,0,1,6797-UCJHZ
1,72,111.65,7943.45,0,0.014055605561815081,8,0,0,0,1,0,1,1,0,0,0,0,1,0,1,0,1,0,1,0,1,0,1,0,0,1,0,0,0,1,2469-DTSGX
1,49,90.05,4547.25,1,0.019803177744790807,5,1,1,0,1,0,1,1,0,0,0,0,1,0,0,0,0,0,0,0,1,0,0,0,1,0,0,0,0,1,4554-YGZIH
1,43,110.75,4687.9,1,0.023624650696473903,8,1,1,1,1,0,1,1,0,0,0,0,1,0,1,0,1,0,1,0,1,0,0,1,0,0,0,0,1,0,5099-BAILX
0,46,55.0,2473.95,0,0.02223165383293923,4,0,1,0,1,0,1,0,0,0,1,0,0,0,0,0,0,0,0,0,0,0,0,0,0,0,0,0,1,0,9931-KGHOA
0,72,89.85,6562.9,0,0.0136905940971217,9,1,1,1,1,0,1,0,0,0,1,0,1,0,1,0,1,0,1,0,1,0,1,0,1,0,0,0,0,1,1775-KWJKQ
0,10,20.35,176.3,0,0.11542824730572887,1,1,0,0,1,0,0,0,1,1,0,1,0,1,0,1,0,1,0,1,0,1,0,0,0,0,1,0,0,0,7665-VIGUD
0,40,54.55,2236.2,0,0.02439406135408282,5,0,0,0,0,1,0,0,0,0,1,0,0,0,0,0,1,0,1,0,1,1,0,1,0,0,0,0,1,0,9411-TPQQV
0,65,105.5,6985.65,1,0.015102388467787537,7,0,1,1,1,0,1,1,0,0,0,0,1,0,1,0,0,0,1,0,1,0,0,1,0,1,0,0,0,1,7207-RMRDB
0,31,99.45,3109.9,0,0.03197852020965304,6,1,0,0,1,0,0,1,0,0,0,0,0,0,1,0,1,0,1,0,1,0,1,0,0,0,0,0,1,0,7954-MLBUN
0,68,70.9,4911.35,0,0.014435949382552658,7,0,1,0,1,0,1,0,0,0,1,0,1,0,1,0,1,0,0,0,0,0,1,0,1,0,0,0,0,1,2077-DDHJK
1,56,104.55,5794.65,1,0.01804250472418524,7,1,1,1,1,0,1,1,0,0,1,0,0,0,1,0,0,0,1,0,1,1,0,1,0,0,0,0,0,1,4913-EHYUI
0,10,85.25,855.3,1,0.09967262948672981,4,1,1,0,1,0,1,1,0,0,0,0,0,0,0,0,0,0,0,0,1,0,0,1,0,1,0,0,0,0,0195-IESCP
0,68,25.4,1620.2,0,0.015677076904085915,2,1,1,1,1,0,1,0,1,1,0,1,0,1,0,1,0,1,0,1,0,0,1,0,0,0,0,0,0,1,9574-BOSMD
0,43,56.15,2499.3,1,0.02246629056135718,3,0,1,1,1,0,0,0,0,0,0,0,0,0,0,0,0,0,1,0,0,0,0,0,0,1,0,0,1,0,4580-TMHJU
0,1,89.55,89.55,1,1.0,4,1,0,0,1,0,0,1,0,0,0,0,0,0,0,0,0,0,1,0,1,0,0,1,0,1,0,0,0,0,0970-ETWGE
1,49,89.85,4287.2,0,0.02095773465198731,5,0,0,0,1,0,0,1,0,0,0,0,1,0,1,0,0,0,0,0,1,1,0,1,0,0,0,0,0,1,4908-XAXAY
0,15,25.25,394.85,0,0.0639483348106876,2,0,1,1,1,0,1,0,1,1,0,1,0,1,0,1,0,1,0,1,0,0,0,1,0,1,0,1,0,0,8404-VLQFB
1,20,94.55,1899.65,1,0.0497723264811939,5,1,1,0,1,0,1,1,0,0,0,0,0,0,0,0,0,0,1,0,1,0,0,1,0,1,0,1,0,0,1626-ERCMM
0,1,45.7,45.7,1,1.0,2,1,0,0,1,0,0,0,0,0,0,0,0,0,0,0,0,0,0,0,0,0,0,1,0,0,1,0,0,0,0887-HJGAR
0,50,69.65,3442.15,0,0.020234446494196943,6,1,1,1,1,0,1,0,0,0,0,0,0,0,1,0,1,0,1,0,0,1,0,1,0,1,0,0,0,1,2391-IPLOP
1,2,89.5,161.5,1,0.5541795665634675,5,0,0,0,1,0,1,1,0,0,0,0,1,0,0,0,0,0,0,0,1,0,0,0,0,1,0,0,0,0,5644-PDMZC
1,24,70.0,1732.6,0,0.0404017084150987,2,1,0,0,1,0,0,1,0,0,0,0,0,0,0,0,0,0,0,0,0,0,0,0,1,0,0,1,0,0,3509-GWQGF
0,3,69.55,222.3,1,0.31286549707602335,2,0,0,0,1,0,0,1,0,0,0,0,0,0,0,0,0,0,0,0,0,0,0,1,0,0,0,0,0,0,9576-ANLXO
0,1,74.6,74.6,1,1.0,3,0,0,0,1,0,0,1,0,0,0,0,0,0,1,0,0,0,0,0,0,0,0,1,0,0,1,0,0,0,2024-BASKD
0,35,20.1,655.3,0,0.03067297421028537,1,1,1,1,1,0,0,0,1,1,0,1,0,1,0,1,0,1,0,1,0,0,1,0,0,0,1,0,1,0,5845-BZZIB
0,17,24.8,475.25,0,0.05218306154655444,2,0,0,0,1,0,1,0,1,1,0,1,0,1,0,1,0,1,0,1,0,0,0,0,0,0,1,1,0,0,1140-UKVZG
1,8,19.65,164.3,1,0.11959829580036517,1,0,0,0,1,0,0,0,1,1,0,1,0,1,0,1,0,1,0,1,0,0,0,0,0,1,0,0,0,0,4160-AMJTL
0,10,95.1,865.1,0,0.10992948792047161,5,1,0,0,1,0,0,1,0,0,0,0,0,0,0,0,1,0,1,0,1,0,0,1,1,0,0,0,0,0,5183-SNMJQ
0,68,88.85,6132.7,0,0.014487909077567793,9,1,1,1,1,0,1,0,0,0,1,0,1,0,1,0,1,0,1,0,1,0,1,1,1,0,0,0,0,1,8100-PNJMH
0,45,78.8,3597.5,0,0.021904100069492703,7,1,1,0,1,0,0,0,0,0,1,0,1,0,1,0,0,0,1,0,1,1,0,0,0,0,0,0,1,0,7838-LAZFO
0,2,19.85,35.9,1,0.5529247910863511,1,1,1,1,1,0,0,0,1,1,0,1,0,1,0,1,0,1,0,1,0,1,0,0,0,0,1,0,0,0,4464-JCOLN
0,37,20.35,697.65,0,0.02916935426073246,1,1,1,0,1,0,0,0,1,1,0,1,0,1,0,1,0,1,0,1,0,0,0,0,0,0,0,0,1,0,2085-JVGAD
0,4,24.25,96.05,1,0.25247267048412286,1,0,0,0,0,1,0,0,0,0,0,0,0,0,0,0,0,0,0,0,0,0,0,1,0,0,1,0,0,0,5650-VDUDS
0,10,45.25,428.7,0,0.10555166783298345,2,0,0,0,1,0,0,0,0,0,0,0,0,0,0,0,0,0,0,0,0,0,0,0,0,0,1,0,0,0,8095-WANWK
0,1,20.05,20.05,0,1.0,1,1,0,0,1,0,0,0,1,1,0,1,0,1,0,1,0,1,0,1,0,0,0,0,0,0,1,0,0,0,3030-ZKIWL
0,65,69.55,4459.15,0,0.015597142953253424,6,1,1,1,1,0,1,0,0,0,1,0,1,0,0,0,0,0,0,0,1,0,1,1,0,0,1,0,0,1,9565-FLVCG
0,57,19.5,1167.6,0,0.01670092497430627,1,0,1,1,1,0,0,0,1,1,0,1,0,1,0,1,0,1,0,1,0,0,1,0,0,0,0,0,0,1,8755-OGKNA
0,3,74.75,238.1,0,0.3139437211255775,3,0,0,0,1,0,0,1,0,0,0,0,0,0,1,0,0,0,0,0,0,0,0,1,0,0,1,0,0,0,2800-VEQXM
0,2,69.65,145.15,1,0.47984843265587324,2,0,0,0,1,0,0,1,0,0,0,0,0,0,0,0,0,0,0,0,0,0,0,0,0,1,0,0,0,0,7538-GWHML
0,49,30.2,1453.1,0,0.020783153258550686,2,1,0,0,0,1,0,0,0,0,0,0,0,0,1,0,0,0,0,0,0,0,0,1,0,0,0,0,0,1,5533-RJFTJ
0,4,45.65,191.05,1,0.2389426851609526,2,0,0,0,1,0,0,0,0,0,0,0,0,0,0,0,0,0,0,0,0,0,0,0,0,0,1,0,0,0,3859-CVCET
0,70,57.8,4039.3,0,0.014309410046295148,6,0,1,0,0,1,0,0,0,0,0,0,1,0,1,0,1,0,1,0,1,0,1,0,0,0,0,0,0,1,0214-JHPFW
0,53,19.85,1039.45,0,0.019096637644908366,1,0,1,1,1,0,0,0,1,1,0,1,0,1,0,1,0,1,0,1,0,1,0,1,0,0,0,0,0,1,5642-MHDQT
0,53,25.55,1336.1,0,0.019122820148192502,2,1,1,1,1,0,1,0,1,1,0,1,0,1,0,1,0,1,0,1,0,0,1,0,1,0,0,0,0,1,3088-FVYWK
0,1,75.05,75.05,1,1.0,3,0,0,0,1,0,1,1,0,0,0,0,0,0,0,0,0,0,0,0,0,0,0,1,0,0,1,0,0,0,3276-HDUEG
0,22,24.85,493.4,0,0.050364815565464134,2,1,0,0,1,0,1,0,1,1,0,1,0,1,0,1,0,1,0,1,0,0,0,1,1,0,0,1,0,0,9092-GDZKO
1,52,49.15,2550.9,1,0.019267709435885374,4,1,0,0,0,1,0,0,0,0,0,0,1,0,0,0,0,0,1,0,1,0,0,1,0,1,0,0,0,1,0823-HSCDJ
1,65,110.35,7246.15,0,0.01522877666070948,8,1,0,0,1,0,1,1,0,0,1,0,0,0,1,0,1,0,1,0,1,0,1,1,0,1,0,0,0,1,3729-OWRVL
0,48,24.55,1203.95,0,0.020391212259645335,2,0,0,0,1,0,1,0,1,1,0,1,0,1,0,1,0,1,0,1,0,1,0,0,0,0,0,0,1,0,2324-AALNO
0,2,34.7,62.25,1,0.5574297188755021,2,0,0,0,0,1,0,0,0,0,0,0,0,0,0,0,0,0,0,0,1,0,0,1,0,1,0,0,0,0,0822-GAVAP
0,3,107.95,313.6,0,0.3442283163265306,7,1,0,0,1,0,1,1,0,0,0,0,1,0,1,0,0,0,1,0,1,0,0,0,0,0,1,0,0,0,5760-IFJOZ
0,45,81.4,3775.85,0,0.021558059774620286,4,1,1,0,1,0,1,1,0,0,0,0,1,0,0,0,0,0,0,0,0,0,0,0,0,0,0,0,1,0,2826-UWHIS
0,1,80.0,80.0,1,1.0,3,1,1,1,1,0,0,1,0,0,0,0,0,0,0,0,0,0,0,0,1,0,0,0,0,1,0,0,0,0,1448-PWKYE
0,61,73.8,4616.05,0,0.0159876951072887,6,0,1,1,1,0,0,0,0,0,0,0,0,0,1,0,1,0,1,0,1,0,1,1,0,0,0,0,0,1,7501-IWUNG
0,3,64.4,195.65,0,0.32915921288014316,5,1,0,0,1,0,0,0,0,0,1,0,0,0,0,0,1,0,1,0,0,0,0,1,1,0,0,0,0,0,4957-TREIR
1,40,103.75,4188.4,0,0.024770795530512847,7,0,0,0,1,0,1,1,0,0,0,0,0,0,1,0,1,0,1,0,1,1,0,1,1,0,0,0,1,0,7251-LJBQN
0,1,71.1,71.1,0,1.0,2,0,0,0,1,0,0,1,0,0,0,0,0,0,0,0,0,0,0,0,0,0,0,0,0,0,1,0,0,0,8040-MNRTF
0,1,49.9,49.9,0,1.0,3,0,0,0,1,0,0,0,0,0,0,0,0,0,0,0,1,0,0,0,0,0,0,1,0,1,0,0,0,0,1536-HBSWP
0,51,24.6,1266.4,0,0.019425142135186355,2,1,0,0,1,0,1,0,1,1,0,1,0,1,0,1,0,1,0,1,0,1,0,1,0,0,0,0,0,1,5313-FPXWG
1,2,49.25,91.1,1,0.5406147091108672,3,1,0,0,1,0,0,0,0,0,1,0,0,0,0,0,0,0,0,0,0,0,0,1,0,1,0,0,0,0,0067-DKWBL
0,52,30.1,1623.4,0,0.01854133300480473,2,1,0,0,0,1,0,0,0,0,0,0,1,0,0,0,0,0,0,0,0,1,0,0,0,0,1,0,0,1,0946-FKYTX
0,51,83.4,4149.45,0,0.020099049271590213,4,1,0,0,1,0,1,1,0,0,0,0,0,0,0,0,0,0,0,0,1,0,0,0,0,0,0,0,0,1,5076-YVXCM
0,1,20.45,20.45,0,1.0,1,1,0,0,1,0,0,0,1,1,0,1,0,1,0,1,0,1,0,1,0,0,0,1,0,0,1,0,0,0,8262-COGGB
0,31,75.25,2344.5,0,0.032096395820004266,7,1,1,1,1,0,1,0,0,0,1,0,1,0,0,0,1,0,0,0,1,1,0,1,0,0,0,0,1,0,6663-JOCQO
0,47,20.55,1013.05,0,0.020285277133409014,1,1,0,1,1,0,0,0,1,1,0,1,0,1,0,1,0,1,0,1,0,1,0,0,1,0,0,0,1,0,9620-QJREV
0,3,75.1,270.7,1,0.2774288880679719,3,0,0,0,1,0,1,1,0,0,0,0,0,0,0,0,0,0,0,0,0,0,0,1,1,0,0,0,0,0,2276-YDAVZ
1,22,20.05,417.0,0,0.04808153477218226,1,0,0,0,1,0,0,0,1,1,0,1,0,1,0,1,0,1,0,1,0,1,0,1,0,0,1,1,0,0,2682-KEVRP
0,1,20.65,20.65,0,1.0,1,0,1,0,1,0,0,0,1,1,0,1,0,1,0,1,0,1,0,1,0,0,0,1,0,0,1,0,0,0,2480-JZOSN
0,72,85.15,6316.2,0,0.013481207054874768,8,1,1,0,1,0,1,0,0,0,0,0,1,0,1,0,1,0,1,0,1,0,1,1,0,0,0,0,0,1,0078-XZMHT
0,3,50.15,168.15,1,0.2982456140350877,3,1,1,1,1,0,0,0,0,0,0,0,0,0,1,0,0,0,0,0,0,0,0,1,0,1,0,0,0,0,5896-NPFWW
1,47,84.95,4018.05,0,0.021142096290489167,4,1,1,1,1,0,0,1,0,0,0,0,1,0,0,0,0,0,1,0,0,1,0,1,0,0,0,0,1,0,9978-HYCIN
0,72,66.5,4811.6,0,0.013820766481004238,6,1,1,1,1,0,1,0,0,0,1,0,0,0,1,0,1,0,0,0,0,0,1,1,1,0,0,0,0,1,8338-QIUNR
0,66,63.3,4189.7,0,0.015108480320786691,5,1,1,1,1,0,1,0,0,0,0,0,0,0,1,0,0,0,1,0,0,0,1,1,0,0,0,0,0,1,1525-LNLOJ
0,35,83.15,2848.45,0,0.029191314574593202,4,1,0,0,1,0,1,1,0,0,0,0,0,0,0,0,0,0,1,0,0,0,0,0,0,1,0,0,1,0,9450-TRJUU
0,29,84.9,2516.2,0,0.03374135601303553,4,1,0,0,1,0,1,1,0,0,0,0,0,0,0,0,0,0,0,0,1,0,0,1,0,1,0,0,1,0,1766-GKNMI
0,2,20.55,33.6,0,0.6116071428571429,1,0,0,0,1,0,0,0,1,1,0,1,0,1,0,1,0,1,0,1,0,0,0,1,0,0,1,0,0,0,6942-LBFDP
0,4,49.25,208.45,0,0.23626769009354762,3,1,0,0,1,0,0,0,0,0,0,0,1,0,0,0,0,0,0,0,0,0,0,0,0,0,1,0,0,0,1456-TWCGB
0,25,79.85,2015.35,1,0.03962090951943831,4,0,0,0,1,0,0,1,0,0,1,0,1,0,0,0,0,0,0,0,0,0,0,1,0,0,0,0,1,0,7133-VBDCG
0,65,59.6,3739.8,0,0.015936681105941493,5,0,0,0,1,0,0,0,0,0,1,0,1,0,0,0,1,0,0,0,0,0,1,1,0,0,1,0,0,1,7596-ZYWBB
1,27,104.65,2964.0,0,0.03530701754385965,7,1,0,0,1,0,1,1,0,0,0,0,1,0,0,0,1,0,1,0,1,1,0,1,0,0,0,0,1,0,8329-UTMVM
0,29,75.3,2263.4,0,0.033268534063797824,3,1,1,0,1,0,0,1,0,0,0,0,0,0,1,0,0,0,0,0,0,0,0,1,1,0,0,0,1,0,3014-WJKSM
0,29,80.1,2211.8,0,0.036214847635410066,7,1,1,1,1,0,1,0,0,0,0,0,1,0,1,0,0,0,1,0,1,0,0,0,1,0,0,0,1,0,3347-YJZZE
0,1,19.55,19.55,1,1.0,1,1,0,0,1,0,0,0,1,1,0,1,0,1,0,1,0,1,0,1,0,0,0,0,0,0,1,0,0,0,1029-QFBEN
0,20,81.0,1683.7,0,0.04810833283839164,4,0,1,0,1,0,0,1,0,0,0,0,0,0,1,0,1,0,0,0,0,0,0,1,0,0,1,1,0,0,7929-DMBCV
0,58,24.7,1519.0,0,0.016260697827518104,2,0,0,0,1,0,1,0,1,1,0,1,0,1,0,1,0,1,0,1,0,0,1,1,1,0,0,0,0,1,9661-JALZV
0,14,86.0,1164.05,0,0.07387998797302521,5,0,0,1,1,0,1,1,0,0,1,0,0,0,0,0,1,0,0,0,0,0,0,1,0,0,1,1,0,0,5433-KYGHE
0,72,25.4,1710.9,0,0.014845987491963293,2,1,1,0,1,0,1,0,1,1,0,1,0,1,0,1,0,1,0,1,0,0,1,0,0,0,1,0,0,1,4312-KFRXN
0,46,89.15,4245.55,0,0.020998457208135576,5,1,0,0,1,0,1,1,0,0,1,0,0,0,0,0,0,0,1,0,0,0,0,1,1,0,0,0,1,0,5575-TPIZQ
0,71,58.25,4145.9,0,0.014050025326225912,6,0,1,0,0,1,0,0,0,0,0,0,1,0,1,0,1,0,1,0,1,0,1,0,0,0,0,0,0,1,0114-IGABW
0,32,85.65,2664.3,0,0.03214728071163157,4,1,0,0,1,0,1,1,0,0,0,0,0,0,0,0,0,0,0,0,1,0,0,1,0,0,0,0,1,0,9944-AEXBM
0,26,50.35,1277.5,0,0.03941291585127202,4,0,0,0,0,1,0,0,0,0,0,0,0,0,1,0,0,0,1,0,1,0,0,1,1,0,0,0,1,0,1853-ARAAQ
1,68,80.35,5589.3,0,0.014375682106882793,4,1,1,0,1,0,1,1,0,0,0,0,0,0,1,0,0,0,0,0,0,0,0,1,1,0,0,0,0,1,6952-OMNWB
0,2,20.2,34.75,0,0.581294964028777,1,1,1,1,1,0,0,0,1,1,0,1,0,1,0,1,0,1,0,1,0,1,0,0,0,0,1,0,0,0,4697-LUPSU
0,61,20.55,1305.95,0,0.01573567135035798,1,1,1,1,1,0,0,0,1,1,0,1,0,1,0,1,0,1,0,1,0,0,1,0,1,0,0,0,0,1,8434-VGEQQ
0,4,85.95,381.3,1,0.22541306058221872,4,0,1,1,1,0,1,1,0,0,0,0,0,0,0,0,0,0,0,0,1,0,0,1,0,1,0,0,0,0,4952-YSOGZ
0,3,45.35,141.5,1,0.3204946996466431,2,1,0,0,1,0,0,0,0,0,0,0,0,0,0,0,0,0,0,0,0,0,0,1,0,1,0,0,0,0,1589-AGTLK
1,33,94.5,3105.55,1,0.030429392539163755,5,1,1,0,1,0,1,1,0,0,0,0,0,0,0,0,0,0,1,0,1,0,0,1,0,1,0,0,1,0,5244-IRFIH
1,9,21.25,204.55,0,0.10388658029821558,1,1,1,0,1,0,0,0,1,1,0,1,0,1,0,1,0,1,0,1,0,0,0,1,0,0,1,0,0,0,6549-YMFAW
0,22,26.25,605.9,0,0.04332398085492656,2,0,0,0,1,0,1,0,1,1,0,1,0,1,0,1,0,1,0,1,0,0,1,0,0,0,1,1,0,0,4950-HKQTE
0,5,80.85,356.1,0,0.22704296545914066,3,0,1,1,1,0,0,1,0,0,0,0,0,0,0,0,0,0,1,0,0,0,0,1,0,1,0,0,0,0,6786-OBWQR
1,30,91.7,2758.15,1,0.03324692275619528,6,0,0,0,1,0,1,1,0,0,1,0,1,0,1,0,0,0,0,0,0,0,0,0,1,0,0,0,1,0,2684-EIWEO
0,65,74.2,4805.65,0,0.015440158979534508,7,1,0,0,1,0,1,0,0,0,0,0,1,0,1,0,1,0,0,0,1,0,1,1,1,0,0,0,0,1,2753-JMMCV
0,45,87.25,3941.7,1,0.022135119364741104,5,0,0,0,1,0,1,1,0,0,0,0,0,0,1,0,1,0,0,0,0,0,0,1,0,1,0,0,1,0,6439-GTPCA
0,5,20.35,92.75,0,0.21940700808625338,1,1,0,0,1,0,0,0,1,1,0,1,0,1,0,1,0,1,0,1,0,0,0,0,0,0,1,0,0,0,6621-YOBKI
0,25,75.5,1901.05,0,0.039714894400462906,3,1,1,1,1,0,0,1,0,0,0,0,1,0,0,0,0,0,0,0,0,0,0,1,0,1,0,0,1,0,1216-JWVUX
0,72,79.05,5730.7,0,0.013794126371996441,4,0,1,1,1,0,1,1,0,0,1,0,0,0,0,0,0,0,0,0,0,0,1,0,0,0,0,0,0,1,7564-GHCVB
0,27,90.15,2423.4,0,0.03719980193117108,5,0,1,0,1,0,1,1,0,0,0,0,0,0,1,0,0,0,0,0,1,0,0,0,0,0,0,0,1,0,1173-NOEYG
0,32,50.6,1653.45,0,0.030602679246424142,4,1,1,1,0,1,0,0,0,0,0,0,0,0,1,0,0,0,1,0,1,0,0,0,1,0,0,0,1,0,7595-EHCDL
0,30,110.45,3327.05,0,0.03319757743346208,8,0,0,0,1,0,1,1,0,0,0,0,1,0,1,0,1,0,1,0,1,1,0,0,1,0,0,0,1,0,6647-ZEDXT
0,70,101.0,7085.5,0,0.014254463340625221,7,1,1,0,1,0,0,1,0,0,1,0,1,0,1,0,1,0,0,0,1,0,1,0,1,0,0,0,0,1,2521-NPUZR
1,42,79.35,3344.1,0,0.023728357405579974,4,1,0,0,1,0,1,1,0,0,0,0,1,0,0,0,0,0,0,0,0,0,0,1,0,0,0,0,1,0,1307-TVUFB
1,72,89.85,6697.35,0,0.013415753992250664,9,0,1,0,1,0,1,0,0,0,1,0,1,0,1,0,1,0,1,0,1,0,1,1,0,0,0,0,0,1,7503-MIOGA
0,47,65.0,2879.9,0,0.022570228132921283,6,0,0,0,1,0,1,0,0,0,1,0,0,0,1,0,1,0,0,0,0,0,1,1,0,0,1,0,1,0,4381-MHQDC
0,2,80.45,137.1,0,0.5867979576951131,4,0,0,0,1,0,0,1,0,0,1,0,0,0,1,0,0,0,0,0,0,0,0,1,0,1,0,0,0,0,6923-JHPMP
0,10,98.55,1008.55,1,0.09771454067720986,6,1,0,0,1,0,1,1,0,0,1,0,0,0,0,0,0,0,1,0,1,0,0,0,0,1,0,0,0,0,5138-WVKYJ
0,61,24.1,1551.6,0,0.015532353699407066,2,0,1,1,1,0,1,0,1,1,0,1,0,1,0,1,0,1,0,1,0,0,1,1,0,0,1,0,0,1,4018-PPNDW
0,5,44.05,202.15,0,0.2179074944348256,2,0,0,0,1,0,0,0,0,0,0,0,0,0,0,0,0,0,0,0,0,0,0,1,1,0,0,0,0,0,1635-FJFCC
1,72,110.8,7882.25,0,0.014056899996828317,8,0,1,0,1,0,1,1,0,0,0,0,1,0,1,0,1,0,1,0,1,0,1,1,1,0,0,0,0,1,2499-AJYUA
1,72,114.95,8196.4,0,0.014024449758430532,9,1,1,1,1,0,1,1,0,0,1,0,1,0,1,0,1,0,1,0,1,0,1,1,0,0,0,0,0,1,6919-ELBGL
1,3,75.05,202.9,0,0.36988664366683094,3,0,0,0,1,0,0,1,0,0,0,0,0,0,1,0,0,0,0,0,0,0,0,0,0,0,1,0,0,0,3966-HRMZA
0,48,19.25,855.1,0,0.022511986902116712,1,1,1,0,1,0,0,0,1,1,0,1,0,1,0,1,0,1,0,1,0,0,1,0,0,0,1,0,1,0,6425-JWTDV
0,63,90.05,5817.0,0,0.015480488224170533,5,0,0,0,1,0,0,1,0,0,0,0,0,0,1,0,1,0,1,0,0,1,0,1,1,0,0,0,0,1,8405-IGQFX
0,27,56.7,1652.95,0,0.03430230799479718,4,0,0,0,1,0,0,0,0,0,1,0,1,0,0,0,0,0,0,0,0,0,0,1,0,0,1,0,1,0,8224-IVVPA
0,70,80.15,5600.15,0,0.014312116639732867,7,1,1,1,1,0,0,0,0,0,1,0,1,0,1,0,0,0,1,0,1,0,1,1,1,0,0,0,0,1,9477-LGWQI
0,7,71.35,515.75,0,0.13834222006786231,6,1,1,1,1,0,0,0,0,0,1,0,0,0,1,0,1,0,0,0,1,0,0,1,1,0,0,0,0,0,1410-RSCMR
0,0,20.25,0.0,0,0.0,1,1,0,1,1,0,0,0,1,1,0,1,0,1,0,1,0,1,0,1,0,0,1,0,0,0,1,0,0,0,3115-CZMZD
0,2,90.35,190.5,0,0.4742782152230971,5,0,1,0,1,0,0,1,0,0,1,0,1,0,0,0,0,0,1,0,0,0,0,0,0,1,0,0,0,0,0139-IVFJG
1,20,98.55,1842.8,1,0.053478402431083136,6,1,0,0,1,0,1,1,0,0,0,0,0,0,1,0,0,0,1,0,1,0,0,1,0,1,0,1,0,0,6683-VLCTZ
0,66,19.7,1253.8,0,0.015712234806189183,1,1,0,0,1,0,0,0,1,1,0,1,0,1,0,1,0,1,0,1,0,0,1,0,0,0,0,0,0,1,5730-DBDSI
0,3,19.85,57.2,0,0.34702797202797203,1,0,0,0,1,0,0,0,1,1,0,1,0,1,0,1,0,1,0,1,0,0,0,0,0,0,1,0,0,0,0030-FNXPP
0,15,85.9,1269.55,1,0.06766176991847506,4,0,0,1,1,0,0,1,0,0,0,0,1,0,0,0,0,0,0,0,1,0,0,1,0,0,0,1,0,0,2189-WWOEW
0,72,90.35,6563.4,0,0.013765731175914921,6,0,1,1,1,0,1,1,0,0,1,0,1,0,0,0,1,0,0,0,0,0,1,1,0,0,0,0,0,1,5684-FJVYR
0,1,20.8,20.8,0,1.0,1,1,0,0,1,0,0,0,1,1,0,1,0,1,0,1,0,1,0,1,0,0,0,0,0,0,1,0,0,0,4013-GUXND
0,22,89.25,1907.85,1,0.046780407264722074,4,0,0,0,1,0,0,1,0,0,0,0,0,0,0,0,0,0,1,0,1,0,0,0,0,1,0,1,0,0,1894-IGFSG
0,3,70.3,208.85,1,0.3366052190567393,2,1,1,0,1,0,0,1,0,0,0,0,0,0,0,0,0,0,0,0,0,0,0,1,0,1,0,0,0,0,7379-POKDZ
0,72,66.85,4758.8,0,0.014047659073716062,6,0,1,1,1,0,1,0,0,0,1,0,0,0,1,0,1,0,0,0,0,0,1,0,0,0,0,0,0,1,1266-NZYUI
0,65,19.9,1292.6,0,0.015395327247408325,1,1,1,1,1,0,0,0,1,1,0,1,0,1,0,1,0,1,0,1,0,0,1,0,0,0,1,0,0,1,7969-FFOWG
0,11,35.8,363.15,0,0.09858185322869338,2,0,0,0,0,1,0,0,0,0,0,0,0,0,0,0,0,0,1,0,0,0,0,1,0,0,1,0,0,0,4718-DHSMV
0,22,78.85,1600.25,0,0.04927355100765505,4,1,0,0,1,0,1,1,0,0,0,0,1,0,0,0,0,0,0,0,0,0,0,1,0,0,1,1,0,0,5175-WLYXL
0,14,20.4,275.7,0,0.07399347116430903,1,1,0,0,1,0,0,0,1,1,0,1,0,1,0,1,0,1,0,1,0,1,0,0,0,0,0,1,0,0,7817-OMJNA
0,41,74.25,3089.1,0,0.0240361270272895,3,1,0,0,1,0,0,1,0,0,0,0,0,0,0,0,1,0,0,0,0,0,0,1,0,1,0,0,1,0,8728-SKJLR
0,17,64.8,1175.6,0,0.05512078938414427,5,1,1,0,1,0,0,0,0,0,1,0,1,0,0,0,0,0,0,0,1,1,0,0,0,0,1,1,0,0,3137-NYQQI
0,11,20.45,237.3,0,0.08617783396544458,1,1,0,0,1,0,0,0,1,1,0,1,0,1,0,1,0,1,0,1,0,0,0,1,1,0,0,0,0,0,7706-DZNKK
0,15,93.35,1444.65,1,0.06461772747724362,5,1,0,0,1,0,1,1,0,0,0,0,0,0,0,0,0,0,1,0,1,0,0,1,0,1,0,1,0,0,0236-HFWSV
0,1,19.9,19.9,1,1.0,1,0,0,0,1,0,0,0,1,1,0,1,0,1,0,1,0,1,0,1,0,0,0,0,0,0,1,0,0,0,3900-AQPHZ
0,5,88.9,454.15,1,0.1957503027634042,5,0,1,0,1,0,0,1,0,0,1,0,0,0,1,0,0,0,0,0,1,0,0,1,0,0,1,0,0,0,5842-POCOP
0,33,95.8,3036.75,1,0.03154688400428089,5,1,1,0,1,0,0,1,0,0,0,0,0,0,1,0,0,0,1,0,1,1,0,1,0,1,0,0,1,0,2037-XJFUP
0,72,110.65,8065.65,0,0.013718671154835632,8,0,1,0,1,0,1,1,0,0,1,0,1,0,1,0,0,0,1,0,1,0,1,1,1,0,0,0,0,1,8823-RLPWL
0,3,40.3,92.5,0,0.43567567567567567,3,0,1,1,0,1,0,0,0,0,0,0,1,0,0,0,0,0,0,0,1,0,0,0,0,0,1,0,0,0,9505-SQFSW
0,2,82.0,184.65,1,0.4440834010289737,4,1,0,0,1,0,1,1,0,0,0,0,1,0,0,0,0,0,0,0,0,0,0,1,0,1,0,0,0,0,7314-OXENN
0,59,107.0,6152.3,0,0.01739186970726395,8,0,1,0,1,0,1,1,0,0,1,0,1,0,1,0,1,0,0,0,1,1,0,1,1,0,0,0,0,1,3758-CKOQL
0,2,45.35,89.5,1,0.5067039106145251,2,1,0,0,1,0,0,0,0,0,0,0,0,0,0,0,0,0,0,0,0,0,0,0,0,1,0,0,0,0,0322-CHQRU
0,71,73.35,5154.5,0,0.014230284217673876,6,1,1,1,1,0,0,0,0,0,0,0,1,0,0,0,1,0,1,0,1,0,1,1,1,0,0,0,0,1,5676-CFLYY
0,5,44.8,220.45,0,0.20322068496257656,2,0,1,1,1,0,0,0,0,0,0,0,0,0,0,0,0,0,0,0,0,0,0,0,0,0,1,0,0,0,7521-AFHAB
0,27,54.75,1510.3,0,0.03625107594517646,4,1,1,1,1,0,0,0,0,0,1,0,1,0,0,0,0,0,0,0,0,0,0,1,1,0,0,0,1,0,0285-INHLN
0,1,52.2,52.2,1,1.0,3,0,0,0,1,0,0,0,0,0,0,0,0,0,0,0,1,0,0,0,0,0,0,1,0,1,0,0,0,0,4678-DVQEO
0,63,40.6,2588.95,0,0.0156820332567257,4,1,0,1,0,1,0,0,0,0,1,0,1,0,0,0,1,0,0,0,0,1,0,1,0,0,0,0,0,1,5125-CNDSP
1,46,110.0,4874.8,1,0.022565028308853697,8,0,0,0,1,0,1,1,0,0,1,0,1,0,1,0,0,0,1,0,1,1,0,1,0,1,0,0,1,0,0691-IFBQW
0,72,55.3,3983.6,0,0.013881915855005523,4,1,1,1,1,0,1,0,0,0,1,0,0,0,0,0,0,0,0,0,0,0,1,0,0,0,0,0,0,1,4992-LTJNE
0,34,60.85,2003.6,0,0.03037033339988022,5,0,1,0,1,0,1,0,0,0,1,0,0,0,0,0,1,0,0,0,0,0,0,1,0,0,0,0,1,0,2202-OUTMO
0,24,78.4,1832.4,0,0.0427854180309976,7,0,1,1,1,0,1,0,0,0,1,0,1,0,0,0,0,0,1,0,1,1,0,0,0,1,0,1,0,0,0810-BDHAW
0,72,69.65,4908.25,0,0.014190393724851017,7,1,0,0,1,0,1,0,0,0,1,0,1,0,1,0,1,0,0,0,0,0,1,0,0,0,0,0,0,1,0229-LFJAF
0,60,59.85,3590.2,0,0.01667038048019609,6,0,1,1,0,1,0,0,0,0,1,0,0,0,1,0,1,0,1,0,1,0,1,0,1,0,0,0,0,1,7131-ZQZNK
0,68,76.9,5023.0,0,0.015309575950627116,7,1,0,0,1,0,1,0,0,0,1,0,1,0,1,0,0,0,0,0,1,1,0,1,1,0,0,0,0,1,3442-ZHHCC
0,8,19.85,146.6,0,0.1354024556616644,1,0,1,1,1,0,0,0,1,1,0,1,0,1,0,1,0,1,0,1,0,0,1,1,0,0,1,0,0,0,5726-CVNYA
0,34,67.65,2339.3,0,0.028918907365451205,6,0,0,1,1,0,0,0,0,0,1,0,0,0,1,0,1,0,1,0,0,0,1,0,1,0,0,0,1,0,9871-ELEYA
0,6,45.0,298.7,0,0.15065282892534315,3,0,0,0,0,1,0,0,0,0,0,0,0,0,0,0,0,0,1,0,1,0,0,0,1,0,0,0,0,0,4257-GAESD
0,2,64.2,143.65,0,0.4469195962408632,5,1,1,0,1,0,0,0,0,0,0,0,1,0,0,0,1,0,0,0,1,0,0,1,0,0,1,0,0,0,5173-WXOQV
0,31,81.7,2548.65,0,0.03205618660859671,4,1,0,0,1,0,1,1,0,0,0,0,0,0,0,0,1,0,0,0,0,1,0,0,1,0,0,0,1,0,2040-OBMLJ
0,20,25.55,507.4,0,0.05035474970437525,2,0,1,1,1,0,1,0,1,1,0,1,0,1,0,1,0,1,0,1,0,0,0,1,0,0,0,1,0,0,6286-ZHAOK
0,1,20.0,20.0,0,1.0,1,0,1,1,1,0,0,0,1,1,0,1,0,1,0,1,0,1,0,1,0,0,0,0,0,1,0,0,0,0,3807-XHCJH
0,62,96.75,6125.4,1,0.0157948868645313,6,1,0,0,1,0,1,1,0,0,0,0,0,0,1,0,0,0,1,0,1,1,0,1,0,1,0,0,0,1,3009-JWMPU
1,70,75.65,5411.4,0,0.01397974646117456,3,0,1,0,1,0,1,1,0,0,0,0,0,0,0,0,0,0,0,0,0,0,1,1,1,0,0,0,0,1,5671-RQRLP
0,10,98.5,1058.25,1,0.09307819513347508,6,0,0,0,1,0,1,1,0,0,0,0,0,0,0,0,1,0,1,0,1,0,0,1,0,1,0,0,0,0,1450-GALXR
0,39,23.8,903.8,0,0.026333259570701484,2,1,1,1,1,0,1,0,1,1,0,1,0,1,0,1,0,1,0,1,0,0,1,1,0,0,1,0,1,0,8859-AXJZP
0,46,64.2,3009.5,0,0.021332447250373816,5,0,1,0,1,0,0,0,0,0,0,0,1,0,0,0,1,0,1,0,0,0,1,1,1,0,0,0,1,0,3174-AKMAS
0,6,85.35,489.45,1,0.17437940545510267,4,1,0,0,1,0,0,1,0,0,0,0,1,0,0,0,0,0,1,0,0,0,0,1,0,1,0,0,0,0,3138-BKYAV
0,72,76.8,5468.45,0,0.014044198996059212,6,0,1,1,1,0,1,0,0,0,0,0,0,0,1,0,0,0,1,0,1,0,1,1,0,0,0,0,0,1,9926-PJHDQ
0,18,55.2,1058.1,0,0.05216898213779417,4,1,0,0,1,0,0,0,0,0,0,0,0,0,1,0,1,0,0,0,0,0,0,0,1,0,0,1,0,0,7382-DFJTU
0,71,108.55,7616.0,0,0.014252888655462185,8,1,1,0,1,0,1,1,0,0,1,0,0,0,1,0,1,0,1,0,1,0,1,1,1,0,0,0,0,1,2798-NYLMZ
0,40,101.3,4113.1,1,0.024628625610853126,6,1,1,0,1,0,1,1,0,0,0,0,1,0,0,0,0,0,1,0,1,0,0,1,0,1,0,0,1,0,4289-DTDKW
0,1,69.55,69.55,1,1.0,2,1,0,0,1,0,0,1,0,0,0,0,0,0,0,0,0,0,0,0,0,0,0,1,0,1,0,0,0,0,1820-TQVEV
0,58,103.25,6017.65,1,0.017157860626656585,7,1,0,0,1,0,1,1,0,0,0,0,1,0,1,0,0,0,1,0,1,1,0,1,0,0,0,0,0,1,2239-JALAW
0,70,104.0,7250.15,1,0.014344530802810977,7,1,0,0,1,0,1,1,0,0,1,0,0,0,0,0,1,0,1,0,1,0,1,1,1,0,0,0,0,1,4853-RULSV
0,42,25.25,1108.2,0,0.022784695903266556,2,0,1,0,1,0,1,0,1,1,0,1,0,1,0,1,0,1,0,1,0,0,1,0,0,1,0,0,1,0,8098-TDCBU
0,34,30.4,938.65,0,0.032386938688542054,2,1,1,1,0,1,0,0,0,0,1,0,0,0,0,0,0,0,0,0,0,1,0,0,0,0,0,0,1,0,3551-GAEGL
1,5,20.05,94.15,0,0.21295804567180032,1,1,0,0,1,0,0,0,1,1,0,1,0,1,0,1,0,1,0,1,0,0,0,0,0,0,0,0,0,0,4785-NKHCX
0,25,84.6,2088.05,0,0.04051627116208902,4,0,0,0,1,0,1,1,0,0,0,0,0,0,0,0,0,0,1,0,0,0,0,1,0,0,1,0,1,0,3196-NVXLZ
0,2,86.2,178.7,1,0.4823726916620034,4,0,0,0,1,0,0,1,0,0,0,0,0,0,1,0,0,0,0,0,1,0,0,1,0,0,1,0,0,0,6275-YDUVO
0,55,103.7,5656.75,0,0.018332081141998496,7,0,1,1,1,0,0,1,0,0,0,0,1,0,1,0,1,0,1,0,1,1,0,1,0,0,0,0,0,1,0036-IHMOT
0,21,111.2,2317.1,1,0.04799102326183592,8,1,1,0,1,0,1,1,0,0,0,0,1,0,1,0,1,0,1,0,1,0,0,1,0,1,0,1,0,0,0115-TFERT
0,70,88.0,5986.45,0,0.014699863859215396,6,1,1,0,1,0,1,1,0,0,1,0,1,0,0,0,1,0,0,0,0,0,1,1,1,0,0,0,0,1,4178-EGMON
0,61,106.35,6751.35,0,0.015752405074540645,7,0,1,0,1,0,1,1,0,0,0,0,0,0,1,0,1,0,1,0,1,0,0,1,0,1,0,0,0,1,4220-TINQT
0,43,79.15,3566.6,0,0.02219200358885213,7,1,1,1,1,0,0,0,0,0,1,0,0,0,1,0,1,0,1,0,1,0,1,1,1,0,0,0,1,0,5318-YKDPV
0,47,103.1,4889.3,0,0.02108686315014419,7,1,0,0,1,0,1,1,0,0,0,0,1,0,1,0,0,0,1,0,1,1,0,1,0,1,0,0,1,0,7975-TZMLR
0,5,63.95,318.1,0,0.20103740961961647,5,1,0,0,1,0,0,0,0,0,0,0,0,0,1,0,1,0,1,0,0,0,0,1,1,0,0,0,0,0,0295-QVKPB
0,62,25.8,1563.95,0,0.016496691070686402,2,0,0,0,1,0,1,0,1,1,0,1,0,1,0,1,0,1,0,1,0,0,1,1,1,0,0,0,0,1,4335-BSMJS
0,16,89.45,1430.25,1,0.06254151372137738,5,0,1,1,1,0,0,1,0,0,0,0,1,0,1,0,0,0,1,0,0,0,0,1,1,0,0,1,0,0,2311-QYMUQ
1,7,95.6,644.35,1,0.14836657096298594,5,1,1,0,1,0,1,1,0,0,0,0,0,0,0,0,0,0,1,0,1,0,0,1,0,0,0,0,0,0,3643-AHCFP
0,14,25.55,372.45,0,0.06859981205530945,2,0,1,1,1,0,1,0,1,1,0,1,0,1,0,1,0,1,0,1,0,0,0,0,0,0,1,1,0,0,9146-JRIOX
0,60,90.95,5453.4,1,0.01667766897715187,5,1,1,1,1,0,0,1,0,0,0,0,1,0,1,0,0,0,1,0,0,1,0,0,0,1,0,0,0,1,3104-OWCGK
0,34,44.85,1442.6,0,0.03108969915430473,4,1,1,1,0,1,0,0,0,0,0,0,0,0,1,0,1,0,1,0,0,0,0,1,0,1,0,0,1,0,5337-IIWKZ
0,50,108.55,5610.7,1,0.01934696205464559,8,0,1,0,1,0,1,1,0,0,1,0,1,0,0,0,1,0,1,0,1,1,0,0,0,1,0,0,0,1,9101-BWFSS
0,38,25.05,963.95,0,0.025986825042792674,2,1,1,1,1,0,1,0,1,1,0,1,0,1,0,1,0,1,0,1,0,0,1,0,1,0,0,0,1,0,9650-VBUOG
0,70,74.1,5222.3,0,0.014189150374356125,7,0,1,1,1,0,0,0,0,0,1,0,1,0,1,0,1,0,0,0,1,1,0,0,1,0,0,0,0,1,3487-EARAT
0,37,88.8,3340.55,0,0.026582448997919502,5,0,1,1,1,0,1,1,0,0,0,0,1,0,0,0,0,0,1,0,0,0,0,1,0,1,0,0,1,0,2672-TGEFF
1,4,78.85,292.8,1,0.26929644808743164,3,0,0,0,1,0,0,1,0,0,0,0,0,0,0,0,0,0,1,0,0,0,0,1,0,1,0,0,0,0,9231-ZJYAM
1,60,93.25,5774.55,0,0.016148444467534266,6,1,1,1,1,0,1,1,0,0,1,0,1,0,0,0,0,0,0,0,1,0,0,1,0,1,0,0,0,1,4250-WAROZ
0,62,71.4,4487.3,0,0.015911572660619974,6,1,1,1,1,0,0,0,0,0,1,0,0,0,1,0,1,0,0,0,1,1,0,0,1,0,0,0,0,1,8184-WMOFI
0,1,44.4,44.4,1,1.0,2,1,0,0,1,0,0,0,0,0,0,0,0,0,0,0,0,0,0,0,0,0,0,0,0,0,1,0,0,0,6982-SSHFK
0,36,79.2,2854.95,0,0.02774129144118111,7,1,0,0,1,0,0,0,0,0,1,0,0,0,1,0,1,0,1,0,1,0,0,1,1,0,0,0,1,0,6092-QZVPP
0,44,20.4,905.55,0,0.02252774556899122,1,1,0,0,1,0,0,0,1,1,0,1,0,1,0,1,0,1,0,1,0,0,1,0,1,0,0,0,1,0,4625-LAMOB
1,55,100.0,5509.3,1,0.01815112627738551,6,0,0,0,1,0,1,1,0,0,0,0,0,0,1,0,0,0,1,0,1,1,0,1,0,1,0,0,0,1,0727-BMPLR
0,72,105.0,7589.8,0,0.013834356636538512,7,0,1,0,1,0,1,1,0,0,1,0,0,0,1,0,0,0,1,0,1,0,1,1,1,0,0,0,0,1,0392-BZIUW
0,12,19.8,229.6,1,0.08623693379790941,1,0,1,1,1,0,0,0,1,1,0,1,0,1,0,1,0,1,0,1,0,1,0,0,0,0,0,0,0,0,1038-ZAGBI
0,13,30.85,394.1,0,0.07827962446079675,2,0,0,0,0,1,0,0,0,0,1,0,0,0,0,0,0,0,0,0,0,0,0,1,0,0,0,1,0,0,6549-NNDYT
0,1,89.9,89.9,1,1.0,4,1,0,0,1,0,0,1,0,0,0,0,0,0,0,0,0,0,1,0,1,0,0,1,0,1,0,0,0,0,3027-ZTDHO
0,15,20.55,295.95,0,0.06943740496705525,1,0,1,1,1,0,0,0,1,1,0,1,0,1,0,1,0,1,0,1,0,1,0,0,0,0,1,1,0,0,0422-OHQHQ
0,65,84.85,5459.2,0,0.015542570339976552,8,0,0,0,1,0,0,0,0,0,1,0,1,0,1,0,1,0,1,0,1,0,1,1,0,0,0,0,0,1,6916-HIJSE
0,12,33.15,444.75,0,0.0745362563237774,3,0,1,1,0,1,0,0,0,0,1,0,0,0,0,0,1,0,0,0,0,1,0,0,1,0,0,0,0,0,2316-ESMLS
0,72,92.0,6782.15,0,0.013565019942053775,9,1,1,0,1,0,1,0,0,0,1,0,1,0,1,0,1,0,1,0,1,0,1,1,1,0,0,0,0,1,9778-OGKQZ
0,72,89.8,6510.45,0,0.013793209378767981,9,0,1,1,1,0,1,0,0,0,1,0,1,0,1,0,1,0,1,0,1,0,1,0,1,0,0,0,0,1,7408-OFWXJ
0,72,115.8,8476.5,0,0.01366129888515307,9,0,1,1,1,0,1,1,0,0,1,0,1,0,1,0,1,0,1,0,1,0,1,1,0,0,0,0,0,1,6007-TCTST
0,52,85.15,4461.85,0,0.01908401223707655,8,1,0,1,1,0,1,0,0,0,1,0,1,0,0,0,1,0,1,0,1,0,1,1,0,0,1,0,0,1,2252-NKNSI
0,2,24.85,62.0,0,0.40080645161290324,2,1,0,0,1,0,1,0,1,1,0,1,0,1,0,1,0,1,0,1,0,0,0,0,0,0,1,0,0,0,8713-IGZSO
0,5,64.35,352.65,0,0.182475542322416,5,0,0,0,1,0,0,0,0,0,1,0,0,0,0,0,1,0,1,0,0,0,0,1,0,1,0,0,0,0,7905-TVXTA
0,68,20.5,1424.9,0,0.014386974524528036,1,0,0,0,1,0,0,0,1,1,0,1,0,1,0,1,0,1,0,1,0,0,1,0,1,0,0,0,0,1,7695-PKLCZ
0,62,100.15,6413.65,1,0.015615133348405356,6,0,0,1,1,0,1,1,0,0,0,0,0,0,1,0,0,0,1,0,1,1,0,1,0,1,0,0,0,1,2382-BCKQJ
0,72,86.05,6309.65,0,0.013637840450738155,8,1,0,0,1,0,1,0,0,0,1,0,1,0,0,0,1,0,1,0,1,0,1,0,1,0,0,0,0,1,8374-UULRV
0,1,50.8,50.8,1,1.0,3,1,0,0,1,0,0,0,0,0,0,0,1,0,0,0,0,0,0,0,0,0,0,0,0,1,0,0,0,0,2207-NHRJK
0,66,89.0,5898.6,0,0.01508832604346794,6,0,1,0,1,0,1,1,0,0,1,0,1,0,0,0,1,0,0,0,0,1,0,0,0,1,0,0,0,1,3224-DFQNQ
0,72,64.8,4719.75,0,0.01372954075957413,7,1,1,1,0,1,0,0,0,0,1,0,1,0,1,0,1,0,1,0,1,0,1,1,1,0,0,0,0,1,5275-PMFUT
0,26,19.8,457.3,0,0.04329761644434726,1,1,0,0,1,0,0,0,1,1,0,1,0,1,0,1,0,1,0,1,0,1,0,0,1,0,0,0,1,0,4795-UXVCJ
0,64,93.4,5822.3,0,0.016041770434364427,6,1,1,1,1,0,1,1,0,0,1,0,0,0,1,0,0,0,0,0,1,0,1,0,0,0,0,0,0,1,9777-IQHWP
1,20,73.65,1463.5,1,0.05032456440040998,3,1,1,0,1,0,0,1,0,0,0,0,1,0,0,0,0,0,0,0,0,0,0,1,0,1,0,1,0,0,0947-MUGVO
0,3,95.1,307.4,1,0.30936890045543264,5,0,0,0,1,0,0,1,0,0,0,0,1,0,0,0,0,0,1,0,1,0,0,1,0,1,0,0,0,0,9944-HKVVB
0,22,94.65,2104.55,1,0.04497398493739754,5,1,0,0,1,0,1,1,0,0,0,0,0,0,0,0,0,0,1,0,1,0,0,1,1,0,0,1,0,0,4124-MMETB
0,4,80.6,319.15,1,0.2525458248472505,4,1,1,0,1,0,0,1,0,0,0,0,0,0,1,0,1,0,0,0,0,0,0,1,0,0,1,0,0,0,3671-SHRSP
0,62,39.0,2337.45,0,0.016684848873772702,3,1,1,0,0,1,0,0,0,0,0,0,0,0,0,0,1,0,1,0,0,0,1,1,0,0,0,0,0,1,0979-MOZQI
0,5,20.5,104.3,0,0.1965484180249281,1,0,0,0,1,0,0,0,1,1,0,1,0,1,0,1,0,1,0,1,0,0,0,1,0,0,1,0,0,0,2732-ISEZX
0,59,85.55,5084.65,1,0.016825150206995567,4,1,1,0,1,0,1,1,0,0,0,0,0,0,0,0,0,0,0,0,1,1,0,0,0,1,0,0,0,1,3313-QKNKB
0,3,26.4,121.25,0,0.2177319587628866,2,1,0,1,1,0,1,0,1,1,0,1,0,1,0,1,0,1,0,1,0,0,1,1,0,0,1,0,0,0,0323-XWWTN
0,72,98.2,7015.9,0,0.013996778745421117,7,0,1,0,1,0,1,1,0,0,1,0,0,0,1,0,1,0,1,0,0,0,1,1,0,0,0,0,0,1,1937-OTUKY
0,57,97.55,5598.0,0,0.017425866380850304,6,1,1,1,1,0,0,1,0,0,0,0,1,0,1,0,0,0,1,0,1,1,0,1,1,0,0,0,0,1,1573-LGXBA
0,66,19.95,1269.1,0,0.01571980143408715,1,1,0,1,1,0,0,0,1,1,0,1,0,1,0,1,0,1,0,1,0,0,1,0,1,0,0,0,0,1,1764-VUUMT
0,60,50.8,3027.4,1,0.016780075312149038,4,0,0,0,0,1,0,0,0,0,0,0,1,0,0,0,0,0,1,0,1,0,0,1,0,1,0,0,0,1,5073-WXOYN
0,45,99.7,4634.35,0,0.0215132650749296,6,1,0,1,1,0,1,1,0,0,0,0,0,0,1,0,0,0,1,0,1,0,1,0,0,0,0,0,1,0,4713-ZBURT
0,3,34.8,113.95,0,0.30539710399297937,2,0,0,0,0,1,0,0,0,0,0,0,0,0,0,0,0,0,1,0,0,0,0,1,1,0,0,0,0,0,3050-GBUSH
0,15,105.1,1582.75,1,0.06640341178328858,7,0,0,0,1,0,0,1,0,0,1,0,0,0,1,0,1,0,1,0,1,0,0,0,0,1,0,1,0,0,0207-MDKNV
0,51,60.15,3077.0,0,0.019548261293467664,6,0,0,1,0,1,0,0,0,0,1,0,0,0,1,0,1,0,1,0,1,1,0,0,0,0,0,0,0,1,7876-AEHIG
0,60,64.75,4039.5,0,0.0160292115360812,6,0,0,0,1,0,1,0,0,0,1,0,0,0,1,0,1,0,0,0,0,1,0,0,0,1,0,0,0,1,7945-HLKEA
0,33,54.65,1665.2,0,0.03281888061494115,4,1,0,0,1,0,1,0,0,0,0,0,1,0,0,0,0,0,0,0,0,0,0,1,0,0,0,0,1,0,9342-VNIMQ
0,10,110.1,1043.3,1,0.10553052813188919,8,1,0,0,1,0,0,1,0,0,1,0,1,0,1,0,1,0,1,0,1,0,0,1,0,1,0,0,0,0,9851-KIELU
1,26,19.3,504.2,0,0.0382784609282031,1,1,0,0,1,0,0,0,1,1,0,1,0,1,0,1,0,1,0,1,0,1,0,0,1,0,0,0,1,0,3523-BRGUW
0,6,83.9,497.55,1,0.1686262687167119,4,0,0,0,1,0,0,1,0,0,0,0,0,0,1,0,0,0,0,0,1,0,0,0,0,1,0,0,0,0,3908-BLSYF
0,67,111.25,7511.65,0,0.014810327957239754,8,0,1,0,1,0,1,1,0,0,1,0,0,0,1,0,1,0,1,0,1,1,0,1,0,1,0,0,0,1,3199-NPKCN
0,49,35.8,1782.0,0,0.020089786756453423,3,0,1,1,0,1,0,0,0,0,1,0,0,0,0,0,1,0,0,0,0,1,0,1,1,0,0,0,0,1,5170-PTRKA
0,1,20.05,20.05,0,1.0,1,1,0,0,1,0,0,0,1,1,0,1,0,1,0,1,0,1,0,1,0,0,0,1,0,0,1,0,0,0,4661-NJEUX
1,7,84.35,609.65,0,0.13835807430492905,4,0,0,0,1,0,0,1,0,0,0,0,0,0,1,0,0,0,1,0,0,0,0,1,0,1,0,0,0,0,2123-AGEEN
1,27,110.5,2857.6,0,0.038668812989921614,8,0,0,0,1,0,1,1,0,0,1,0,1,0,1,0,0,0,1,0,1,1,0,1,0,0,0,0,1,0,1258-YMZNM
0,37,91.2,3247.55,0,0.028082708503333283,4,1,1,1,1,0,0,1,0,0,0,0,0,0,0,0,0,0,1,0,1,1,0,0,1,0,0,0,1,0,0048-LUMLS
0,63,100.55,6215.35,1,0.016177689108417062,7,0,1,1,1,0,1,1,0,0,1,0,1,0,1,0,0,0,1,0,0,0,0,1,0,1,0,0,0,1,7549-MYGPK
0,31,89.3,2823.0,0,0.0316330145235565,6,1,1,1,1,0,1,1,0,0,1,0,0,0,1,0,1,0,0,0,0,0,0,0,0,1,0,0,1,0,5898-IGSLP
0,50,103.85,5017.9,1,0.020695908647043584,7,1,1,1,1,0,1,1,0,0,0,0,1,0,1,0,0,0,1,0,1,0,0,1,0,0,0,0,0,1,3804-RVTGV
1,32,81.1,2619.25,0,0.03096306194521332,4,1,0,0,1,0,1,1,0,0,0,0,0,0,1,0,0,0,0,0,0,0,0,1,1,0,0,0,1,0,6259-WJQLC
0,1,24.6,24.6,1,1.0,1,0,0,0,0,1,0,0,0,0,0,0,0,0,0,0,0,0,0,0,0,0,0,0,0,1,0,0,0,0,9227-LUNBG
0,63,81.2,4965.1,0,0.016354151980826168,4,0,1,0,1,0,1,1,0,0,0,0,0,0,0,0,1,0,0,0,0,1,0,1,1,0,0,0,0,1,7997-EASSD
0,30,94.3,2679.7,0,0.03519050639997015,6,1,0,0,1,0,1,1,0,0,1,0,1,0,0,0,0,0,0,0,1,0,0,1,1,0,0,0,1,0,0730-KOAVE
0,71,116.1,8310.55,0,0.013970194511795249,9,1,1,0,1,0,1,1,0,0,1,0,1,0,1,0,1,0,1,0,1,0,1,1,0,0,0,0,0,1,8975-SKGRX
0,53,105.55,5682.25,0,0.018575388270491443,7,0,0,0,1,0,1,1,0,0,0,0,1,0,1,0,0,0,1,0,1,0,1,0,0,1,0,0,0,1,0678-RLHVP
0,12,98.9,1120.95,1,0.08822873455551095,6,0,0,0,1,0,0,1,0,0,1,0,0,0,0,0,1,0,1,0,1,0,0,1,0,0,0,0,0,0,4315-MURBD
0,50,94.4,4914.9,0,0.019206901462898534,6,1,1,0,1,0,1,1,0,0,1,0,1,0,0,0,0,0,0,0,1,0,0,1,1,0,0,0,0,1,2267-FPIMA
0,2,19.5,27.55,0,0.7078039927404719,1,0,0,0,1,0,0,0,1,1,0,1,0,1,0,1,0,1,0,1,0,0,0,0,0,0,1,0,0,0,1051-GEJLJ
0,9,98.3,923.5,1,0.10644288034650785,6,0,0,0,1,0,1,1,0,0,0,0,0,0,1,0,0,0,1,0,1,0,0,0,1,0,0,0,0,0,9734-YWGEX
0,17,93.85,1625.65,1,0.05773075385230522,5,1,0,0,1,0,0,1,0,0,1,0,0,0,0,0,0,0,1,0,1,0,0,0,0,1,0,1,0,0,2719-BDAQO
0,56,105.6,6068.65,0,0.01740090464930421,7,0,1,0,1,0,0,1,0,0,1,0,1,0,1,0,0,0,1,0,1,1,0,1,1,0,0,0,0,1,5285-MVEHD
0,67,81.35,5398.6,0,0.015068721520394174,7,1,1,1,1,0,0,0,0,0,1,0,1,0,1,0,0,0,1,0,1,0,1,0,1,0,0,0,0,1,0379-DJQHR
1,9,100.5,918.6,1,0.10940561724363161,6,1,0,0,1,0,1,1,0,0,0,0,0,0,1,0,0,0,1,0,1,0,0,1,0,1,0,0,0,0,0781-LKXBR
0,4,56.4,234.85,0,0.2401532893336172,3,1,0,0,1,0,0,0,0,0,0,0,0,0,0,0,0,0,1,0,0,0,0,1,0,1,0,0,0,0,5543-QDCRY
0,19,65.35,1231.85,0,0.053050290213905914,5,1,0,0,1,0,0,0,0,0,0,0,1,0,0,0,1,0,0,0,1,1,0,1,0,0,0,1,0,0,0297-RBCSG
0,8,19.95,170.9,0,0.11673493270918665,1,0,0,1,1,0,0,0,1,1,0,1,0,1,0,1,0,1,0,1,0,0,0,0,0,0,1,0,0,0,4694-PHWFW
0,71,111.25,7984.15,0,0.0139338564530977,8,0,0,0,1,0,1,1,0,0,0,0,1,0,1,0,1,0,1,0,1,0,1,1,0,1,0,0,0,1,0835-JKADZ
1,10,72.85,688.65,1,0.10578668409206418,3,1,0,0,1,0,0,1,0,0,0,0,1,0,0,0,0,0,0,0,0,0,0,1,0,1,0,0,0,0,1907-UBQFC
1,15,89.0,1288.3,0,0.06908328805402468,5,0,0,0,1,0,1,1,0,0,0,0,1,0,0,0,0,0,1,0,0,0,0,0,1,0,0,1,0,0,7508-SMHXL
0,72,106.1,7848.5,0,0.013518506721029496,7,1,1,1,1,0,1,1,0,0,1,0,0,0,1,0,0,0,1,0,1,1,0,1,0,0,0,0,0,1,3865-YIOTT
0,12,20.05,267.0,0,0.0750936329588015,1,1,0,0,1,0,0,0,1,1,0,1,0,1,0,1,0,1,0,1,0,1,0,0,1,0,0,0,0,0,5993-BQHEA
0,72,25.2,1798.9,0,0.014008560787147701,2,1,1,1,1,0,1,0,1,1,0,1,0,1,0,1,0,1,0,1,0,0,1,1,0,0,0,0,0,1,6024-RUGGH
1,1,73.55,73.55,1,1.0,3,1,1,0,1,0,1,1,0,0,0,0,0,0,0,0,0,0,0,0,0,0,0,1,0,1,0,0,0,0,6513-EECDB
1,23,75.4,1643.55,0,0.04587630434121262,3,0,0,0,1,0,0,1,0,0,1,0,0,0,0,0,0,0,0,0,0,0,0,1,0,0,0,1,0,0,3956-CJUST
0,72,65.55,4807.45,0,0.013635087208395303,7,1,0,0,0,1,0,0,0,0,1,0,1,0,1,0,1,0,1,0,1,0,1,1,0,0,0,0,0,1,4079-WWQQQ
0,26,80.7,2193.0,0,0.03679890560875513,4,0,0,0,1,0,1,1,0,0,0,0,0,0,1,0,0,0,0,0,0,0,0,1,0,1,0,0,1,0,6103-BOCOU
0,21,104.55,2239.4,0,0.04668661248548718,7,0,0,0,1,0,0,1,0,0,0,0,1,0,1,0,1,0,1,0,1,1,0,1,0,0,1,1,0,0,5149-TGWDZ
0,60,24.15,1505.9,0,0.016036921442326844,2,1,1,0,1,0,1,0,1,1,0,1,0,1,0,1,0,1,0,1,0,1,0,0,0,0,0,0,0,1,7471-WNSUF
0,12,20.45,255.35,0,0.08008615625611905,1,1,0,0,1,0,0,0,1,1,0,1,0,1,0,1,0,1,0,1,0,0,0,0,0,0,1,0,0,0,8942-DBMHZ
0,16,75.4,1189.4,0,0.06339330755002523,3,1,1,0,1,0,1,1,0,0,0,0,0,0,0,0,0,0,0,0,0,0,0,1,0,1,0,1,0,0,4301-VVZKA
0,63,79.7,4786.15,0,0.016652215246074614,7,0,1,0,1,0,1,0,0,0,1,0,1,0,0,0,0,0,1,0,1,1,0,1,1,0,0,0,0,1,9199-PWQVC
1,22,81.7,1820.9,0,0.04486792245592839,4,0,0,0,1,0,0,1,0,0,1,0,1,0,0,0,0,0,0,0,0,0,0,0,0,1,0,1,0,0,4824-GUCBY
0,32,76.3,2404.15,0,0.031736788469937396,7,0,1,1,1,0,0,0,0,0,1,0,1,0,1,0,1,0,0,0,1,0,0,0,0,0,0,0,1,0,5393-HJZSM
1,3,79.4,205.05,1,0.3872226286271641,4,0,0,0,1,0,1,1,0,0,0,0,1,0,0,0,0,0,0,0,0,0,0,1,0,1,0,0,0,0,7074-IEVOJ
0,13,81.15,952.3,1,0.08521474325317653,4,0,0,0,1,0,0,1,0,0,0,0,1,0,1,0,0,0,0,0,0,0,0,1,0,1,0,1,0,0,9625-QSTYE
0,68,103.75,7039.45,0,0.014738367344039662,7,0,1,1,1,0,1,1,0,0,0,0,1,0,0,0,1,0,1,0,1,0,1,1,1,0,0,0,0,1,0862-PRCBS
0,30,86.45,2538.05,0,0.034061582711136504,4,0,1,1,1,0,0,1,0,0,0,0,0,0,1,0,0,0,0,0,1,1,0,0,0,1,0,0,1,0,8812-ZRHFP
0,16,75.1,1212.85,0,0.06192027043739951,3,0,0,0,1,0,0,1,0,0,0,0,1,0,0,0,0,0,0,0,0,0,0,0,0,0,0,1,0,0,5146-CBVOE
0,33,80.6,2651.1,0,0.030402474444570178,4,1,0,0,1,0,0,1,0,0,0,0,1,0,0,0,1,0,0,0,0,0,1,0,0,0,0,0,1,0,0454-OKRCT
0,72,19.3,1304.8,0,0.014791538933169835,1,1,1,0,1,0,0,0,1,1,0,1,0,1,0,1,0,1,0,1,0,0,1,0,1,0,0,0,0,1,5787-KXGIY
1,4,84.6,360.1,1,0.23493474034990278,4,0,0,0,1,0,1,1,0,0,0,0,0,0,0,0,0,0,0,0,1,0,0,1,0,1,0,0,0,0,4750-ZRXIU
0,12,33.6,435.45,0,0.07716155700998967,3,0,0,0,0,1,0,0,0,0,1,0,0,0,0,0,1,0,0,0,0,1,0,1,0,0,1,0,0,0,4198-VFOEA
1,4,83.25,308.05,0,0.2702483363090407,4,0,1,0,1,0,1,1,0,0,0,0,0,0,0,0,0,0,1,0,0,0,0,1,0,1,0,0,0,0,6630-UJZMY
0,0,80.85,0.0,0,0.0,7,0,1,1,1,0,0,0,0,0,1,0,1,0,1,0,0,0,1,0,1,0,1,0,0,0,1,0,0,0,5709-LVOEQ
0,6,79.05,434.5,1,0.1819332566168009,4,0,0,0,1,0,1,1,0,0,1,0,0,0,0,0,0,0,0,0,0,0,0,1,0,1,0,0,0,0,6400-BWQKW
0,65,108.05,7118.9,0,0.015177906699068676,8,0,1,0,1,0,1,1,0,0,0,0,1,0,1,0,1,0,1,0,1,1,0,1,1,0,0,0,0,1,2692-AQCPF
0,15,19.9,320.45,0,0.06210017163364019,1,0,0,0,1,0,0,0,1,1,0,1,0,1,0,1,0,1,0,1,0,0,0,0,0,0,1,1,0,0,0347-UBKUZ
0,24,21.05,531.55,0,0.03960116640015051,1,0,0,1,1,0,0,0,1,1,0,1,0,1,0,1,0,1,0,1,0,1,0,0,0,0,0,1,0,0,0835-DUUIQ
0,13,30.15,382.2,0,0.07888540031397175,2,0,0,1,0,1,0,0,0,0,0,0,1,0,0,0,0,0,0,0,0,0,0,0,0,1,0,1,0,0,0811-GSDTP
0,24,79.85,2001.0,0,0.03990504747626187,3,1,0,0,1,0,0,1,0,0,0,0,0,0,0,0,0,0,0,0,1,0,0,1,1,0,0,1,0,0,7567-ECMCM
0,72,65.5,4919.7,0,0.013313819948370836,7,0,1,0,0,1,0,0,0,0,1,0,1,0,1,0,1,0,1,0,1,0,1,0,0,0,0,0,0,1,6115-ZTBFQ
0,54,104.1,5645.8,0,0.018438485245669347,7,0,1,1,1,0,1,1,0,0,1,0,1,0,0,0,0,0,1,0,1,0,0,1,0,0,0,0,0,1,6353-BRMMA
0,3,74.4,215.8,1,0.3447636700648749,3,0,0,0,1,0,1,1,0,0,0,0,0,0,0,0,0,0,0,0,0,0,0,0,0,0,0,0,0,0,6680-WKXRZ
0,4,20.5,77.6,0,0.26417525773195877,1,1,1,1,1,0,0,0,1,1,0,1,0,1,0,1,0,1,0,1,0,0,0,1,0,0,1,0,0,0,6231-WFGFH
1,32,91.35,2896.55,0,0.0315375187723326,5,0,1,1,1,0,1,1,0,0,0,0,0,0,1,0,0,0,1,0,0,0,0,1,0,0,1,0,1,0,9904-EHEVJ
1,35,99.05,3395.8,1,0.029168384474939628,6,1,0,0,1,0,1,1,0,0,0,0,0,0,1,0,0,0,1,0,1,0,0,1,0,1,0,0,1,0,7028-DVOIQ
0,35,20.5,759.35,0,0.026996773556331073,1,1,1,1,1,0,0,0,1,1,0,1,0,1,0,1,0,1,0,1,0,0,1,0,0,0,0,0,1,0,6169-PPETC
1,2,44.95,85.15,1,0.5278919553728714,2,1,0,0,1,0,0,0,0,0,0,0,0,0,0,0,0,0,0,0,0,0,0,0,0,0,1,0,0,0,4208-UFFGW
0,8,75.6,535.55,0,0.1411632900756232,3,0,0,0,1,0,0,1,0,0,0,0,1,0,0,0,0,0,0,0,0,0,0,0,0,1,0,0,0,0,8584-KMVXD
0,22,55.1,1253.15,0,0.04396919762199258,4,1,0,0,1,0,0,0,0,0,1,0,0,0,0,0,1,0,0,0,0,0,0,0,0,0,1,1,0,0,8467-WYNSR
0,15,58.95,955.15,0,0.06171805475579752,5,0,0,0,1,0,0,0,0,0,1,0,0,0,1,0,1,0,0,0,0,0,0,0,0,1,0,1,0,0,0851-DFJKB
0,22,95.1,2162.6,0,0.04397484509386849,5,1,0,0,1,0,1,1,0,0,0,0,0,0,0,0,0,0,1,0,1,0,0,1,0,1,0,1,0,0,5382-SOYZL
0,1,44.7,44.7,1,1.0,2,1,1,0,1,0,0,0,0,0,0,0,0,0,0,0,0,0,0,0,0,0,0,0,1,0,0,0,0,0,9448-REEVD
0,71,25.45,1813.35,0,0.01403479747428792,2,0,1,1,1,0,1,0,1,1,0,1,0,1,0,1,0,1,0,1,0,0,1,0,0,0,0,0,0,1,3261-CQXOL
0,4,56.75,245.15,0,0.23149092392412807,4,1,0,0,1,0,0,0,0,0,1,0,0,0,1,0,0,0,0,0,0,0,0,0,0,1,0,0,0,0,8388-FYNPZ
0,25,81.75,2028.8,0,0.04029475552050473,8,1,0,0,1,0,1,0,0,0,1,0,1,0,1,0,1,0,0,0,1,0,0,0,0,0,0,0,1,0,4002-BQWPQ
0,32,86.1,2723.75,0,0.03161083065626434,4,0,1,1,1,0,0,1,0,0,0,0,1,0,0,0,0,0,1,0,0,0,0,1,0,1,0,0,1,0,5651-YLPRD
1,7,29.8,220.45,0,0.13517804490814245,2,1,1,0,0,1,0,0,0,0,1,0,0,0,0,0,0,0,0,0,0,0,0,0,0,0,0,0,0,0,2826-DXLQO
0,17,20.5,365.8,0,0.056041552761071624,1,1,0,0,1,0,0,0,1,1,0,1,0,1,0,1,0,1,0,1,0,1,0,1,0,0,1,1,0,0,4378-BZYFP
1,8,60.9,551.95,0,0.11033608116677233,4,1,1,0,1,0,0,0,0,0,1,0,0,0,0,0,0,0,1,0,0,0,0,0,0,0,0,0,0,0,9489-UTFKA
1,56,73.25,4054.2,0,0.01806768289674905,7,0,0,0,1,0,1,0,0,0,1,0,0,0,1,0,1,0,0,0,1,0,1,0,0,0,0,0,0,1,4849-PYRLQ
0,1,45.7,45.7,1,1.0,2,1,0,0,1,0,0,0,0,0,0,0,0,0,0,0,0,0,0,0,0,0,0,1,0,0,1,0,0,0,9117-SHLZX
1,8,100.3,832.35,1,0.12050219258725295,6,1,0,0,1,0,0,1,0,0,1,0,0,0,0,0,1,0,1,0,1,0,0,0,1,0,0,0,0,0,9889-TMAHG
0,7,19.25,112.3,1,0.1714158504007124,1,1,0,0,1,0,0,0,1,1,0,1,0,1,0,1,0,1,0,1,0,0,0,0,0,1,0,0,0,0,4541-RMRLG
0,3,20.85,60.65,0,0.3437757625721352,1,1,0,1,1,0,0,0,1,1,0,1,0,1,0,1,0,1,0,1,0,0,0,0,0,0,1,0,0,0,7764-BDPEE
0,71,77.35,5550.1,0,0.01393668582548062,7,0,0,0,1,0,0,0,0,0,1,0,1,0,1,0,1,0,1,0,0,0,1,0,1,0,0,0,0,1,3429-IFLEM
0,2,96.0,174.8,1,0.5491990846681922,5,0,0,0,1,0,1,1,0,0,0,0,0,0,0,0,0,0,1,0,1,0,0,1,0,1,0,0,0,0,3158-MOERK
0,1,90.55,90.55,1,1.0,4,0,0,0,1,0,0,1,0,0,0,0,0,0,0,0,0,0,1,0,1,0,0,0,0,1,0,0,0,0,7294-TMAOP
0,49,93.85,4733.1,0,0.019828442247153025,6,1,1,0,1,0,1,1,0,0,1,0,1,0,0,0,0,0,1,0,0,0,0,1,0,0,0,0,0,1,5002-GCQFH
0,58,70.1,4048.95,0,0.01731313056471431,6,1,0,0,1,0,0,0,0,0,0,0,1,0,1,0,1,0,1,0,0,0,1,0,0,0,0,0,0,1,0556-FJEGU
1,44,30.35,1359.7,1,0.022321100242700596,2,1,1,0,0,1,0,0,0,0,0,0,1,0,0,0,0,0,0,0,0,0,0,1,0,1,0,0,1,0,8919-FYFQZ
0,59,75.95,4542.35,0,0.016720420046892028,6,0,1,1,1,0,0,0,0,0,0,0,1,0,0,0,1,0,1,0,1,0,1,1,1,0,0,0,0,1,0604-THJFP
0,71,108.05,7532.15,1,0.014345173688787398,8,1,0,0,1,0,1,1,0,0,1,0,0,0,1,0,1,0,1,0,1,0,1,1,0,1,0,0,0,1,2834-JRTUA
0,1,69.9,69.9,1,1.0,2,1,0,0,1,0,0,1,0,0,0,0,0,0,0,0,0,0,0,0,0,0,0,1,0,1,0,0,0,0,5875-YPQFJ
0,11,75.25,888.65,0,0.08467900748326113,3,0,0,0,1,0,1,1,0,0,0,0,0,0,0,0,0,0,0,0,0,0,0,0,0,1,0,0,0,0,5879-SESNB
1,62,103.75,6383.35,1,0.016253221270962737,7,1,1,0,1,0,1,1,0,0,0,0,1,0,1,0,0,0,1,0,1,1,0,1,0,1,0,0,0,1,6646-QVXLR
0,35,54.95,1916.0,0,0.028679540709812112,4,0,1,1,1,0,0,0,0,0,1,0,0,0,0,0,1,0,0,0,0,1,0,1,0,0,0,0,1,0,6461-PPAXN
0,20,19.5,413.0,0,0.04721549636803874,1,0,0,0,1,0,0,0,1,1,0,1,0,1,0,1,0,1,0,1,0,0,0,1,0,0,0,1,0,0,3318-ISQFQ
0,40,19.6,808.95,0,0.024228938747759443,1,1,1,1,1,0,0,0,1,1,0,1,0,1,0,1,0,1,0,1,0,0,1,0,0,0,1,0,1,0,1106-HRLKZ
0,39,47.85,1886.4,0,0.025365776081424936,3,0,0,0,1,0,0,0,0,0,1,0,0,0,0,0,0,0,0,0,0,1,0,1,0,1,0,0,1,0,2483-XSSMZ
0,1,86.6,86.6,1,1.0,4,1,0,0,1,0,1,1,0,0,0,0,0,0,0,0,0,0,0,0,1,0,0,1,0,1,0,0,0,0,8603-IJWDN
0,72,23.75,1679.25,0,0.01414321869882388,2,0,1,1,1,0,1,0,1,1,0,1,0,1,0,1,0,1,0,1,0,0,1,0,0,0,0,0,0,1,8165-ZJRNM
1,33,80.6,2656.5,1,0.030340673818934686,4,0,1,0,1,0,1,1,0,0,0,0,1,0,0,0,0,0,0,0,0,0,0,1,0,0,0,0,1,0,9369-XFEHK
0,12,43.8,540.95,0,0.08096866623532673,2,0,0,0,1,0,0,0,0,0,0,0,0,0,0,0,0,0,0,0,0,0,0,0,0,0,0,0,0,0,2604-XVDAM
0,1,19.75,19.75,0,1.0,1,1,0,0,1,0,0,0,1,1,0,1,0,1,0,1,0,1,0,1,0,0,0,0,0,0,0,0,0,0,3717-OFRTN
0,27,19.15,537.35,0,0.035637852423932255,1,1,0,1,1,0,0,0,1,1,0,1,0,1,0,1,0,1,0,1,0,0,0,0,0,0,1,0,1,0,9046-JBFWA
0,34,19.6,678.8,0,0.02887448438420743,1,1,1,1,1,0,0,0,1,1,0,1,0,1,0,1,0,1,0,1,0,1,0,0,1,0,0,0,1,0,3280-NMUVX
0,56,80.3,4513.65,0,0.01779047998847939,4,0,1,0,1,0,0,1,0,0,1,0,0,0,1,0,0,0,0,0,0,0,1,0,0,0,0,0,0,1,1206-EHBDD
0,58,24.35,1423.85,0,0.01710152052533624,2,0,0,0,1,0,1,0,1,1,0,1,0,1,0,1,0,1,0,1,0,0,1,0,1,0,0,0,0,1,8361-LBRDI
0,22,25.25,555.4,0,0.045462729564278,2,0,1,1,1,0,1,0,1,1,0,1,0,1,0,1,0,1,0,1,0,0,1,0,1,0,0,1,0,0,4883-KCPZJ
0,10,26.1,225.55,0,0.11571713589004655,2,0,1,1,1,0,1,0,1,1,0,1,0,1,0,1,0,1,0,1,0,0,1,0,1,0,0,0,0,0,9108-EQPNQ
0,13,20.0,268.45,0,0.07450176941702366,1,1,0,0,1,0,0,0,1,1,0,1,0,1,0,1,0,1,0,1,0,0,1,0,1,0,0,1,0,0,7277-KAMWT
0,35,85.3,2917.5,1,0.029237360754070265,5,0,0,0,1,0,1,1,0,0,0,0,1,0,0,0,1,0,0,0,0,0,0,0,1,0,0,0,1,0,3842-IYKUE
0,34,70.0,2416.1,1,0.02897231074872729,2,0,0,0,1,0,0,1,0,0,0,0,0,0,0,0,0,0,0,0,0,0,0,1,1,0,0,0,1,0,6641-XRPSU
1,4,94.3,424.45,1,0.22216986688655907,5,0,0,0,1,0,1,1,0,0,0,0,0,0,0,0,0,0,1,0,1,0,0,1,0,1,0,0,0,0,1374-DMZUI
0,72,20.7,1492.1,0,0.013873064807988741,1,1,1,0,1,0,0,0,1,1,0,1,0,1,0,1,0,1,0,1,0,0,1,0,0,0,0,0,0,1,2545-LXYVJ
0,2,70.3,132.4,0,0.5309667673716012,5,1,0,0,1,0,0,0,0,0,0,0,0,0,0,0,1,0,1,0,1,0,0,0,0,1,0,0,0,0,3234-VKACU
0,7,95.35,660.9,1,0.1442729611136329,5,0,0,0,1,0,0,1,0,0,0,0,0,0,1,0,0,0,1,0,1,0,0,1,0,1,0,0,0,0,8357-EQXFO
1,27,75.5,1893.95,1,0.03986377676285013,3,1,1,0,1,0,1,1,0,0,0,0,0,0,0,0,0,0,0,0,0,0,0,1,0,1,0,0,1,0,1989-PRJHP
0,4,69.55,284.9,0,0.24412074412074414,2,1,1,1,1,0,0,1,0,0,0,0,0,0,0,0,0,0,0,0,0,0,0,1,0,0,1,0,0,0,8120-JDCAM
0,37,19.85,784.25,0,0.025310806503028374,1,0,0,0,1,0,0,0,1,1,0,1,0,1,0,1,0,1,0,1,0,0,1,0,0,0,1,0,1,0,8917-FAEMR
0,21,20.0,417.7,0,0.04788125448886761,1,1,0,0,1,0,0,0,1,1,0,1,0,1,0,1,0,1,0,1,0,0,0,0,0,0,1,1,0,0,7047-YXDMZ
1,53,95.85,5016.25,0,0.019107899327186643,5,0,1,0,1,0,1,1,0,0,0,0,0,0,0,0,0,0,1,0,1,1,0,1,1,0,0,0,0,1,2858-EIMXH
0,18,90.1,1612.75,1,0.055867307394202446,5,0,0,0,1,0,1,1,0,0,0,0,0,0,0,0,1,0,0,0,1,0,0,1,0,1,0,1,0,0,9524-EGPJC
0,2,68.95,119.75,1,0.5757828810020877,2,0,0,0,1,0,0,1,0,0,0,0,0,0,0,0,0,0,0,0,0,0,0,0,0,1,0,0,0,0,6993-OHLXR
0,32,99.55,3204.65,1,0.031064234783829747,6,1,1,1,1,0,1,1,0,0,1,0,0,0,0,0,0,0,1,0,1,0,0,1,1,0,0,0,1,0,8818-XYFCQ
1,23,20.75,485.2,0,0.04276586974443528,1,1,1,0,1,0,0,0,1,1,0,1,0,1,0,1,0,1,0,1,0,1,0,1,0,1,0,1,0,0,6419-ZTTLE
0,3,50.15,160.85,0,0.31178116257382654,3,1,0,0,1,0,0,0,0,0,1,0,0,0,0,0,0,0,0,0,0,0,0,1,0,0,1,0,0,0,0929-HYQEW
0,71,58.65,4145.25,0,0.014148724443640312,6,0,1,1,0,1,0,0,0,0,1,0,1,0,0,0,1,0,1,0,1,0,1,0,0,0,1,0,0,1,6614-YOLAC
0,9,95.9,827.45,0,0.1158982415855943,5,1,0,0,1,0,0,1,0,0,0,0,0,0,0,0,1,0,1,0,1,0,0,1,0,0,0,0,0,0,7426-RHZGU
0,1,49.5,49.5,0,1.0,3,0,0,0,1,0,0,0,0,0,0,0,1,0,0,0,0,0,0,0,0,0,0,0,0,1,0,0,0,0,4065-JJAVA
0,18,57.45,990.85,1,0.057980521774234246,4,1,1,1,1,0,0,0,0,0,0,0,0,0,1,0,0,0,0,0,1,0,0,0,0,1,0,1,0,0,4695-VADHF
0,12,53.65,696.35,1,0.07704458964601134,3,1,1,1,1,0,0,0,0,0,0,0,0,0,0,0,0,0,0,0,1,1,0,0,1,0,0,0,0,0,3863-IUBJR
0,71,80.1,5585.4,0,0.014340960360941025,8,1,1,0,1,0,1,0,0,0,1,0,1,0,1,0,1,0,0,0,1,0,1,1,0,0,1,0,0,1,7649-SIJJF
0,64,24.4,1601.2,0,0.015238571071696226,2,0,0,0,1,0,1,0,1,1,0,1,0,1,0,1,0,1,0,1,0,1,0,1,0,0,0,0,0,1,9361-YNQWJ
0,4,40.05,162.45,0,0.24653739612188366,3,1,0,0,0,1,0,0,0,0,0,0,0,0,0,0,1,0,0,0,1,0,0,1,0,1,0,0,0,0,3748-FVMZZ
0,23,19.5,470.2,0,0.04147171416418546,1,0,0,0,1,0,0,0,1,1,0,1,0,1,0,1,0,1,0,1,0,0,0,1,0,0,1,1,0,0,9391-TTOYH
0,39,51.05,2066.0,0,0.02470958373668925,3,0,1,1,1,0,0,0,0,0,1,0,0,0,0,0,0,0,0,0,0,0,0,0,1,0,0,0,1,0,1452-XRSJV
0,28,54.35,1426.45,0,0.03810158084755862,4,1,1,0,1,0,0,0,0,0,1,0,0,0,0,0,1,0,0,0,0,1,0,0,0,0,1,0,1,0,3422-WJOYD
1,5,84.7,392.5,0,0.21579617834394904,4,0,0,0,1,0,0,1,0,0,0,0,1,0,0,0,0,0,1,0,0,0,0,1,0,1,0,0,0,0,8242-SOQUO
1,45,86.1,3861.45,0,0.02229732354426446,4,0,1,0,1,0,0,1,0,0,0,0,0,0,1,0,0,0,0,0,1,0,0,1,0,1,0,0,1,0,7460-ITWWP
0,37,70.35,2552.9,0,0.027556896078969013,2,1,0,0,1,0,0,1,0,0,0,0,0,0,0,0,0,0,0,0,0,0,0,1,0,0,1,0,1,0,7147-AYBAA
1,60,110.0,6668.35,0,0.016495834801712565,8,0,1,0,1,0,0,1,0,0,1,0,1,0,1,0,1,0,1,0,1,0,1,1,0,0,0,0,0,1,7868-TMWMZ
1,8,100.6,819.4,1,0.12277276055650475,6,1,0,0,1,0,1,1,0,0,0,0,0,0,1,0,0,0,1,0,1,0,0,1,0,1,0,0,0,0,4822-RVYBB
0,47,94.9,4615.25,0,0.020562266399436653,6,0,0,0,1,0,1,1,0,0,1,0,0,0,1,0,0,0,1,0,0,1,0,0,1,0,0,0,1,0,6732-FZUGP
0,26,83.75,2070.6,1,0.04044721336810587,4,1,1,1,1,0,1,1,0,0,0,0,0,0,0,0,0,0,1,0,0,0,0,1,0,1,0,0,1,0,8436-BJUMM
1,3,88.3,273.75,1,0.3225570776255708,5,0,1,1,1,0,0,1,0,0,1,0,0,0,0,0,1,0,1,0,0,0,0,1,0,0,1,0,0,0,4184-TJFAN
0,50,69.75,3557.7,0,0.01960536301543132,2,0,1,1,1,0,0,1,0,0,0,0,0,0,0,0,0,0,0,0,0,0,0,1,0,0,0,0,0,1,8329-GWVPJ
0,27,71.6,1957.1,0,0.036584742731592665,6,1,1,1,1,0,1,0,0,0,0,0,0,0,0,0,1,0,1,0,1,0,0,0,0,0,0,0,1,0,1352-VHKAJ
1,8,92.1,729.95,1,0.12617302554969517,5,0,0,0,1,0,0,1,0,0,0,0,0,0,1,0,0,0,1,0,1,0,0,1,0,1,0,0,0,0,4145-UQXUQ
0,62,23.65,1416.75,0,0.01669313569790012,2,0,1,0,1,0,1,0,1,1,0,1,0,1,0,1,0,1,0,1,0,0,1,0,0,0,0,0,0,1,2632-TACXW
0,71,81.85,5924.4,0,0.013815745054351495,7,0,1,0,1,0,0,0,0,0,1,0,0,0,1,0,1,0,1,0,1,0,1,0,0,0,0,0,0,1,8146-QQKZH
0,66,25.1,1697.7,0,0.014784708723567179,2,1,0,0,1,0,1,0,1,1,0,1,0,1,0,1,0,1,0,1,0,0,1,0,0,0,1,0,0,1,1767-CJKBA
0,68,114.7,7849.85,0,0.014611744173455543,9,1,1,1,1,0,1,1,0,0,1,0,1,0,1,0,1,0,1,0,1,0,1,1,0,0,0,0,0,1,6445-TNRXS
0,13,49.15,649.4,0,0.075685247921158,4,0,0,0,0,1,0,0,0,0,0,0,0,0,1,0,0,0,1,0,1,0,0,0,0,1,0,1,0,0,4581-LNWUM
0,56,80.9,4557.5,0,0.017750959956116294,3,1,1,0,1,0,0,1,0,0,0,0,0,0,0,0,0,0,0,0,1,1,0,1,0,1,0,0,0,1,4869-EPIUS
0,38,79.45,3013.05,1,0.026368629793730603,4,1,1,0,1,0,0,1,0,0,1,0,1,0,0,0,0,0,0,0,0,0,0,1,0,1,0,0,1,0,9948-YPTDG
1,14,90.45,1266.1,1,0.07143985467182688,4,1,0,0,1,0,0,1,0,0,0,0,0,0,0,0,0,0,1,0,1,0,0,0,1,0,0,1,0,0,1236-WFCDV
0,16,19.3,360.35,0,0.05355903982239489,1,0,0,1,1,0,0,0,1,1,0,1,0,1,0,1,0,1,0,1,0,1,0,1,0,0,0,1,0,0,1915-OAKWD
0,14,70.2,1046.5,0,0.06708074534161491,2,0,1,1,1,0,0,1,0,0,0,0,0,0,0,0,0,0,0,0,0,0,0,0,0,1,0,1,0,0,7296-PIXQY
0,32,69.75,2347.9,1,0.02970739810043017,2,1,1,1,1,0,0,1,0,0,0,0,0,0,0,0,0,0,0,0,0,0,0,1,0,0,0,0,1,0,4883-QICIH
0,8,54.25,447.75,0,0.12116136236739251,4,0,0,0,1,0,0,0,0,0,1,0,0,0,0,0,1,0,0,0,0,1,0,0,0,0,0,0,0,0,3354-OADJP
0,43,99.3,4209.95,0,0.023586978467677763,6,0,1,1,1,0,1,1,0,0,0,0,0,0,1,0,0,0,1,0,1,0,0,1,0,0,0,0,1,0,3524-WQDSG
0,52,74.0,3877.65,0,0.01908372338916612,7,0,0,0,1,0,1,0,0,0,1,0,0,0,1,0,1,0,1,0,0,1,0,0,1,0,0,0,0,1,0810-DHDBD
0,3,50.25,152.3,0,0.329940906106369,3,1,0,0,1,0,0,0,0,0,0,0,0,0,0,0,1,0,0,0,0,0,0,1,0,0,1,0,0,0,4026-SKKHW
0,29,19.8,572.2,0,0.03460328556448794,1,1,0,0,1,0,0,0,1,1,0,1,0,1,0,1,0,1,0,1,0,1,0,1,0,0,1,0,1,0,2829-HYVZP
0,1,19.65,19.65,1,1.0,1,0,0,0,1,0,0,0,1,1,0,1,0,1,0,1,0,1,0,1,0,0,0,0,0,0,1,0,0,0,8329-IBCTI
1,12,43.65,526.95,1,0.08283518360375747,4,1,0,0,0,1,0,0,0,0,0,0,0,0,1,0,1,0,0,0,1,0,0,1,0,1,0,0,0,0,1271-SJBGZ
0,16,35.5,552.7,0,0.06423014293468428,2,0,1,1,0,1,0,0,0,0,0,0,0,0,0,0,0,0,0,0,1,0,0,1,1,0,0,1,0,0,3845-JHAMY
0,40,80.75,3208.65,0,0.025166347217677215,7,0,0,0,1,0,1,0,0,0,0,0,0,0,1,0,1,0,1,0,1,1,0,1,0,0,1,0,1,0,7013-PSXHK
0,5,39.5,210.75,1,0.1874258600237248,3,0,0,0,0,1,0,0,0,0,0,0,0,0,1,0,0,0,0,0,1,0,0,0,0,1,0,0,0,0,5669-SRAIP
0,40,97.1,3706.95,1,0.026194040923130876,5,1,1,0,1,0,1,1,0,0,0,0,0,0,0,0,0,0,1,0,1,0,0,1,0,0,0,0,1,0,5981-ITEMU
0,36,19.55,620.75,0,0.03149416028997181,1,0,0,0,1,0,0,0,1,1,0,1,0,1,0,1,0,1,0,1,0,1,0,0,0,0,1,0,1,0,3486-NPGST
0,5,80.0,412.5,1,0.19393939393939394,3,0,0,0,1,0,0,1,0,0,0,0,0,0,0,0,0,0,0,0,1,0,0,1,0,1,0,0,0,0,6941-PMGEP
0,10,84.7,832.05,1,0.10179676702121268,4,0,0,0,1,0,0,1,0,0,1,0,0,0,0,0,0,0,1,0,0,0,0,1,0,0,1,0,0,0,1624-WOIWJ
0,2,89.55,185.55,1,0.48261924009700885,4,1,1,1,1,0,0,1,0,0,0,0,0,0,0,0,0,0,1,0,1,0,0,1,0,0,0,0,0,0,2074-GKOWZ
0,23,90.6,1943.2,1,0.046624125154384514,5,1,0,0,1,0,1,1,0,0,0,0,0,0,0,0,1,0,1,0,0,0,0,1,0,1,0,1,0,0,0376-YMCJC
0,26,20.05,505.9,0,0.039632338406799764,1,1,1,1,1,0,0,0,1,1,0,1,0,1,0,1,0,1,0,1,0,1,0,1,0,0,0,0,1,0,6100-FJZDG
1,72,112.4,8046.85,0,0.013968198736151414,8,0,1,0,1,0,1,1,0,0,1,0,1,0,1,0,0,0,1,0,1,0,1,1,0,1,0,0,0,1,4829-ZLJTK
0,34,50.2,1815.3,0,0.027653831322646396,3,0,1,0,1,0,0,0,0,0,0,0,0,0,0,0,1,0,0,0,0,0,0,0,0,0,0,0,1,0,1730-VFMWO
0,10,62.25,612.95,0,0.10155803899176115,5,1,0,0,1,0,0,0,0,0,1,0,0,0,0,0,1,0,1,0,0,0,0,0,0,0,0,0,0,0,7143-BQIBA
0,14,55.7,795.15,0,0.0700496761617305,4,0,0,0,1,0,0,0,0,0,1,0,0,0,0,0,1,0,0,0,0,1,0,0,0,0,1,1,0,0,3800-LYTRK
0,23,90.05,2169.8,1,0.041501520877500225,5,0,0,0,1,0,1,1,0,0,1,0,0,0,0,0,0,0,1,0,0,0,0,1,0,0,0,1,0,0,0634-SZPQA
0,47,19.65,973.1,0,0.020193196999280648,1,1,1,0,1,0,0,0,1,1,0,1,0,1,0,1,0,1,0,1,0,0,1,0,0,0,1,0,1,0,9646-NMHXE
0,24,89.25,2210.2,0,0.040380960999004616,5,1,1,0,1,0,0,1,0,0,1,0,0,0,0,0,1,0,0,0,1,0,0,1,0,1,0,1,0,0,7030-NJVDP
0,49,99.05,4853.75,1,0.020406901879989697,6,1,1,0,1,0,1,1,0,0,0,0,1,0,0,0,0,0,1,0,1,0,0,1,0,0,0,0,0,1,5536-RTPWK
1,20,54.0,1055.9,0,0.05114120655365091,4,1,0,0,1,0,0,0,0,0,1,0,0,0,0,0,1,0,0,0,0,1,0,0,0,0,1,1,0,0,8883-GRDWQ
0,2,69.75,144.55,1,0.4825319958491871,2,0,0,0,1,0,0,1,0,0,0,0,0,0,0,0,0,0,0,0,0,0,0,0,0,0,0,0,0,0,6166-ILMNY
0,2,49.05,91.1,1,0.5384193194291987,3,0,0,0,1,0,0,0,0,0,0,0,1,0,0,0,0,0,0,0,0,0,0,1,1,0,0,0,0,0,3097-NNSPB
0,22,56.75,1304.85,0,0.04349158907154079,5,1,0,0,0,1,0,0,0,0,0,0,0,0,1,0,1,0,1,0,1,0,1,0,0,0,0,1,0,0,7771-ZONAT
0,7,98.05,713.0,1,0.13751753155680224,6,1,0,0,1,0,1,1,0,0,0,0,0,0,1,0,0,0,1,0,1,0,0,1,0,0,0,0,0,0,0655-RBDUG
0,1,21.1,21.1,0,1.0,1,1,0,0,1,0,0,0,1,1,0,1,0,1,0,1,0,1,0,1,0,0,0,0,0,0,1,0,0,0,2111-DWYHN
0,59,96.65,5580.8,0,0.017318305619266054,6,0,1,1,1,0,1,1,0,0,0,0,1,0,0,0,1,0,0,0,1,0,0,1,0,0,0,0,0,1,4194-WHFCB
0,58,24.5,1497.9,0,0.016356232058214834,2,0,1,1,1,0,1,0,1,1,0,1,0,1,0,1,0,1,0,1,0,1,0,1,1,0,0,0,0,1,4121-AGSIN
0,41,114.5,4527.45,1,0.02529017438072204,9,0,0,0,1,0,1,1,0,0,1,0,1,0,1,0,1,0,1,0,1,0,0,1,0,0,0,0,1,0,4361-BKAXE
1,59,79.2,4590.35,0,0.017253586327839923,4,0,0,0,1,0,1,1,0,0,0,0,1,0,0,0,0,0,0,0,0,0,1,1,1,0,0,0,0,1,9845-PEEKO
0,3,69.55,200.2,0,0.34740259740259744,2,0,1,1,1,0,0,1,0,0,0,0,0,0,0,0,0,0,0,0,0,0,0,1,0,1,0,0,0,0,0455-XFASS
0,32,20.05,614.45,0,0.03263080803971031,1,1,0,0,1,0,0,0,1,1,0,1,0,1,0,1,0,1,0,1,0,0,1,1,0,0,0,0,1,0,0301-KOBTQ
1,46,98.85,4564.9,0,0.021654362636640452,6,1,1,0,1,0,1,1,0,0,0,0,0,0,1,0,0,0,1,0,1,0,0,1,0,1,0,0,1,0,1751-NCDLI
0,0,25.75,0.0,0,0.0,2,1,1,1,1,0,1,0,1,1,0,1,0,1,0,1,0,1,0,1,0,0,1,0,0,0,1,0,0,0,4367-NUYAO
0,2,80.95,171.15,1,0.47297692082968157,3,1,0,0,1,0,0,1,0,0,0,0,0,0,0,0,0,0,0,0,1,0,0,1,0,1,0,0,0,0,9878-TNQGW
0,52,19.6,1012.4,0,0.019359936783879893,1,0,1,1,1,0,0,0,1,1,0,1,0,1,0,1,0,1,0,1,0,1,0,0,1,0,0,0,0,1,9170-ARBTB
1,13,74.3,940.35,1,0.0790131334077737,3,0,0,0,1,0,0,1,0,0,0,0,0,0,1,0,0,0,0,0,0,0,0,1,0,1,0,1,0,0,4441-NIHPT
1,11,89.7,1047.7,1,0.08561611148229455,4,0,0,0,1,0,0,1,0,0,0,0,0,0,0,0,0,0,1,0,1,0,0,0,0,0,0,0,0,0,8999-BOHSE
0,32,87.65,2766.4,0,0.031683776749566225,5,1,0,0,1,0,1,1,0,0,1,0,0,0,0,0,1,0,0,0,0,0,0,0,0,0,0,0,1,0,7241-AJHFS
1,17,100.45,1622.45,1,0.061912539677648,6,1,1,0,1,0,1,1,0,0,0,0,0,0,1,0,0,0,1,0,1,0,0,1,1,0,0,1,0,0,7029-RPUAV
0,16,74.75,1129.35,0,0.06618851551777571,3,0,0,0,1,0,1,1,0,0,0,0,0,0,0,0,0,0,0,0,0,0,0,1,1,0,0,1,0,0,4546-FOKWR
0,51,107.45,5680.9,0,0.018914256543857488,8,0,0,0,1,0,1,1,0,0,1,0,1,0,1,0,0,0,1,0,1,1,0,0,0,0,0,0,0,1,9036-CSKBW
0,29,75.35,2243.9,0,0.03357992780426935,6,1,0,0,1,0,0,0,0,0,0,0,0,0,1,0,1,0,1,0,1,1,0,1,0,0,0,0,1,0,5832-TRLPB
0,70,64.95,4523.25,0,0.014359144420494114,6,1,1,0,1,0,0,0,0,0,1,0,1,0,1,0,1,0,0,0,0,0,1,0,1,0,0,0,0,1,8590-YFFQO
0,71,100.45,7159.7,0,0.014029917454641955,7,0,1,1,1,0,1,1,0,0,1,0,0,0,1,0,1,0,0,0,1,0,1,0,0,1,0,0,0,1,8659-IOOPU
0,41,68.5,2839.95,0,0.024120142960263387,6,1,1,1,1,0,1,0,0,0,0,0,1,0,1,0,0,0,1,0,0,1,0,0,0,0,0,0,1,0,1338-CECEE
0,1,80.55,80.55,0,1.0,3,1,0,0,1,0,0,1,0,0,0,0,0,0,0,0,0,0,1,0,0,0,0,1,0,1,0,0,0,0,7439-DKZTW
0,7,81.25,580.1,0,0.14006205826581622,7,0,1,0,1,0,0,0,0,0,1,0,0,0,1,0,1,0,1,0,1,0,0,0,0,0,0,0,0,0,4646-QZXTF
0,25,90.4,2178.6,1,0.04149453777655376,4,1,1,1,1,0,0,1,0,0,0,0,0,0,0,0,0,0,1,0,1,1,0,1,0,1,0,0,1,0,4607-CHPCA
0,67,89.55,6038.55,0,0.014829719055071166,6,1,1,1,1,0,1,1,0,0,1,0,1,0,0,0,1,0,0,0,0,1,0,0,0,1,0,0,0,1,9742-XOKTS
0,5,55.7,259.4,0,0.21472629144178879,4,1,1,1,1,0,1,0,0,0,0,0,0,0,0,0,1,0,0,0,0,0,0,1,0,0,1,0,0,0,6921-OZMFH
0,15,24.8,324.15,0,0.0765077896035786,2,1,0,1,1,0,1,0,1,1,0,1,0,1,0,1,0,1,0,1,0,0,0,1,0,1,0,1,0,0,9578-FOMUK
0,20,20.0,417.65,0,0.04788698671136119,1,0,1,1,1,0,0,0,1,1,0,1,0,1,0,1,0,1,0,1,0,0,0,0,0,1,0,1,0,0,4712-UYOOI
0,3,56.15,168.15,1,0.33392804044008323,4,1,1,1,1,0,0,0,0,0,0,0,1,0,1,0,0,0,0,0,0,0,0,1,0,0,1,0,0,0,8824-RWFXJ
0,54,105.2,5637.85,0,0.01865959541314508,7,1,1,1,1,0,1,1,0,0,0,0,1,0,0,0,1,0,1,0,1,1,0,1,0,1,0,0,0,1,7722-CVFXN
0,42,19.55,839.4,0,0.023290445556349775,1,1,0,0,1,0,0,0,1,1,0,1,0,1,0,1,0,1,0,1,0,1,0,1,0,0,1,0,1,0,8717-VCTXJ
0,9,79.75,769.1,0,0.10369262774671693,3,0,1,0,1,0,0,1,0,0,0,0,0,0,0,0,0,0,0,0,1,0,0,1,0,1,0,0,0,0,7363-QTBIW
0,63,97.45,6253.0,0,0.015584519430673278,6,0,0,0,1,0,1,1,0,0,0,0,1,0,0,0,0,0,1,0,1,0,1,0,0,0,0,0,0,1,4159-NAAIX
0,69,24.25,1641.8,0,0.014770373979778293,2,0,1,0,1,0,1,0,1,1,0,1,0,1,0,1,0,1,0,1,0,0,1,0,0,0,0,0,0,1,0971-QIFJK
0,69,24.6,1678.05,0,0.014659873066952715,2,0,0,0,1,0,1,0,1,1,0,1,0,1,0,1,0,1,0,1,0,0,1,0,1,0,0,0,0,1,9397-TZSHA
0,40,50.15,2058.5,0,0.02436239980568375,3,1,1,0,1,0,0,0,0,0,0,0,1,0,0,0,0,0,0,0,0,0,0,1,0,0,1,0,1,0,3391-JSQEW
0,60,39.6,2424.5,0,0.016333264590637244,4,1,0,0,0,1,0,0,0,0,1,0,1,0,1,0,0,0,0,0,0,0,1,0,0,0,0,0,0,1,0343-QLUZP
0,4,94.4,387.2,1,0.243801652892562,6,0,0,0,1,0,0,1,0,0,1,0,0,0,1,0,1,0,0,0,1,0,0,1,0,0,0,0,0,0,9763-PDTKK
1,71,89.85,6293.45,0,0.01427674804757327,9,0,0,0,1,0,1,0,0,0,1,0,1,0,1,0,1,0,1,0,1,0,1,0,0,0,1,0,0,1,2176-LVPNX
0,37,78.95,2839.65,1,0.027802722166464178,4,0,1,0,1,0,1,1,0,0,0,0,0,0,1,0,0,0,0,0,0,0,0,1,1,0,0,0,1,0,7627-JKIAZ
0,32,98.85,3145.9,0,0.03142185066276741,6,1,1,0,1,0,1,1,0,0,0,0,1,0,0,0,0,0,1,0,1,0,0,1,1,0,0,0,1,0,3312-UUMZW
0,39,53.85,2200.7,0,0.024469486981415007,4,1,0,0,1,0,1,0,0,0,0,0,0,0,0,0,1,0,0,0,0,0,1,1,1,0,0,0,1,0,1271-UODNO
0,38,24.25,914.4,0,0.026520122484689414,2,0,0,0,1,0,1,0,1,1,0,1,0,1,0,1,0,1,0,1,0,1,0,1,0,1,0,0,1,0,8461-EFQYM
0,52,89.45,4577.75,0,0.01954016711266452,5,1,0,0,1,0,1,1,0,0,0,0,0,0,1,0,0,0,0,0,1,0,1,1,1,0,0,0,0,1,6900-RBKER
0,48,105.25,4997.5,0,0.021060530265132566,7,0,1,1,1,0,1,1,0,0,1,0,1,0,0,0,0,0,1,0,1,0,0,1,1,0,0,0,1,0,6891-JPYFF
0,70,59.5,4144.8,0,0.014355336807566106,6,1,1,1,0,1,0,0,0,0,1,0,0,0,1,0,1,0,1,0,1,0,1,0,0,0,0,0,0,1,1459-QNFQT
0,20,70.55,1493.55,0,0.047236450068628436,2,1,0,0,1,0,0,1,0,0,0,0,0,0,0,0,0,0,0,0,0,0,0,0,1,0,0,1,0,0,1047-NNCBF
0,50,82.5,4179.1,0,0.019741092579742048,8,0,0,0,1,0,1,0,0,0,1,0,0,0,1,0,1,0,1,0,1,1,0,1,1,0,0,0,0,1,3696-XRIEN
0,19,44.85,893.55,1,0.0501930501930502,3,0,0,0,0,1,0,0,0,0,0,0,0,0,0,0,0,0,1,0,1,1,0,1,1,0,0,1,0,0,4081-DYXAV
0,25,61.6,1611.0,0,0.03823711980136561,5,1,1,1,1,0,0,0,0,0,1,0,1,0,1,0,0,0,0,0,0,1,0,1,0,0,0,0,1,0,0074-HDKDG
0,12,49.05,593.05,0,0.0827080347356884,3,1,0,0,1,0,0,0,0,0,0,0,1,0,0,0,0,0,0,0,0,0,0,1,0,0,0,0,0,0,8791-GFXLZ
1,39,105.65,4284.8,1,0.024656926811053026,7,1,1,0,1,0,1,1,0,0,0,0,1,0,1,0,0,0,1,0,1,0,0,1,0,1,0,0,1,0,8111-SLLHI
0,7,74.65,544.55,1,0.13708566706454872,3,1,0,0,1,0,0,1,0,0,0,0,0,0,1,0,0,0,0,0,0,0,0,0,0,0,1,0,0,0,0927-LCSMG
0,23,66.25,1533.8,0,0.04319337592906507,6,0,1,1,1,0,0,0,0,0,1,0,1,0,1,0,1,0,0,0,0,1,0,1,0,0,1,1,0,0,9330-DHBFL
0,27,19.4,529.8,0,0.03661759154397886,1,1,0,0,1,0,0,0,1,1,0,1,0,1,0,1,0,1,0,1,0,0,0,1,0,1,0,0,1,0,0098-BOWSO
1,47,86.05,3865.6,0,0.022260451158940396,4,1,0,0,1,0,1,1,0,0,0,0,0,0,0,0,0,0,1,0,0,0,0,1,1,0,0,0,1,0,3452-ABWRL
0,26,19.15,515.75,0,0.037130392632089185,1,1,1,1,1,0,0,0,1,1,0,1,0,1,0,1,0,1,0,1,0,0,1,1,1,0,0,0,1,0,5859-HZYLF
0,14,64.7,941.0,1,0.06875664187035069,5,0,1,0,1,0,1,0,0,0,1,0,0,0,0,0,0,0,1,0,0,0,0,1,0,0,0,1,0,0,8257-RZAHR
1,11,104.05,1133.65,1,0.09178317822961231,7,0,1,0,1,0,1,1,0,0,0,0,0,0,1,0,1,0,1,0,1,0,0,1,0,0,0,0,0,0,5293-WXJAK
0,2,19.25,48.35,0,0.3981385729058945,1,1,0,1,1,0,0,0,1,1,0,1,0,1,0,1,0,1,0,1,0,0,0,0,0,0,1,0,0,0,3156-QLHBO
0,26,81.95,2070.05,0,0.03958841573875027,4,0,1,1,1,0,0,1,0,0,1,0,1,0,0,0,0,0,0,0,0,0,0,0,0,1,0,0,1,0,2208-NQBCT
1,72,114.65,8333.95,0,0.013756981983333232,9,0,1,0,1,0,1,1,0,0,1,0,1,0,1,0,1,0,1,0,1,0,1,1,0,0,0,0,0,1,1779-PWPMG
0,63,20.0,1209.25,0,0.016539177175935497,1,0,1,1,1,0,0,0,1,1,0,1,0,1,0,1,0,1,0,1,0,0,1,0,1,0,0,0,0,1,6621-NRZAK
0,71,19.8,1396.25,0,0.014180841539838854,1,1,1,1,1,0,0,0,1,1,0,1,0,1,0,1,0,1,0,1,0,0,1,0,0,0,1,0,0,1,0831-JNISG
0,11,65.15,723.35,0,0.09006704914633304,5,1,1,1,1,0,1,0,0,0,1,0,0,0,0,0,0,0,1,0,0,0,0,1,0,0,0,0,0,0,0774-IFUVM
1,14,19.65,228.65,0,0.08593920839711348,1,1,1,0,1,0,0,0,1,1,0,1,0,1,0,1,0,1,0,1,0,1,0,0,0,0,1,1,0,0,3082-WQRVY
0,13,88.95,1161.75,0,0.07656552614590058,9,0,0,1,1,0,1,0,0,0,1,0,1,0,1,0,1,0,1,0,1,0,1,0,1,0,0,1,0,0,9553-DLCLU
0,6,20.2,98.35,0,0.2053889171326894,1,1,0,1,1,0,0,0,1,1,0,1,0,1,0,1,0,1,0,1,0,0,0,1,0,0,1,0,0,0,1641-BYBTK
1,11,75.2,775.3,0,0.09699471172449375,3,1,1,1,1,0,1,1,0,0,0,0,0,0,0,0,0,0,0,0,0,0,0,1,1,0,0,0,0,0,2460-NGXBJ
0,18,56.8,1074.65,0,0.05285441771739635,4,1,1,0,1,0,1,0,0,0,0,0,1,0,0,0,0,0,0,0,0,0,0,0,1,0,0,1,0,0,2446-ZKVAF
0,1,35.55,35.55,1,1.0,2,1,0,0,0,1,0,0,0,0,0,0,0,0,0,0,0,0,0,0,1,0,0,1,0,1,0,0,0,0,0841-NULXI
0,32,75.5,2324.7,0,0.03247730890007313,3,0,1,0,1,0,0,1,0,0,1,0,0,0,0,0,0,0,0,0,0,0,0,1,0,0,0,0,1,0,3522-CDKHF
0,29,35.6,1072.6,0,0.033190378519485364,3,1,0,0,0,1,0,0,0,0,1,0,0,0,0,0,1,0,0,0,0,1,0,0,0,0,1,0,1,0,1430-SFQSA
0,3,60.25,170.5,0,0.3533724340175953,4,0,0,0,1,0,1,0,0,0,0,0,0,0,0,0,0,0,1,0,0,0,0,1,0,1,0,0,0,0,0411-EZJZE
0,2,95.15,196.9,1,0.48324022346368717,5,0,0,0,1,0,1,1,0,0,0,0,0,0,0,0,0,0,1,0,1,0,0,1,0,1,0,0,0,0,7851-WZEKY
0,13,96.65,1162.85,1,0.0831147611471815,5,1,1,1,1,0,0,1,0,0,0,0,0,0,1,0,0,0,1,0,1,0,0,1,0,0,1,1,0,0,8844-TONUD
0,41,40.35,1677.85,0,0.024048633668087138,3,0,0,0,0,1,0,0,0,0,0,0,1,0,0,0,0,0,0,0,1,0,0,1,0,1,0,0,1,0,8807-ARQET
0,1,18.85,18.85,0,1.0,1,0,0,0,1,0,0,0,1,1,0,1,0,1,0,1,0,1,0,1,0,0,0,0,0,1,0,0,0,0,8992-CEUEN
0,7,54.85,370.4,0,0.1480831533477322,3,1,0,0,1,0,0,0,0,0,0,0,0,0,0,0,0,0,1,0,0,0,0,0,0,0,1,0,0,0,4320-QMLLA
0,52,64.3,3410.6,0,0.01885298774409195,5,0,1,0,1,0,0,0,0,0,1,0,0,0,1,0,0,0,1,0,0,1,0,1,0,0,1,0,0,1,8777-PVYGU
0,45,24.65,1138.8,0,0.021645591851071302,2,0,1,1,1,0,1,0,1,1,0,1,0,1,0,1,0,1,0,1,0,0,1,1,0,0,0,0,1,0,8292-ITGYJ
0,70,76.1,5264.25,0,0.014456000379921166,7,1,1,0,1,0,1,0,0,0,0,0,1,0,1,0,1,0,1,0,0,0,1,0,1,0,0,0,0,1,6870-ZWMNX
0,53,18.7,1005.7,0,0.01859401411951874,1,0,0,0,1,0,0,0,1,1,0,1,0,1,0,1,0,1,0,1,0,0,1,0,0,0,1,0,0,1,0621-CXBKL
1,62,97.95,5936.55,0,0.01649948202238674,6,0,1,0,1,0,1,1,0,0,0,0,1,0,1,0,0,0,1,0,0,1,0,1,1,0,0,0,0,1,5268-DSMNQ
0,60,94.1,5475.9,0,0.017184389780675324,6,0,1,0,1,0,1,1,0,0,1,0,1,0,0,0,0,0,0,0,1,0,0,1,1,0,0,0,0,1,5334-JLAXU
1,3,80.4,224.05,1,0.35884847132336534,3,0,1,0,1,0,0,1,0,0,0,0,0,0,0,0,0,0,1,0,0,0,0,1,0,1,0,0,0,0,4086-YQSNZ
1,23,95.1,2326.05,0,0.040884761720513314,5,0,1,0,1,0,0,1,0,0,1,0,0,0,0,0,0,0,1,0,1,0,0,1,0,1,0,1,0,0,6242-MBHPK
0,1,31.35,31.35,1,1.0,2,1,0,1,0,1,0,0,0,0,0,0,1,0,0,0,0,0,0,0,0,0,0,1,0,0,1,0,0,0,5868-CZJDR
0,67,72.35,4991.5,0,0.01449464088951217,6,0,0,0,1,0,0,0,0,0,1,0,0,0,1,0,1,0,0,0,1,1,0,1,0,0,0,0,0,1,9359-UGBTK
0,12,89.75,1052.4,1,0.08528126187761306,5,0,0,0,1,0,1,1,0,0,0,0,1,0,0,0,0,0,1,0,0,0,0,1,0,0,0,0,0,0,0135-NMXAP
1,71,82.7,5831.2,0,0.014182329537659489,8,0,1,0,1,0,1,0,0,0,1,0,1,0,1,0,1,0,0,0,1,0,1,1,0,0,0,0,0,1,4782-OSFXZ
0,25,19.9,510.8,0,0.03895849647611589,1,1,0,0,1,0,0,0,1,1,0,1,0,1,0,1,0,1,0,1,0,1,0,0,1,0,0,0,1,0,6479-OAUSD
0,5,53.8,283.95,0,0.18946997710864588,4,0,0,0,1,0,1,0,0,0,1,0,0,0,0,0,0,0,0,0,0,0,0,1,0,1,0,0,0,0,7129-ACFOG
0,26,51.55,1295.4,0,0.039794658020688586,3,1,0,0,1,0,1,0,0,0,0,0,0,0,0,0,0,0,0,0,0,1,0,1,1,0,0,0,1,0,4189-NAKJS
0,1,19.65,19.65,0,1.0,1,1,1,1,1,0,0,0,1,1,0,1,0,1,0,1,0,1,0,1,0,1,0,0,0,0,1,0,0,0,5562-BETPV
1,70,44.05,3011.65,0,0.014626533627745587,4,1,0,0,0,1,0,0,0,0,0,0,1,0,1,0,0,0,1,0,0,1,0,1,1,0,0,0,0,1,1282-IHQAC
0,72,114.0,8093.15,0,0.014085986297053682,9,1,1,1,1,0,1,1,0,0,1,0,1,0,1,0,1,0,1,0,1,0,1,1,0,1,0,0,0,1,9127-FHJBZ
0,60,94.4,5610.25,1,0.01682634463704826,5,1,1,0,1,0,0,1,0,0,0,0,1,0,0,0,0,0,1,0,1,1,0,1,0,1,0,0,0,1,6270-OMFIW
1,32,100.4,3217.65,0,0.03120289652386058,6,0,1,1,1,0,1,1,0,0,0,0,1,0,0,0,0,0,1,0,1,0,0,1,0,1,0,0,1,0,1641-RQDAY
0,1,19.85,19.85,1,1.0,1,1,0,0,1,0,0,0,1,1,0,1,0,1,0,1,0,1,0,1,0,0,0,1,0,1,0,0,0,0,0107-WESLM
0,14,54.25,773.2,0,0.07016295913088463,4,0,0,0,1,0,1,0,0,0,0,0,1,0,0,0,0,0,0,0,0,1,0,1,0,0,1,1,0,0,6994-ORCWG
0,13,80.0,1029.35,0,0.07771894885121679,4,0,0,0,1,0,1,1,0,0,1,0,0,0,0,0,0,0,0,0,0,0,0,1,1,0,0,1,0,0,1346-UFHAX
0,6,109.9,669.45,1,0.16416461274180297,8,0,0,0,1,0,1,1,0,0,0,0,1,0,1,0,1,0,1,0,1,0,0,1,1,0,0,0,0,0,3992-YWPKO
0,46,79.2,3593.8,0,0.0220379542545495,7,0,0,0,1,0,1,0,0,0,1,0,0,0,1,0,0,0,1,0,1,0,1,0,0,0,1,0,1,0,2933-XEUJM
0,15,101.35,1553.95,1,0.06522088870298272,6,1,0,0,1,0,0,1,0,0,0,0,0,0,1,0,1,0,1,0,1,0,0,1,0,1,0,1,0,0,0125-LZQXK
1,43,94.3,3953.15,0,0.023854394596714013,6,1,1,0,1,0,1,1,0,0,0,0,1,0,0,0,1,0,1,0,0,0,0,1,0,1,0,0,1,0,5461-QKNTN
0,39,49.8,1971.15,0,0.025264439540369832,3,1,0,0,1,0,0,0,0,0,0,0,0,0,0,0,1,0,0,0,0,0,1,1,0,0,0,0,1,0,4835-YSJMR
1,21,60.05,1236.15,1,0.04857824697649961,4,1,0,0,1,0,0,0,0,0,0,0,0,0,1,0,0,0,1,0,0,0,0,1,0,0,0,1,0,0,8399-YNDCH
0,57,53.75,3196.0,0,0.016817897371714643,5,1,0,0,0,1,0,0,0,0,1,0,0,0,1,0,0,0,1,0,1,0,0,1,0,1,0,0,0,1,3164-YAXFY
0,53,93.45,4872.2,0,0.019180247116292435,5,0,1,0,1,0,0,1,0,0,0,0,0,0,0,0,1,0,1,0,1,1,0,1,0,1,0,0,0,1,0887-WBJVH
0,18,87.9,1500.5,0,0.05858047317560813,5,1,1,1,1,0,0,1,0,0,1,0,0,0,1,0,0,0,1,0,0,0,0,1,0,0,1,1,0,0,4660-IRIBM
0,1,60.15,60.15,1,1.0,4,0,0,0,1,0,1,0,0,0,0,0,0,0,0,0,0,0,0,0,1,0,0,1,0,1,0,0,0,0,5673-FSSMF
0,58,61.05,3478.75,0,0.017549407114624504,5,0,1,0,1,0,1,0,0,0,1,0,0,0,0,0,1,0,0,0,0,1,0,1,0,0,0,0,0,1,7670-ZBPOQ
1,71,104.05,7413.55,0,0.014035111383884913,6,0,0,0,1,0,1,1,0,0,0,0,0,0,1,0,0,0,1,0,1,0,1,0,0,0,0,0,0,1,8089-UZWLX
0,35,99.25,3532.0,0,0.02810022650056625,6,0,0,0,1,0,0,1,0,0,0,0,0,0,1,0,1,0,1,0,1,1,0,1,0,1,0,0,1,0,0080-OROZO
0,3,85.7,256.75,0,0.3337877312560857,4,1,0,0,1,0,0,1,0,0,0,0,0,0,1,0,0,0,0,0,1,0,0,0,1,0,0,0,0,0,3916-NRPAP
0,38,104.85,3887.25,0,0.02697279567817866,7,1,0,0,1,0,1,1,0,0,1,0,1,0,0,0,0,0,1,0,1,1,0,1,0,1,0,0,1,0,6807-SIWJI
0,35,69.15,2490.15,0,0.027769411481236073,7,1,1,1,1,0,1,0,0,0,1,0,1,0,1,0,1,0,0,0,0,0,1,1,1,0,0,0,1,0,8221-HVAYI
0,7,90.45,593.45,1,0.15241385120903192,5,1,0,0,1,0,1,1,0,0,0,0,0,0,1,0,0,0,1,0,0,0,0,1,0,1,0,0,0,0,1579-KLYDT
0,47,74.45,3510.3,0,0.021209013474631798,6,0,0,0,1,0,0,0,0,0,0,0,0,0,1,0,1,0,1,0,1,0,1,0,0,0,1,0,1,0,5232-NXPAY
0,14,50.45,765.45,0,0.06590894245215233,3,0,0,0,1,0,0,0,0,0,0,0,1,0,0,0,0,0,0,0,0,0,0,0,0,1,0,1,0,0,8967-SZQAS
1,20,60.0,1259.35,0,0.047643625679914245,4,0,1,0,1,0,0,0,0,0,0,0,1,0,0,0,0,0,0,0,1,0,0,1,0,1,0,1,0,0,4468-KAZHE
0,66,85.25,5538.35,0,0.015392671102404144,8,1,1,0,1,0,1,0,0,0,1,0,1,0,0,0,1,0,1,0,1,0,1,0,0,1,0,0,0,1,0455-ENTCR
0,15,19.45,340.85,0,0.05706322429221065,1,1,1,0,1,0,0,0,1,1,0,1,0,1,0,1,0,1,0,1,0,0,0,1,1,0,0,1,0,0,8944-AILEF
0,42,20.75,844.45,0,0.024572206761797617,1,0,0,0,1,0,0,0,1,1,0,1,0,1,0,1,0,1,0,1,0,0,1,1,0,0,0,0,1,0,5542-NKVRU
0,17,78.9,1348.95,0,0.058489936617369065,4,0,1,0,1,0,1,1,0,0,1,0,0,0,0,0,0,0,0,0,0,0,0,0,0,1,0,1,0,0,7126-RBHSD
0,37,104.5,3778.0,0,0.027660137638962416,7,1,0,0,1,0,1,1,0,0,0,0,1,0,0,0,1,0,1,0,1,1,0,1,1,0,0,0,1,0,5370-IIVVL
0,12,49.4,611.65,0,0.08076514346439957,3,0,0,0,1,0,0,0,0,0,0,0,1,0,0,0,0,0,0,0,0,0,0,1,0,1,0,0,0,0,6789-HJBWG
0,53,94.25,4867.95,1,0.019361332799227603,5,1,1,0,1,0,0,1,0,0,0,0,1,0,0,0,0,0,1,0,1,1,0,1,0,0,0,0,0,1,3927-NLNRY
0,60,25.0,1505.05,0,0.016610743829108668,2,0,0,0,1,0,1,0,1,1,0,1,0,1,0,1,0,1,0,1,0,0,1,0,0,0,1,0,0,1,9087-EYCPR
0,18,25.55,467.85,0,0.05461152078657689,1,1,1,1,0,1,0,0,0,0,0,0,0,0,0,0,0,0,0,0,0,0,0,0,1,0,0,1,0,0,6791-YBNAK
0,1,74.9,74.9,1,1.0,3,1,0,0,1,0,1,1,0,0,0,0,0,0,0,0,0,0,0,0,0,0,0,1,0,1,0,0,0,0,6358-LYNGM
0,3,70.15,194.2,0,0.3612255406797117,2,0,0,0,1,0,0,1,0,0,0,0,0,0,0,0,0,0,0,0,0,0,0,1,0,1,0,0,0,0,6077-BDPXA
0,9,69.4,571.45,0,0.12144544579578266,5,0,0,1,1,0,0,0,0,0,0,0,0,0,0,0,1,0,1,0,1,0,0,1,1,0,0,0,0,0,0013-MHZWF
0,1,80.25,80.25,1,1.0,3,0,0,0,1,0,0,1,0,0,0,0,0,0,0,0,0,0,1,0,0,0,0,1,0,1,0,0,0,0,5494-HECPR
0,56,93.15,5253.95,0,0.017729517791376014,6,1,1,0,1,0,1,1,0,0,1,0,1,0,1,0,0,0,0,0,0,1,0,1,0,1,0,0,0,1,8268-YDIXR
0,17,69.0,1149.65,1,0.06001826642891314,2,1,1,1,1,0,0,1,0,0,0,0,0,0,0,0,0,0,0,0,0,0,0,1,0,1,0,1,0,0,9824-BEMCV
0,11,66.35,740.8,1,0.08956533477321814,5,0,1,1,1,0,1,0,0,0,0,0,0,0,0,0,1,0,0,0,1,0,0,1,0,1,0,0,0,0,1373-ORVIZ
0,7,69.55,521.35,0,0.13340366356574276,2,1,0,0,1,0,0,1,0,0,0,0,0,0,0,0,0,0,0,0,0,0,0,1,0,1,0,0,0,0,4291-SHSBH
0,69,20.2,1412.65,0,0.014299366438962232,1,0,1,1,1,0,0,0,1,1,0,1,0,1,0,1,0,1,0,1,0,0,1,0,0,0,0,0,0,1,6980-IMXXE
0,19,86.0,1532.45,1,0.05611928611047669,4,1,0,0,1,0,1,1,0,0,0,0,0,0,0,0,0,0,0,0,1,0,0,1,0,0,0,1,0,0,9866-QEVEE
0,3,80.3,250.05,1,0.3211357728454309,3,0,1,1,1,0,0,1,0,0,0,0,0,0,0,0,0,0,0,0,1,0,0,1,0,1,0,0,0,0,9897-KXHCM
0,54,20.4,1090.6,0,0.018705299834953237,1,1,1,1,1,0,0,0,1,1,0,1,0,1,0,1,0,1,0,1,0,0,1,0,1,0,0,0,0,1,0040-HALCW
0,62,23.75,1446.8,0,0.016415537738457286,2,1,1,0,1,0,1,0,1,1,0,1,0,1,0,1,0,1,0,1,0,1,0,1,1,0,0,0,0,1,0784-GTUUK
0,24,90.55,2282.55,1,0.03967054390922433,5,1,0,0,1,0,1,1,0,0,0,0,1,0,0,0,0,0,1,0,0,0,0,1,1,0,0,1,0,0,7979-CORPM
0,62,70.45,4300.45,0,0.01638200653419991,5,0,1,1,1,0,1,0,0,0,0,0,0,0,0,0,0,0,1,0,1,0,0,1,1,0,0,0,0,1,2294-DMMUS
0,17,65.75,1111.2,0,0.059170266378689704,5,1,0,0,1,0,1,0,0,0,1,0,0,0,0,0,0,0,0,0,1,0,0,0,0,0,0,1,0,0,0872-JCPIB
0,9,24.6,190.1,0,0.12940557601262495,1,1,0,0,0,1,0,0,0,0,0,0,0,0,0,0,0,0,0,0,0,0,0,1,0,0,1,0,0,0,3055-MJDSB
0,64,69.25,4447.75,0,0.015569670057894442,6,1,1,1,1,0,0,0,0,0,1,0,0,0,1,0,1,0,1,0,0,0,1,0,0,0,1,0,0,1,9091-WTUUY
0,2,75.9,143.35,1,0.5294733170561563,3,0,0,0,1,0,1,1,0,0,0,0,0,0,0,0,0,0,0,0,0,0,0,1,0,1,0,0,0,0,1618-CFHME
0,1,45.85,45.85,1,1.0,2,1,1,1,1,0,0,0,0,0,0,0,0,0,0,0,0,0,0,0,0,0,0,1,0,0,1,0,0,0,3165-HDOEW
0,16,49.95,810.2,1,0.06165144408787954,4,0,1,0,0,1,0,0,0,0,0,0,0,0,0,0,1,0,1,0,1,0,0,1,0,1,0,1,0,0,6581-NQCBA
0,72,24.65,1830.05,0,0.013469577333952624,2,0,1,0,1,0,1,0,1,1,0,1,0,1,0,1,0,1,0,1,0,0,1,0,0,0,0,0,0,1,7115-IRDHS
0,30,90.4,2820.65,0,0.03204935032705228,6,1,0,0,1,0,1,1,0,0,1,0,1,0,1,0,0,0,0,0,0,1,0,0,0,0,0,0,1,0,8496-DMZUK
0,49,100.85,4847.35,0,0.02080518221296172,6,0,1,0,1,0,1,1,0,0,1,0,0,0,0,0,0,0,1,0,1,0,0,1,0,0,1,0,0,1,2040-VZIKE
0,61,75.35,4729.3,0,0.015932590446789165,7,1,1,0,1,0,1,0,0,0,1,0,0,0,1,0,1,0,0,0,1,0,1,0,1,0,0,0,0,1,9068-VPWQQ
0,47,87.2,4017.45,0,0.02170531058258348,5,1,1,1,1,0,1,1,0,0,0,0,1,0,0,0,0,0,1,0,0,0,0,0,0,1,0,0,1,0,0178-SZBHO
0,20,64.4,1398.6,0,0.046046046046046056,5,1,0,0,1,0,0,0,0,0,1,0,0,0,1,0,0,0,0,0,1,0,0,0,1,0,0,1,0,0,0384-RVBPI
0,34,78.3,2564.3,1,0.03053464883203993,3,1,1,1,1,0,0,1,0,0,0,0,0,0,0,0,0,0,1,0,0,0,0,0,0,1,0,0,1,0,1689-MRZQR
0,70,24.7,1685.9,0,0.01465092828756154,2,0,1,1,1,0,1,0,1,1,0,1,0,1,0,1,0,1,0,1,0,0,1,0,0,0,0,0,0,1,1299-AURJA
0,54,105.85,5826.65,0,0.018166527936292726,7,1,0,1,1,0,0,1,0,0,1,0,1,0,0,0,1,0,1,0,1,1,0,1,0,1,0,0,0,1,4525-VZCZG
1,61,98.3,6066.55,0,0.01620360831114884,7,1,1,0,1,0,1,1,0,0,0,0,1,0,1,0,1,0,1,0,0,1,0,1,0,0,1,0,0,1,1543-LLLFT
0,3,76.95,228.4,1,0.33690893169877406,3,1,0,0,1,0,1,1,0,0,0,0,0,0,0,0,0,0,0,0,0,0,0,1,0,1,0,0,0,0,5835-BEQEU
0,13,19.45,270.2,0,0.07198371576609919,1,1,0,0,1,0,0,0,1,1,0,1,0,1,0,1,0,1,0,1,0,1,0,0,0,0,1,1,0,0,2788-CJQAQ
1,16,96.15,1529.2,1,0.06287601360188334,5,0,0,0,1,0,1,1,0,0,0,0,0,0,0,0,0,0,1,0,1,0,0,1,0,1,0,1,0,0,5565-FILXA
0,3,58.7,168.6,0,0.3481613285883749,4,0,1,1,1,0,0,0,0,0,0,0,1,0,0,0,0,0,1,0,0,0,0,1,1,0,0,0,0,0,0319-QZTCO
0,25,20.15,536.35,0,0.03756875174792579,1,1,0,0,1,0,0,0,1,1,0,1,0,1,0,1,0,1,0,1,0,0,0,1,0,0,1,0,1,0,2120-SMPEX
0,30,64.5,1888.45,0,0.034154994837035664,5,1,0,0,1,0,1,0,0,0,1,0,0,0,0,0,0,0,0,0,1,0,0,1,0,0,1,0,1,0,0096-FCPUF
0,21,28.5,629.35,0,0.04528481766902359,2,0,1,0,0,1,0,0,0,0,1,0,0,0,0,0,0,0,0,0,0,0,0,0,0,1,0,1,0,0,0668-OGMHD
0,1,45.3,45.3,1,1.0,2,1,0,0,1,0,0,0,0,0,0,0,0,0,0,0,0,0,0,0,0,0,0,0,0,1,0,0,0,0,5552-ZNFSJ
0,15,19.4,289.3,1,0.06705841686830279,1,0,0,0,1,0,0,0,1,1,0,1,0,1,0,1,0,1,0,1,0,0,0,0,0,0,0,1,0,0,2223-KAGMX
1,23,90.45,2117.25,0,0.042720510095642934,4,1,1,0,1,0,0,1,0,0,0,0,0,0,0,0,0,0,1,0,1,0,0,1,0,1,0,1,0,0,6507-ZJSUR
0,45,105.15,4730.9,0,0.022226214885116998,7,0,1,1,1,0,1,1,0,0,1,0,1,0,0,0,0,0,1,0,1,0,0,1,0,1,0,0,1,0,9408-HRXRK
0,24,83.15,2033.05,0,0.04089914168367724,5,0,1,1,1,0,1,1,0,0,0,0,1,0,1,0,0,0,0,0,0,1,0,0,0,0,0,1,0,0,5593-SUAOO
0,11,90.15,987.95,1,0.09124955716382409,5,0,0,0,1,0,1,1,0,0,0,0,0,0,0,0,1,0,1,0,0,0,0,0,0,1,0,0,0,0,7321-PKUYW
0,1,45.05,45.05,1,1.0,2,1,0,0,1,0,0,0,0,0,0,0,0,0,0,0,0,0,0,0,0,0,0,0,0,0,1,0,0,0,2833-SLKDQ
0,56,103.2,5744.35,0,0.017965479122964305,7,0,1,0,1,0,1,1,0,0,0,0,0,0,1,0,1,0,1,0,1,0,1,0,0,0,0,0,0,1,6766-HFKLA
0,1,75.8,75.8,1,1.0,3,0,0,0,1,0,0,1,0,0,0,0,1,0,0,0,0,0,0,0,0,0,0,0,0,1,0,0,0,0,7595-EUIVN
0,1,19.45,19.45,0,1.0,1,1,0,0,1,0,0,0,1,1,0,1,0,1,0,1,0,1,0,1,0,0,0,0,0,1,0,0,0,0,7617-EYGLW
0,7,79.3,523.15,1,0.15158176431233872,3,0,0,0,1,0,0,1,0,0,0,0,0,0,0,0,0,0,0,0,1,0,0,1,0,1,0,0,0,0,2026-TGDHM
1,55,88.8,4805.3,0,0.018479595446694273,5,0,1,0,1,0,0,1,0,0,0,0,0,0,1,0,1,0,1,0,0,0,1,0,1,0,0,0,0,1,9220-ZNKJI
0,2,30.9,59.05,1,0.5232853513971211,2,0,0,0,0,1,0,0,0,0,0,0,0,0,0,0,1,0,0,0,0,0,0,1,0,1,0,0,0,0,4030-VPZBD
0,72,85.9,6110.75,0,0.014057194288753428,8,0,1,1,1,0,1,0,0,0,1,0,0,0,1,0,1,0,1,0,1,0,1,1,1,0,0,0,0,1,2226-ICFDO
1,45,34.2,1596.6,0,0.021420518602029315,2,0,0,0,0,1,0,0,0,0,0,0,0,0,0,0,0,0,0,0,1,1,0,0,0,1,0,0,1,0,0723-VSOBE
0,47,20.15,1046.2,0,0.0192601796979545,1,0,0,0,1,0,0,0,1,1,0,1,0,1,0,1,0,1,0,1,0,0,1,0,0,0,1,0,1,0,5529-GIBVH
1,46,95.25,4424.2,1,0.021529316034537317,5,0,0,0,1,0,0,1,0,0,0,0,1,0,0,0,0,0,1,0,1,1,0,0,1,0,0,0,1,0,4187-CINZD
0,2,50.3,92.75,0,0.5423180592991913,3,1,0,0,1,0,0,0,0,0,0,0,1,0,0,0,0,0,0,0,0,0,0,1,0,0,1,0,0,0,9992-UJOEL
0,2,80.15,194.55,0,0.41197635569262403,4,0,1,0,1,0,0,1,0,0,1,0,0,0,0,0,1,0,0,0,0,0,0,1,0,1,0,0,0,0,4741-WWJQZ
0,12,51.25,612.1,0,0.08372814899526221,3,0,1,0,1,0,0,0,0,0,0,0,1,0,0,0,0,0,0,0,0,0,0,1,0,1,0,0,0,0,6625-UTXEW
1,68,89.6,6127.6,1,0.014622364384098177,5,0,1,0,1,0,1,1,0,0,0,0,1,0,0,0,0,0,0,0,1,0,0,1,0,0,0,0,0,1,6818-WOBHJ
0,69,95.2,6671.7,0,0.01426922673381597,5,1,1,1,1,0,0,1,0,0,0,0,0,0,0,0,1,0,1,0,1,0,1,1,1,0,0,0,0,1,6244-BESBM
1,56,94.8,5264.3,0,0.018008092243983056,5,1,0,1,1,0,0,1,0,0,1,0,0,0,0,0,0,0,1,0,1,1,0,0,1,0,0,0,0,1,1004-NOZNR
1,4,80.25,303.7,0,0.2642410273296016,4,0,0,0,1,0,1,1,0,0,1,0,0,0,0,0,0,0,0,0,0,0,0,1,0,1,0,0,0,0,1251-STYSZ
0,64,76.1,4818.8,0,0.015792313439030464,7,1,1,0,1,0,1,0,0,0,0,0,1,0,1,0,1,0,1,0,0,0,1,1,0,0,0,0,0,1,2612-PHGOX
0,59,110.15,6448.05,1,0.01708268391219051,8,1,1,0,1,0,1,1,0,0,1,0,1,0,1,0,0,0,1,0,1,1,0,1,0,1,0,0,0,1,2408-TZMJL
0,62,115.55,7159.05,0,0.01614040969122998,9,1,1,1,1,0,1,1,0,0,1,0,1,0,1,0,1,0,1,0,1,0,1,0,0,0,0,0,0,1,8480-PPONV
0,63,24.65,1574.5,0,0.015655763734518893,2,1,1,1,1,0,1,0,1,1,0,1,0,1,0,1,0,1,0,1,0,0,1,0,1,0,0,0,0,1,8780-IHCRN
0,53,53.6,2879.2,0,0.018616282300639067,6,0,0,0,0,1,0,0,0,0,1,0,1,0,1,0,1,0,1,0,0,1,0,1,0,1,0,0,0,1,4598-ZADCK
0,5,19.45,86.05,0,0.22603137710633353,1,1,1,1,1,0,0,0,1,1,0,1,0,1,0,1,0,1,0,1,0,0,0,0,0,0,1,0,0,0,1257-SXUXQ
1,49,88.2,4159.45,0,0.02120472658644773,6,1,1,0,1,0,1,1,0,0,1,0,1,0,1,0,0,0,0,0,0,0,0,1,0,1,0,0,0,1,9681-KYGYB
0,62,101.15,6638.35,0,0.015237220092342223,6,0,1,1,1,0,1,1,0,0,1,0,0,0,0,0,0,0,1,0,1,0,1,1,0,0,0,0,0,1,7182-OVLBJ
0,55,56.8,3112.05,0,0.01825163477450555,5,0,1,0,1,0,0,0,0,0,1,0,1,0,0,0,1,0,0,0,0,0,1,0,0,0,1,0,0,1,5095-ETBRJ
1,71,99.4,7168.25,0,0.013866703867750149,7,0,1,0,1,0,0,1,0,0,1,0,1,0,1,0,1,0,1,0,0,0,1,1,0,1,0,0,0,1,7005-CYUIL
0,72,20.1,1326.25,0,0.015155513666352498,1,0,1,1,1,0,0,0,1,1,0,1,0,1,0,1,0,1,0,1,0,0,1,1,1,0,0,0,0,1,4821-WQOYN
0,36,60.7,2234.55,0,0.027164306012396233,6,1,1,1,0,1,0,0,0,0,1,0,0,0,1,0,1,0,1,0,1,1,0,0,1,0,0,0,1,0,4730-AWNAU
0,25,20.95,495.15,0,0.04231041098656973,1,1,1,0,1,0,0,0,1,1,0,1,0,1,0,1,0,1,0,1,0,1,0,1,0,0,0,0,1,0,3452-FLHYD
1,72,114.85,8317.95,0,0.013807488623999902,9,0,1,0,1,0,1,1,0,0,1,0,1,0,1,0,1,0,1,0,1,0,1,1,0,0,0,0,0,1,2388-LAESQ
0,36,19.25,679.8,0,0.028317152103559874,1,0,0,0,1,0,0,0,1,1,0,1,0,1,0,1,0,1,0,1,0,1,0,1,0,0,0,0,1,0,9531-NSBMR
0,1,62.8,62.8,0,1.0,4,1,0,0,1,0,0,0,0,0,0,0,0,0,0,0,0,0,1,0,1,0,0,1,0,0,1,0,0,0,6260-ONULR
0,72,105.5,7544.0,0,0.013984623541887592,7,0,1,0,1,0,1,1,0,0,1,0,0,0,1,0,0,0,1,0,1,0,1,1,0,1,0,0,0,1,4389-UEFCZ
0,59,19.85,1188.25,0,0.01670523879654955,1,1,1,1,1,0,0,0,1,1,0,1,0,1,0,1,0,1,0,1,0,0,1,0,0,0,1,0,0,1,8711-LOBKY
1,7,89.5,676.7,1,0.13225949460617703,4,1,1,0,1,0,0,1,0,0,0,0,0,0,0,0,0,0,1,0,1,0,0,1,0,1,0,0,0,0,9134-CEQMF
0,1,74.1,74.1,0,1.0,6,0,0,0,1,0,0,0,0,0,0,0,0,0,1,0,1,0,1,0,1,1,0,0,1,0,0,0,0,0,8985-OOPOS
0,30,107.5,3242.5,0,0.03315343099460293,8,0,1,1,1,0,1,1,0,0,0,0,1,0,1,0,1,0,1,0,1,0,0,1,0,1,0,0,1,0,8800-ZKRFW
0,64,19.55,1240.15,0,0.015764222069910898,1,1,0,0,1,0,0,0,1,1,0,1,0,1,0,1,0,1,0,1,0,0,1,0,0,0,1,0,0,1,2616-FLVQC
0,63,68.8,4111.35,0,0.01673416274459727,7,1,0,0,1,0,1,0,0,0,1,0,1,0,1,0,1,0,0,0,0,1,0,0,0,0,0,0,0,1,9968-FFVVH
1,72,84.45,5899.85,0,0.01431392323533649,8,1,1,0,1,0,1,0,0,0,1,0,1,0,1,0,0,0,1,0,1,0,1,0,1,0,0,0,0,1,3108-PCCGG
0,8,75.0,632.95,1,0.1184927719409116,3,1,1,0,1,0,0,1,0,0,1,0,0,0,0,0,0,0,0,0,0,0,0,0,0,1,0,0,0,0,7993-PYKOF
0,62,84.5,5193.2,0,0.016271277824847878,8,0,0,0,1,0,1,0,0,0,0,0,1,0,1,0,1,0,1,0,1,0,1,0,0,0,0,0,0,1,8390-FESFV
0,67,111.2,7530.8,0,0.014766027513677166,8,1,1,1,1,0,1,1,0,0,0,0,1,0,1,0,1,0,1,0,1,0,1,1,0,0,0,0,0,1,3022-BEXHZ
0,6,44.75,270.95,1,0.16515962354677985,2,1,0,0,1,0,0,0,0,0,0,0,0,0,0,0,0,0,0,0,0,0,0,0,0,1,0,0,0,0,5027-XWQHA
0,70,80.6,5460.2,0,0.014761364052598805,7,0,1,1,1,0,1,0,0,0,1,0,0,0,0,0,1,0,1,0,1,0,1,1,0,0,0,0,0,1,6248-TKCQV
1,20,80.7,1614.2,0,0.04999380498079544,3,0,0,0,1,0,0,1,0,0,0,0,0,0,0,0,0,0,1,0,0,0,0,0,0,0,0,1,0,0,6729-GDNGC
0,5,75.6,402.5,0,0.18782608695652173,3,0,0,0,1,0,1,1,0,0,0,0,0,0,0,0,0,0,0,0,0,0,0,0,0,1,0,0,0,0,6198-ZFIOJ
0,24,57.6,1367.75,0,0.04211295923962713,6,0,1,1,0,1,0,0,0,0,1,0,1,0,1,0,0,0,1,0,1,1,0,0,0,1,0,1,0,0,5989-OMNJE
0,11,44.05,483.7,1,0.09106884432499483,2,0,1,0,1,0,0,0,0,0,0,0,0,0,0,0,0,0,0,0,0,0,0,1,0,1,0,0,0,0,4566-QVRRW
0,72,110.6,7962.2,0,0.013890633242068774,8,1,1,0,1,0,1,1,0,0,0,0,1,0,1,0,1,0,1,0,1,0,1,1,1,0,0,0,0,1,1291-CUOCY
0,66,58.2,3810.8,0,0.015272383751443266,5,0,1,1,1,0,0,0,0,0,1,0,1,0,0,0,1,0,0,0,0,0,1,1,1,0,0,0,0,1,9795-SHUHB
0,45,81.0,3533.6,0,0.022922798279375142,7,0,1,1,1,0,0,0,0,0,1,0,0,0,1,0,1,0,1,0,1,0,1,1,0,0,1,0,1,0,3230-IUALN
0,69,19.7,1396.9,0,0.014102655880879089,1,0,1,1,1,0,0,0,1,1,0,1,0,1,0,1,0,1,0,1,0,0,1,0,0,0,0,0,0,1,0042-RLHYP
1,15,85.6,1345.55,1,0.06361710824569879,4,1,1,0,1,0,1,1,0,0,0,0,0,0,0,0,0,0,0,0,1,0,0,1,0,0,0,1,0,0,8519-IMDHU
0,28,59.55,1646.45,0,0.03616872665431686,4,0,0,0,1,0,0,0,0,0,0,0,0,0,1,0,0,0,1,0,0,0,0,1,0,0,0,0,1,0,4945-RVMTE
0,70,115.55,8127.6,1,0.014216989025050444,9,0,0,0,1,0,1,1,0,0,1,0,1,0,1,0,1,0,1,0,1,1,0,0,1,0,0,0,0,1,0201-OAMXR
0,36,75.55,2680.15,0,0.028188720780553324,7,0,0,0,1,0,0,0,0,0,1,0,1,0,1,0,1,0,0,0,1,1,0,1,0,0,1,0,1,0,1866-NXPSP
1,16,86.6,1281.0,1,0.06760343481654957,4,1,0,0,1,0,1,1,0,0,0,0,0,0,0,0,0,0,1,0,0,0,0,1,0,1,0,1,0,0,3372-KWFBM
0,18,85.2,1553.9,1,0.0548297831263273,4,0,0,0,1,0,1,1,0,0,0,0,0,0,0,0,0,0,1,0,0,0,0,1,0,1,0,1,0,0,7831-QGOXH
0,34,97.65,3207.55,1,0.030443796667238236,5,0,1,0,1,0,1,1,0,0,0,0,0,0,0,0,0,0,1,0,1,0,0,1,0,1,0,0,1,0,6393-WRYZE
0,42,45.1,2049.05,0,0.022010199848710377,4,1,1,1,0,1,0,0,0,0,0,0,1,0,1,0,0,0,0,0,1,1,0,1,1,0,0,0,1,0,3941-XTSKM
0,48,70.95,3629.2,0,0.019549763033175356,6,1,0,0,1,0,1,0,0,0,1,0,0,0,0,0,1,0,0,0,1,1,0,1,0,0,0,0,1,0,1661-CZBAU
0,47,109.55,5124.55,1,0.02137748680371935,8,1,1,0,1,0,1,1,0,0,0,0,1,0,1,0,1,0,1,0,1,0,0,1,0,1,0,0,1,0,6599-RCLCJ
0,39,89.55,3474.45,1,0.02577386348918534,6,0,1,1,1,0,1,1,0,0,0,0,1,0,1,0,1,0,0,0,0,1,0,1,0,1,0,0,1,0,9831-BPFRI
0,11,20.9,202.3,0,0.1033119130004943,1,0,1,1,1,0,0,0,1,1,0,1,0,1,0,1,0,1,0,1,0,0,1,0,1,0,0,0,0,0,5158-RIVOP
0,7,19.95,147.5,0,0.1352542372881356,1,1,0,0,1,0,0,0,1,1,0,1,0,1,0,1,0,1,0,1,0,0,0,1,0,0,1,0,0,0,9788-YTFGE
0,3,24.6,86.35,0,0.2848870874348582,2,0,0,0,1,0,1,0,1,1,0,1,0,1,0,1,0,1,0,1,0,0,0,0,0,0,1,0,0,0,9277-JOOMO
0,8,66.7,579.0,0,0.1151986183074266,5,1,0,0,1,0,0,0,0,0,1,0,0,0,1,0,0,0,0,0,1,0,0,1,0,1,0,0,0,0,1907-YLNYW
0,1,19.45,19.45,1,1.0,1,1,0,1,1,0,0,0,1,1,0,1,0,1,0,1,0,1,0,1,0,0,0,1,0,0,1,0,0,0,1725-MIMXW
0,32,94.8,3131.55,0,0.030272548737845472,6,1,1,1,1,0,0,1,0,0,1,0,1,0,1,0,0,0,0,0,1,1,0,0,0,0,1,0,1,0,8947-YRTDV
0,60,65.85,3928.3,0,0.016762976351093348,6,1,1,1,1,0,0,0,0,0,1,0,1,0,1,0,1,0,0,0,0,1,0,1,0,0,0,0,0,1,3161-ONRWK
0,10,19.95,187.75,0,0.10625832223701731,1,0,1,0,1,0,0,0,1,1,0,1,0,1,0,1,0,1,0,1,0,0,0,1,0,0,0,0,0,0,0114-RSRRW
0,71,24.65,1710.15,0,0.014413940297634709,2,0,1,0,1,0,1,0,1,1,0,1,0,1,0,1,0,1,0,1,0,0,1,1,0,0,0,0,0,1,4565-NLZBV
0,4,20.35,76.35,1,0.26653569089718404,1,0,1,1,1,0,0,0,1,1,0,1,0,1,0,1,0,1,0,1,0,0,0,0,0,0,1,0,0,0,0031-PVLZI
1,1,69.25,69.25,1,1.0,2,0,0,0,1,0,0,1,0,0,0,0,0,0,0,0,0,0,0,0,0,0,0,1,0,1,0,0,0,0,7206-GZCDC
0,43,51.25,2151.6,0,0.023819483175311396,5,0,1,1,0,1,0,0,0,0,1,0,1,0,0,0,1,0,1,0,0,1,0,1,0,0,0,0,1,0,6682-VCIXC
0,59,99.5,5961.1,1,0.016691550217241783,6,1,1,0,1,0,1,1,0,0,0,0,0,0,1,0,0,0,1,0,1,1,0,1,0,0,0,0,0,1,4791-QRGMF
0,23,54.25,1221.55,0,0.04441078957062748,4,0,1,0,1,0,0,0,0,0,0,0,0,0,1,0,1,0,0,0,0,0,0,0,0,1,0,1,0,0,6475-VHUIZ
0,72,19.4,1496.45,0,0.012964014835109759,1,0,1,0,1,0,0,0,1,1,0,1,0,1,0,1,0,1,0,1,0,0,1,0,0,0,0,0,0,1,3910-MRQOY
0,22,56.25,1292.2,0,0.04353041324872311,4,1,1,0,1,0,0,0,0,0,1,0,0,0,0,0,1,0,0,0,0,1,0,1,1,0,0,1,0,0,0661-WCQNQ
0,1,25.15,25.15,0,1.0,1,0,0,0,0,1,0,0,0,0,0,0,0,0,0,0,0,0,0,0,0,0,0,1,0,0,1,0,0,0,7537-RBWEA
0,69,23.95,1713.1,0,0.013980503181367112,2,1,0,0,1,0,1,0,1,1,0,1,0,1,0,1,0,1,0,1,0,0,1,0,0,0,0,0,0,1,4656-CAURT
0,50,35.4,1748.9,0,0.02024129452798902,3,1,0,0,0,1,0,0,0,0,1,0,0,0,0,0,1,0,0,0,0,1,0,1,0,0,1,0,0,1,0121-SNYRK
1,1,25.2,25.2,1,1.0,1,0,0,0,0,1,0,0,0,0,0,0,0,0,0,0,0,0,0,0,0,0,0,1,0,1,0,0,0,0,1768-ZAIFU
0,2,45.0,96.45,1,0.4665629860031104,2,1,0,0,1,0,0,0,0,0,0,0,0,0,0,0,0,0,0,0,0,0,0,1,0,0,1,0,0,0,4671-LXRDQ
0,15,75.35,1114.55,0,0.06760576017226683,3,0,1,0,1,0,0,1,0,0,0,0,1,0,0,0,0,0,0,0,0,0,0,0,0,0,0,1,0,0,3733-LSYCE
0,31,20.4,609.1,0,0.033492037432277126,1,1,0,0,1,0,0,0,1,1,0,1,0,1,0,1,0,1,0,1,0,0,1,0,0,0,0,0,1,0,6265-FRMTQ
0,1,20.15,20.15,1,1.0,1,1,0,0,1,0,0,0,1,1,0,1,0,1,0,1,0,1,0,1,0,0,0,0,0,0,1,0,0,0,1934-SJVJK
0,66,105.0,7133.25,1,0.014719798128482809,7,1,1,0,1,0,1,1,0,0,0,0,1,0,1,0,0,0,1,0,1,0,0,1,1,0,0,0,0,1,3838-OZURD
0,0,56.05,0.0,0,0.0,6,0,1,1,0,1,0,0,0,0,1,0,1,0,1,0,1,0,1,0,0,0,1,0,1,0,0,0,0,0,1371-DWPAZ
0,3,54.7,169.45,1,0.3228090882266156,3,1,0,1,1,0,0,0,0,0,0,0,0,0,0,0,0,0,1,0,0,0,0,1,1,0,0,0,0,0,9269-CQOOL
0,8,20.0,141.6,0,0.14124293785310735,1,0,0,0,1,0,0,0,1,1,0,1,0,1,0,1,0,1,0,1,0,0,1,0,0,0,1,0,0,0,2017-CCBLH
0,64,73.05,4688.65,0,0.01558017766307999,6,1,1,1,1,0,0,0,0,0,1,0,0,0,1,0,0,0,1,0,1,1,0,1,1,0,0,0,0,1,7690-KPNCU
0,28,20.5,563.05,0,0.0364088446851967,1,0,1,0,1,0,0,0,1,1,0,1,0,1,0,1,0,1,0,1,0,0,0,0,0,0,1,0,1,0,0536-BGFMZ
0,57,100.75,5985.0,0,0.01683375104427736,6,0,1,0,1,0,1,1,0,0,0,0,0,0,1,0,0,0,1,0,1,1,0,1,1,0,0,0,0,1,2293-IJWPS
0,14,87.25,1258.6,1,0.06932305736532655,5,0,1,1,1,0,1,1,0,0,0,0,0,0,1,0,0,0,0,0,1,0,0,1,0,1,0,1,0,0,2845-HSJCY
0,19,19.95,373.5,0,0.053413654618473895,1,1,0,0,1,0,0,0,1,1,0,1,0,1,0,1,0,1,0,1,0,0,1,1,0,0,1,1,0,0,5469-NUJUR
0,10,79.95,857.2,1,0.09326878208119459,3,1,1,0,1,0,0,1,0,0,0,0,0,0,0,0,0,0,1,0,0,0,0,1,0,1,0,0,0,0,1184-PJVDB
0,51,49.65,2553.35,0,0.019445042786926978,4,0,1,0,0,1,0,0,0,0,0,0,1,0,0,0,0,0,1,0,1,0,0,1,0,1,0,0,0,1,2625-TRCZQ
0,67,65.65,4322.85,0,0.015186740229246909,6,0,1,0,1,0,1,0,0,0,1,0,1,0,1,0,0,0,0,0,0,0,1,0,0,0,1,0,0,1,4102-HLENU
0,11,20.45,250.8,0,0.08153907496012759,1,1,1,1,1,0,0,0,1,1,0,1,0,1,0,1,0,1,0,1,0,0,0,1,0,1,0,0,0,0,7266-GSSJX
0,72,60.95,4549.05,0,0.013398401864125477,6,1,1,1,0,1,0,0,0,0,1,0,0,0,1,0,1,0,1,0,1,0,1,0,0,0,0,0,0,1,7722-VJRQD
0,66,20.35,1359.5,0,0.014968738506803973,1,1,1,1,1,0,0,0,1,1,0,1,0,1,0,1,0,1,0,1,0,1,0,1,0,1,0,0,0,1,7073-QETQY
0,18,88.35,1639.3,1,0.05389495516378942,5,0,0,0,1,0,1,1,0,0,0,0,0,0,0,0,1,0,1,0,0,0,0,1,0,1,0,1,0,0,9415-DPEWS
0,9,19.5,178.85,0,0.1090299133351971,1,0,0,0,1,0,0,0,1,1,0,1,0,1,0,1,0,1,0,1,0,0,0,1,0,1,0,0,0,0,5624-RYAMH
0,9,75.2,633.85,0,0.11864005679577187,3,0,0,0,1,0,1,1,0,0,0,0,0,0,0,0,0,0,0,0,0,0,0,1,1,0,0,0,0,0,0196-JTUQI
0,48,111.45,5315.1,0,0.020968561268837838,8,1,1,0,1,0,1,1,0,0,1,0,1,0,1,0,0,0,1,0,1,0,0,1,0,0,0,0,1,0,7130-YXBRO
0,10,70.15,735.5,0,0.09537729435757988,2,1,0,0,1,0,0,1,0,0,0,0,0,0,0,0,0,0,0,0,0,0,0,0,0,0,1,0,0,0,9272-LSVYH
0,9,94.75,889.9,1,0.10647263737498595,5,0,0,0,1,0,1,1,0,0,0,0,0,0,0,0,0,0,1,0,1,0,0,1,0,1,0,0,0,0,7943-RQCHR
1,13,95.05,1290.0,1,0.07368217054263565,5,0,0,0,1,0,1,1,0,0,0,0,0,0,0,0,0,0,1,0,1,0,0,1,0,1,0,1,0,0,3793-MMFUH
0,4,78.45,330.05,1,0.23769125890016665,4,1,0,0,1,0,1,1,0,0,0,0,1,0,0,0,0,0,0,0,0,0,0,0,0,1,0,0,0,0,3249-ZPQRG
0,4,70.2,237.95,1,0.29501996217692794,2,1,0,0,1,0,0,1,0,0,0,0,0,0,0,0,0,0,0,0,0,0,0,1,0,1,0,0,0,0,2568-BRGYX
0,72,92.0,6474.4,0,0.01420981094773261,9,0,1,0,1,0,1,0,0,0,1,0,1,0,1,0,1,0,1,0,1,0,1,0,0,0,0,0,0,1,3084-DOWLE
0,51,85.5,4421.95,0,0.019335361096348896,8,0,1,1,1,0,0,0,0,0,1,0,1,0,1,0,1,0,1,0,1,0,1,0,1,0,0,0,0,1,1084-MNSMJ
0,59,41.05,2452.7,1,0.016736657561055163,3,1,1,0,0,1,0,0,0,0,0,0,1,0,0,0,0,0,0,0,1,0,0,1,0,0,0,0,0,1,7721-JXEAW
0,10,85.6,813.85,1,0.10517908705535417,4,1,1,0,1,0,1,1,0,0,0,0,0,0,0,0,0,0,1,0,0,0,0,1,0,1,0,0,0,0,7249-WBIYX
1,61,82.15,4904.85,0,0.01674872829954025,4,1,1,0,1,0,1,1,0,0,0,0,1,0,0,0,0,0,0,0,0,0,0,1,0,1,0,0,0,1,4238-HFHSN
0,54,84.4,4484.05,0,0.01882227004605212,5,1,0,0,1,0,0,1,0,0,1,0,0,0,1,0,1,0,0,0,0,1,0,0,0,1,0,0,0,1,6250-CGGUN
0,33,60.9,2033.85,0,0.029943211151264842,5,0,0,0,1,0,1,0,0,0,1,0,1,0,0,0,0,0,0,0,0,0,0,1,0,0,1,0,1,0,5478-JJVZK
0,27,20.25,538.2,0,0.037625418060200665,1,0,0,0,1,0,0,0,1,1,0,1,0,1,0,1,0,1,0,1,0,0,1,1,0,0,0,0,1,0,7596-IIWYC
1,1,79.2,79.2,1,1.0,3,0,0,0,1,0,0,1,0,0,0,0,0,0,0,0,0,0,1,0,0,0,0,1,0,1,0,0,0,0,6567-HOOPW
0,23,95.3,2192.9,0,0.04345843403711979,5,1,0,0,1,0,0,1,0,0,0,0,1,0,0,0,0,0,1,0,1,0,0,0,0,0,1,1,0,0,9793-WECQC
0,1,19.85,19.85,0,1.0,1,1,0,1,1,0,0,0,1,1,0,1,0,1,0,1,0,1,0,1,0,0,0,0,0,0,1,0,0,0,4291-HPAXL
0,45,84.35,3858.05,0,0.021863376576249656,8,1,1,1,1,0,0,0,0,0,1,0,1,0,1,0,1,0,1,0,1,0,1,1,0,0,1,0,1,0,8999-YPYBV
0,39,19.85,854.8,0,0.023221806270472628,1,0,1,1,1,0,0,0,1,1,0,1,0,1,0,1,0,1,0,1,0,0,1,1,0,0,0,0,1,0,1839-FBNFR
0,5,70.0,347.4,1,0.20149683362118598,5,1,0,0,1,0,0,0,0,0,0,0,0,0,1,0,0,0,1,0,1,1,0,1,0,0,1,0,0,0,3164-AALRN
0,72,82.3,5815.15,0,0.014152687376937827,8,1,1,1,1,0,1,0,0,0,1,0,1,0,1,0,1,0,1,0,0,0,1,0,0,0,0,0,0,1,3071-MVJCD
0,58,66.8,3970.4,0,0.01682450130969172,5,0,1,1,1,0,1,0,0,0,0,0,1,0,0,0,0,0,1,0,0,0,0,1,0,0,0,0,0,1,1697-BCSHV
0,70,44.6,3058.15,0,0.014583980511093308,5,0,0,0,0,1,0,0,0,0,1,0,1,0,1,0,1,0,0,0,0,0,1,1,0,0,0,0,0,1,0562-KBDVM
0,61,98.45,6145.2,0,0.016020633990757014,6,1,1,1,1,0,0,1,0,0,0,0,1,0,0,0,1,0,1,0,1,1,0,1,0,0,0,0,0,1,1131-SUEKT
0,2,70.7,129.2,0,0.5472136222910218,2,1,0,0,1,0,0,1,0,0,0,0,0,0,0,0,0,0,0,0,0,0,0,0,0,0,1,0,0,0,3717-OEAUQ
0,46,24.95,1165.9,0,0.021399776996311858,2,0,1,1,1,0,1,0,1,1,0,1,0,1,0,1,0,1,0,1,0,1,0,0,0,0,1,0,1,0,4538-WNTMJ
0,1,49.95,49.95,1,1.0,3,0,0,0,1,0,1,0,0,0,0,0,0,0,0,0,0,0,0,0,0,0,0,1,0,0,0,0,0,0,3334-CTHOL
0,22,69.25,1554.0,1,0.04456241956241956,2,0,1,0,1,0,0,1,0,0,0,0,0,0,0,0,0,0,0,0,0,0,0,1,0,1,0,1,0,0,4704-ERYFC
0,48,102.5,4904.25,0,0.02090023958811235,7,0,0,0,1,0,0,1,0,0,1,0,0,0,1,0,1,0,1,0,1,0,1,1,1,0,0,0,1,0,9432-RUVSL
0,64,86.55,5632.55,0,0.015366042023594996,8,1,0,0,1,0,1,0,0,0,0,0,1,0,1,0,1,0,1,0,1,0,1,0,1,0,0,0,0,1,8060-HIWJJ
0,72,24.3,1643.25,0,0.01478776814240073,2,1,1,1,1,0,1,0,1,1,0,1,0,1,0,1,0,1,0,1,0,0,1,0,0,0,0,0,0,1,7684-XSZIY
0,12,58.35,740.55,0,0.07879278914320438,4,0,1,1,1,0,0,0,0,0,0,0,0,0,1,0,0,0,1,0,0,0,0,1,1,0,0,0,0,0,9089-UOWJG
1,34,94.25,3217.55,1,0.029292474087426766,6,0,1,0,1,0,1,1,0,0,0,0,1,0,1,0,0,0,0,0,1,0,0,1,0,1,0,0,1,0,8621-MNIHH
0,72,68.75,4888.2,0,0.014064481813346427,6,0,1,1,1,0,0,0,0,0,1,0,1,0,1,0,0,0,0,0,1,0,1,0,1,0,0,0,0,1,8039-ACLPL
0,29,85.8,2440.25,0,0.035160331933203566,5,1,1,0,1,0,1,1,0,0,0,0,1,0,1,0,0,0,0,0,0,0,0,1,0,1,0,0,1,0,9885-AIBVB
0,33,20.1,620.55,0,0.03239062122310854,1,1,1,1,1,0,0,0,1,1,0,1,0,1,0,1,0,1,0,1,0,1,0,0,1,0,0,0,1,0,1934-MKPXS
0,1,20.35,20.35,0,1.0,1,0,0,0,1,0,0,0,1,1,0,1,0,1,0,1,0,1,0,1,0,0,0,0,0,0,1,0,0,0,2592-YKDIF
0,62,110.8,6840.95,0,0.016196580884233914,8,0,1,1,1,0,1,1,0,0,0,0,1,0,1,0,1,0,1,0,1,1,0,1,0,1,0,0,0,1,2272-JKMSI
0,41,73.0,3001.2,1,0.024323603891776624,6,1,1,0,1,0,1,0,0,0,0,0,0,0,1,0,0,0,1,0,1,1,0,1,0,1,0,0,1,0,0471-LVHGK
0,64,100.05,6254.2,1,0.015997249848102076,6,0,0,0,1,0,1,1,0,0,0,0,0,0,1,0,0,0,1,0,1,1,0,1,1,0,0,0,0,1,9518-RWHZL
0,4,82.85,319.6,0,0.25923028785982477,4,0,0,0,1,0,0,1,0,0,0,0,0,0,1,0,0,0,0,0,1,0,0,1,1,0,0,0,0,0,8714-CTZJW
0,24,84.35,1938.05,0,0.04352312891824256,5,0,0,0,1,0,1,1,0,0,1,0,0,0,0,0,1,0,0,0,0,0,0,1,0,1,0,1,0,0,3569-EDBPQ
0,14,19.55,294.5,0,0.066383701188455,1,0,1,1,1,0,0,0,1,1,0,1,0,1,0,1,0,1,0,1,0,1,0,0,0,0,1,1,0,0,3131-NWVFJ
0,3,19.95,58.3,0,0.3421955403087479,1,1,0,1,1,0,0,0,1,1,0,1,0,1,0,1,0,1,0,1,0,0,0,0,0,0,1,0,0,0,7521-YXVZY
1,4,99.8,442.85,1,0.2253584735237665,6,0,0,0,1,0,0,1,0,0,0,0,1,0,1,0,0,0,1,0,1,0,0,1,1,0,0,0,0,0,5419-CONWX
0,18,35.0,553.0,1,0.06329113924050633,2,0,0,1,0,1,0,0,0,0,0,0,0,0,0,0,0,0,0,0,1,0,0,1,0,1,0,1,0,0,6240-EURKS
0,8,66.25,546.45,0,0.12123707567023514,4,1,0,0,1,0,0,0,0,0,0,0,0,0,0,0,0,0,1,0,1,0,0,1,0,1,0,0,0,0,2373-NTKOD
0,35,23.3,797.1,0,0.02923096223811316,2,0,0,0,1,0,1,0,1,1,0,1,0,1,0,1,0,1,0,1,0,0,1,0,0,0,0,0,1,0,1970-KKFWL
0,1,76.0,76.0,1,1.0,3,0,0,0,1,0,1,1,0,0,0,0,0,0,0,0,0,0,0,0,0,0,0,0,0,1,0,0,0,0,6960-HVYXR
0,66,25.3,1673.8,0,0.015115306488230375,2,1,0,1,1,0,1,0,1,1,0,1,0,1,0,1,0,1,0,1,0,0,1,1,1,0,0,0,0,1,9337-SRRNI
0,8,44.55,343.45,0,0.12971320425098268,4,1,0,1,0,1,0,0,0,0,1,0,0,0,0,0,1,0,0,0,1,0,1,1,0,0,1,0,0,0,0895-UADGO
0,71,104.1,7412.25,0,0.014044318526763128,7,0,1,0,1,0,1,1,0,0,1,0,0,0,1,0,0,0,1,0,1,1,0,1,1,0,0,0,0,1,5678-VFNEQ
0,43,92.55,4039.0,0,0.022914087645456795,5,0,1,1,1,0,1,1,0,0,0,0,0,0,1,0,0,0,0,0,1,0,0,1,0,0,0,0,1,0,5977-CKHON
1,2,93.85,170.85,1,0.5493122622183202,5,0,0,0,1,0,1,1,0,0,0,0,0,0,0,0,0,0,1,0,1,0,0,1,0,1,0,0,0,0,7024-OHCCK
1,29,101.45,2948.6,0,0.034406158855049856,6,1,0,0,1,0,0,1,0,0,0,0,1,0,1,0,0,0,1,0,1,0,0,1,0,0,0,0,1,0,2692-BUCFV
0,15,84.3,1308.4,1,0.06442983797003973,4,0,1,0,1,0,0,1,0,0,0,0,0,0,1,0,0,0,1,0,0,0,0,1,0,1,0,1,0,0,7861-UVUFT
0,65,94.55,6078.75,0,0.015554184659675098,7,1,1,1,1,0,1,1,0,0,1,0,1,0,1,0,1,0,0,0,0,0,1,0,1,0,0,0,0,1,1830-GGFNM
0,35,95.5,3418.2,0,0.02793868117722778,6,1,0,0,1,0,1,1,0,0,0,0,0,0,1,0,1,0,1,0,0,0,0,0,0,1,0,0,1,0,5302-BDJNT
0,64,100.3,6603.8,0,0.015188224961385869,6,1,0,0,1,0,0,1,0,0,1,0,1,0,0,0,0,0,1,0,1,1,0,1,1,0,0,0,0,1,5223-UZAVK
0,58,55.5,3166.9,0,0.017525024471881017,5,0,1,1,0,1,0,0,0,0,0,0,0,0,1,0,1,0,1,0,1,0,1,1,1,0,0,0,0,1,4859-ZSRDZ
1,18,49.85,865.75,0,0.05758013283280393,3,0,0,0,1,0,0,0,0,0,0,0,1,0,0,0,0,0,0,0,0,0,0,1,1,0,0,1,0,0,5651-WYIPH
0,67,89.55,6373.1,0,0.014051246646059216,5,1,1,1,1,0,1,1,0,0,0,0,1,0,0,0,0,0,0,0,1,0,0,1,0,0,0,0,0,1,9350-VLHMB
0,63,19.15,1177.05,0,0.016269487277515822,1,1,1,1,1,0,0,0,1,1,0,1,0,1,0,1,0,1,0,1,0,0,1,1,0,0,1,0,0,1,3498-LZGQZ
0,60,99.8,5985.75,0,0.0166729315457545,6,0,1,0,1,0,1,1,0,0,0,0,1,0,0,0,0,0,1,0,1,0,0,1,0,1,0,0,0,1,8785-CJSHH
1,9,84.4,732.5,1,0.11522184300341298,4,1,0,0,1,0,1,1,0,0,0,0,0,0,0,0,0,0,0,0,1,0,0,1,1,0,0,0,0,0,5357-TZHPP
0,70,113.05,7869.05,0,0.014366410176577858,9,0,1,1,1,0,1,1,0,0,1,0,1,0,1,0,1,0,1,0,1,0,1,1,1,0,0,0,0,1,3870-SPZSI
0,15,101.1,1504.05,1,0.06721851002293806,6,1,1,0,1,0,1,1,0,0,0,0,0,0,1,0,0,0,1,0,1,0,0,1,0,1,0,1,0,0,0680-DFNNY
0,48,19.95,936.7,0,0.02129817444219067,1,0,0,1,1,0,0,0,1,1,0,1,0,1,0,1,0,1,0,1,0,1,0,0,0,0,1,0,1,0,7560-QRBXH
0,12,74.15,741.4,0,0.10001348799568385,6,1,1,0,1,0,0,0,0,0,0,0,0,0,1,0,1,0,1,0,1,0,0,1,0,1,0,0,0,0,7077-XJMET
1,71,92.0,6585.2,0,0.013970722225596793,7,1,1,0,1,0,1,1,0,0,1,0,1,0,1,0,1,0,0,0,0,1,0,1,0,1,0,0,0,1,8752-GHJFU
1,44,73.85,3122.4,0,0.023651678196259285,3,1,0,0,1,0,0,1,0,0,0,0,0,0,1,0,0,0,0,0,0,0,0,0,0,1,0,0,1,0,6896-SRVYQ
0,1,50.45,50.45,1,1.0,3,1,0,0,1,0,1,0,0,0,0,0,0,0,0,0,0,0,0,0,0,0,0,1,0,1,0,0,0,0,7767-UXAGJ
0,45,24.45,1088.25,0,0.022467263955892488,2,1,1,1,1,0,1,0,1,1,0,1,0,1,0,1,0,1,0,1,0,0,1,0,0,0,1,0,1,0,4652-ODEVH
0,23,24.8,615.35,0,0.04030226700251889,2,0,0,0,1,0,1,0,1,1,0,1,0,1,0,1,0,1,0,1,0,1,0,0,1,0,0,1,0,0,6510-UPNKS
0,43,64.85,2908.2,0,0.022299016573825735,5,0,1,0,1,0,1,0,0,0,0,0,0,0,0,0,1,0,1,0,0,1,0,1,0,0,0,0,1,0,6718-BDGHG
0,35,20.75,739.9,0,0.028044330314907422,1,1,0,0,1,0,0,0,1,1,0,1,0,1,0,1,0,1,0,1,0,0,0,0,0,0,0,0,1,0,9046-DQMTP
0,9,68.95,593.85,0,0.11610676096657405,6,1,1,0,1,0,0,0,0,0,1,0,1,0,0,0,1,0,1,0,0,0,0,1,0,0,1,0,0,0,6439-LAJXL
0,12,99.95,1132.75,1,0.08823659236371661,6,1,0,0,1,0,1,1,0,0,0,0,0,0,0,0,1,0,1,0,1,0,0,1,0,0,1,0,0,0,1571-SAVHK
1,65,109.4,7227.45,0,0.015136735639817642,8,0,1,0,1,0,1,1,0,0,1,0,1,0,1,0,0,0,1,0,1,0,0,1,1,0,0,0,0,1,9052-VKDUW
0,2,91.4,193.6,1,0.472107438016529,5,0,0,0,1,0,1,1,0,0,0,0,0,0,1,0,0,0,1,0,0,0,0,1,0,1,0,0,0,0,9546-CQJSU
0,27,49.0,1291.35,0,0.03794478646377822,3,1,0,0,1,0,1,0,0,0,0,0,0,0,0,0,0,0,0,0,0,0,0,0,0,0,1,0,1,0,1666-JZPZT
0,40,50.25,2023.55,0,0.024832596179980727,3,0,0,0,1,0,0,0,0,0,0,0,0,0,1,0,0,0,0,0,0,1,0,1,0,0,1,0,1,0,5777-KJIRB
1,5,75.55,349.65,1,0.21607321607321608,3,0,0,0,1,0,0,1,0,0,0,0,0,0,1,0,0,0,0,0,0,0,0,1,1,0,0,0,0,0,0506-LVNGN
0,8,19.9,153.95,0,0.1292627476453394,1,1,1,1,1,0,0,0,1,1,0,1,0,1,0,1,0,1,0,1,0,1,0,0,1,0,0,0,0,0,7677-SJJJK
1,58,97.8,5458.8,0,0.017916025500109914,6,0,1,0,1,0,1,1,0,0,0,0,1,0,0,0,0,0,1,0,1,1,0,1,0,0,0,0,0,1,2480-EJWYP
0,52,100.3,5244.45,0,0.019124979740487564,6,0,1,1,1,0,0,1,0,0,1,0,0,0,1,0,0,0,1,0,1,1,0,0,0,1,0,0,0,1,3253-HKOKL
0,3,55.8,154.55,0,0.36104820446457453,4,1,1,0,1,0,0,0,0,0,0,0,0,0,1,0,1,0,0,0,0,0,0,1,0,0,1,0,0,0,7055-HNEOJ
0,41,111.15,4507.15,0,0.024660816702350714,8,1,0,1,1,0,0,1,0,0,1,0,1,0,1,0,1,0,1,0,1,0,1,1,0,1,0,0,1,0,5514-YQENT
0,20,98.55,2031.95,0,0.048500209158689925,6,1,0,0,1,0,1,1,0,0,0,0,0,0,0,0,1,0,1,0,1,0,0,1,0,0,1,1,0,0,3211-AAPKX
0,1,50.05,50.05,0,1.0,3,1,0,1,1,0,1,0,0,0,0,0,0,0,0,0,0,0,0,0,0,0,0,1,0,1,0,0,0,0,8445-DNBAE
0,4,80.8,332.45,1,0.24304406677695894,4,1,0,1,1,0,1,1,0,0,0,0,0,0,0,0,1,0,0,0,0,0,0,0,1,0,0,0,0,0,2951-QOQTK
0,23,20.85,473.9,0,0.043996623760286985,1,1,0,0,1,0,0,0,1,1,0,1,0,1,0,1,0,1,0,1,0,0,0,0,0,1,0,1,0,0,2958-NHPPS
1,6,19.5,106.8,0,0.18258426966292135,1,0,0,0,1,0,0,0,1,1,0,1,0,1,0,1,0,1,0,1,0,0,0,0,0,0,0,0,0,0,6806-YDEUL
0,8,19.35,152.6,0,0.12680209698558323,1,1,1,1,1,0,0,0,1,1,0,1,0,1,0,1,0,1,0,1,0,0,0,1,0,0,1,0,0,0,1735-XMJVH
0,18,69.5,1199.4,0,0.057945639486409864,6,1,0,0,1,0,1,0,0,0,1,0,0,0,1,0,0,0,1,0,0,0,0,0,0,0,1,1,0,0,6890-PFRQX
1,52,48.8,2555.05,0,0.019099430539519773,4,1,0,0,0,1,0,0,0,0,1,0,0,0,0,0,0,0,1,0,1,0,0,1,1,0,0,0,0,1,0222-CNVPT
0,31,94.5,2979.2,0,0.03171992481203008,5,1,0,0,1,0,0,1,0,0,0,0,1,0,0,0,0,0,1,0,1,0,0,1,0,1,0,0,1,0,5899-OUVKV
0,29,20.65,654.85,0,0.03153393907001603,1,1,1,1,1,0,0,0,1,1,0,1,0,1,0,1,0,1,0,1,0,0,0,1,0,0,1,0,1,0,8681-ICONS
0,36,106.05,3834.4,0,0.02765752138535364,8,0,1,0,1,0,1,1,0,0,1,0,1,0,1,0,1,0,0,0,1,0,1,1,1,0,0,0,1,0,1621-YNCJH
0,16,100.0,1534.75,1,0.06515719172503665,6,0,1,0,1,0,1,1,0,0,0,0,1,0,0,0,0,0,1,0,1,0,0,1,0,1,0,1,0,0,3473-XIIIT
0,42,108.3,4586.15,0,0.02361457867710389,7,1,1,0,1,0,1,1,0,0,0,0,0,0,1,0,1,0,1,0,1,1,0,1,0,1,0,0,1,0,6362-QHAFM
0,1,20.55,20.55,1,1.0,1,1,0,0,1,0,0,0,1,1,0,1,0,1,0,1,0,1,0,1,0,0,0,0,0,1,0,0,0,0,7893-IXHRQ
0,60,99.65,5941.05,0,0.016773129328990666,6,0,0,0,1,0,0,1,0,0,0,0,1,0,1,0,0,0,1,0,1,0,1,1,0,1,0,0,0,1,3070-BDOQC
0,5,85.3,424.15,1,0.20110809855004128,5,1,0,0,1,0,1,1,0,0,0,0,1,0,1,0,0,0,0,0,0,0,0,1,0,1,0,0,0,0,2952-QAYZF
0,22,95.9,2234.95,0,0.0429092373431173,6,1,1,0,1,0,1,1,0,0,1,0,0,0,0,0,1,0,1,0,0,0,0,0,1,0,0,1,0,0,6234-PFPXL
0,36,20.0,666.75,0,0.029996250468691414,1,1,1,0,1,0,0,0,1,1,0,1,0,1,0,1,0,1,0,1,0,1,0,0,0,0,1,0,1,0,9824-QCJPK
0,4,70.4,281.0,1,0.2505338078291815,2,0,0,0,1,0,0,1,0,0,0,0,0,0,0,0,0,0,0,0,0,0,0,0,0,1,0,0,0,0,4763-PGDPO
0,9,64.95,547.8,0,0.11856516976998906,5,1,0,0,1,0,0,0,0,0,1,0,0,0,0,0,1,0,0,0,1,0,0,0,0,0,1,0,0,0,4283-IVYCI
0,1,74.6,74.6,0,1.0,3,1,1,1,1,0,0,1,0,0,0,0,1,0,0,0,0,0,0,0,0,0,0,0,1,0,0,0,0,0,1866-OBPNR
0,12,49.2,571.15,0,0.08614199422218333,3,1,1,1,1,0,0,0,0,0,1,0,0,0,0,0,0,0,0,0,0,0,0,1,0,1,0,0,0,0,8205-MQUGY
0,23,73.75,1756.6,0,0.04198451554138677,6,0,0,0,1,0,1,0,0,0,0,0,0,0,0,0,1,0,1,0,1,1,0,1,0,0,1,1,0,0,8970-ANWXO
0,62,92.3,5731.45,0,0.01610412722783938,6,1,0,0,1,0,1,1,0,0,1,0,1,0,0,0,0,0,0,0,1,1,0,1,0,0,0,0,0,1,9480-BQJEI
0,37,98.8,3475.55,1,0.02842715541425098,6,1,0,0,1,0,1,1,0,0,0,0,0,0,0,0,1,0,1,0,1,0,0,0,0,0,0,0,1,0,5394-SVGJV
0,8,19.2,156.85,0,0.1224099458080969,1,0,0,0,1,0,0,0,1,1,0,1,0,1,0,1,0,1,0,1,0,0,0,0,0,0,1,0,0,0,6979-TNDEU
0,31,88.65,2683.2,0,0.033038908765652956,5,1,1,0,1,0,1,1,0,0,0,0,0,0,1,0,0,0,1,0,0,0,0,0,1,0,0,0,1,0,9777-WJJPR
0,13,74.4,896.75,1,0.0829662670755506,3,1,1,1,1,0,1,1,0,0,0,0,0,0,0,0,0,0,0,0,0,0,0,1,1,0,0,1,0,0,9283-LZQOH
0,24,98.75,2407.3,1,0.04102106093964192,6,0,0,0,1,0,1,1,0,0,0,0,0,0,1,0,0,0,1,0,1,0,0,1,0,1,0,1,0,0,7079-QRCBC
0,45,95.95,4456.65,0,0.0215296242693503,6,1,1,1,1,0,1,1,0,0,0,0,1,0,1,0,0,0,0,0,1,0,0,1,0,0,0,0,1,0,9495-SKLKD
1,69,105.4,6998.95,0,0.015059401767407969,7,0,1,0,1,0,1,1,0,0,0,0,1,0,0,0,1,0,1,0,1,0,1,0,1,0,0,0,0,1,6048-UWKAL
0,2,20.25,36.8,0,0.5502717391304348,1,1,0,0,1,0,0,0,1,1,0,1,0,1,0,1,0,1,0,1,0,0,0,0,0,0,1,0,0,0,5067-DGXLL
0,61,106.0,6547.7,1,0.016188890755532478,7,1,1,1,1,0,1,1,0,0,1,0,1,0,0,0,0,0,1,0,1,1,0,1,0,1,0,0,0,1,5469-CTCWN
0,41,104.7,4346.4,1,0.024088901159580345,7,1,0,0,1,0,1,1,0,0,0,0,1,0,1,0,0,0,1,0,1,0,0,1,0,1,0,0,1,0,9851-QXEEQ
0,44,49.05,2265.0,0,0.021655629139072846,4,0,0,0,0,1,0,0,0,0,0,0,0,0,1,0,0,0,1,0,1,1,0,1,0,1,0,0,1,0,6281-FKEWS
0,39,35.55,1309.15,0,0.027155024252377494,3,1,0,0,0,1,0,0,0,0,0,0,0,0,1,0,1,0,0,0,0,1,0,0,0,0,1,0,1,0,8898-KASCD
0,72,65.1,4754.3,0,0.01369286750941253,7,1,1,1,0,1,0,0,0,0,1,0,1,0,1,0,1,0,1,0,1,0,1,1,1,0,0,0,0,1,9242-TKFSV
1,13,96.85,1235.55,0,0.07838614382258913,5,0,0,0,1,0,0,1,0,0,0,0,0,0,1,0,0,0,1,0,1,0,0,1,0,1,0,1,0,0,9290-SHCMB
0,51,69.75,3562.5,0,0.019578947368421053,6,0,1,1,1,0,0,0,0,0,1,0,1,0,0,0,1,0,0,0,1,1,0,1,1,0,0,0,0,1,0743-HNPFG
1,71,99.2,7213.75,0,0.013751516201698146,6,0,1,0,1,0,0,1,0,0,0,0,1,0,1,0,0,0,1,0,1,0,1,1,0,1,0,0,0,1,2277-BKJKN
1,22,96.7,2082.95,1,0.046424542115749305,5,1,0,0,1,0,1,1,0,0,0,0,0,0,0,0,0,0,1,0,1,0,0,1,0,1,0,1,0,0,9809-IMGCQ
0,2,55.05,102.75,1,0.5357664233576642,4,0,0,0,1,0,0,0,0,0,0,0,1,0,0,0,1,0,0,0,0,0,0,1,1,0,0,0,0,0,5208-HFSBT
0,56,106.8,5914.4,0,0.01805762207493575,7,0,0,0,1,0,1,1,0,0,0,0,1,0,1,0,0,0,1,0,1,1,0,1,0,1,0,0,0,1,5035-PGZXH
0,1,51.25,51.25,0,1.0,3,1,0,0,1,0,0,0,0,0,1,0,0,0,0,0,0,0,0,0,0,0,0,0,0,0,1,0,0,0,8695-WDYEA
0,23,57.75,1282.85,0,0.045016954437385515,5,0,1,1,1,0,0,0,0,0,1,0,1,0,0,0,1,0,0,0,0,1,0,1,0,0,1,1,0,0,6543-JXSOO
1,66,70.85,4738.85,0,0.014950884708315307,6,0,1,0,1,0,1,0,0,0,0,0,1,0,1,0,0,0,1,0,0,1,0,1,0,0,0,0,0,1,8016-ZMGMO
0,1,19.55,19.55,0,1.0,1,0,0,0,1,0,0,0,1,1,0,1,0,1,0,1,0,1,0,1,0,0,0,0,0,0,1,0,0,0,8605-ITULD
1,19,88.2,1775.8,1,0.04966775537785787,5,1,0,0,1,0,1,1,0,0,0,0,1,0,0,0,0,0,1,0,0,0,0,1,0,1,0,1,0,0,3254-YRILK
0,11,79.5,795.65,0,0.09991830578772073,4,1,0,0,1,0,0,1,0,0,1,0,0,0,1,0,0,0,0,0,0,0,0,1,0,0,0,0,0,0,6416-YJTTB
0,8,19.75,145.0,1,0.13620689655172413,1,0,1,1,1,0,0,0,1,1,0,1,0,1,0,1,0,1,0,1,0,1,0,1,0,0,1,0,0,0,2667-WYLWJ
0,52,98.15,4993.4,0,0.01965594584852005,7,0,1,1,1,0,1,1,0,0,1,0,1,0,1,0,0,0,0,0,1,0,0,0,0,0,0,0,0,1,4472-VESGY
0,3,20.25,61.45,0,0.3295362082994304,1,1,0,0,1,0,0,0,1,1,0,1,0,1,0,1,0,1,0,1,0,0,0,1,0,1,0,0,0,0,3195-TQDZX
0,51,79.15,4018.55,0,0.01969615906234836,4,0,1,1,1,0,0,1,0,0,1,0,1,0,0,0,0,0,0,0,0,0,0,1,0,0,0,0,0,1,3128-YOVTD
1,15,75.65,1146.65,1,0.06597479614529281,3,1,0,0,1,0,1,1,0,0,0,0,0,0,0,0,0,0,0,0,0,0,0,0,0,1,0,1,0,0,0529-ONKER
1,64,94.25,6081.4,0,0.01549807610089782,6,1,1,0,1,0,1,1,0,0,0,0,1,0,1,0,0,0,0,0,1,0,0,1,0,1,0,0,0,1,1728-CXQBE
0,37,40.2,1478.85,0,0.027183284308753428,3,0,0,0,0,1,0,0,0,0,0,0,0,0,1,0,0,0,0,0,1,0,0,1,1,0,0,0,1,0,7041-TXQJH
0,13,19.95,243.65,0,0.08187974553663041,1,1,0,0,1,0,0,0,1,1,0,1,0,1,0,1,0,1,0,1,0,0,1,0,0,0,1,1,0,0,5014-GSOUQ
0,49,55.35,2633.95,0,0.02101406632624006,4,1,1,0,1,0,1,0,0,0,1,0,0,0,0,0,0,0,0,0,0,1,0,1,0,1,0,0,0,1,5724-BIDBU
1,45,102.15,4735.35,0,0.02157179511546137,6,0,0,0,1,0,1,1,0,0,0,0,0,0,1,0,0,0,1,0,1,1,0,1,0,0,0,0,1,0,0481-SUMCB
0,18,71.1,1247.75,0,0.056982568623522335,2,0,0,0,1,0,0,1,0,0,0,0,0,0,0,0,0,0,0,0,0,0,0,1,0,1,0,1,0,0,1769-GRUIK
1,1,74.7,74.7,1,1.0,3,1,0,0,1,0,1,1,0,0,0,0,0,0,0,0,0,0,0,0,0,0,0,1,0,1,0,0,0,0,5240-IJOQT
0,68,54.1,3794.5,0,0.014257477928580842,5,1,1,0,0,1,0,0,0,0,1,0,0,0,1,0,0,0,1,0,1,0,1,1,0,0,0,0,0,1,8819-WFGGJ
0,54,19.65,1008.7,0,0.019480519480519477,1,1,0,0,1,0,0,0,1,1,0,1,0,1,0,1,0,1,0,1,0,0,1,0,1,0,0,0,0,1,7427-AUFPY
1,23,88.45,2130.55,0,0.04151510173429396,5,0,1,1,1,0,0,1,0,0,0,0,1,0,1,0,0,0,0,0,1,0,0,1,0,0,0,1,0,0,2811-POVEX
0,17,76.65,1313.55,1,0.05835331734612311,3,1,0,0,1,0,0,1,0,0,0,0,0,0,1,0,0,0,0,0,0,0,0,1,0,1,0,1,0,0,1092-GANHU
0,71,80.4,5727.15,0,0.014038396060867974,8,1,1,0,1,0,1,0,0,0,1,0,1,0,1,0,1,0,0,0,1,0,1,0,1,0,0,0,0,1,7898-PDWQE
0,67,19.25,1372.9,0,0.01402141452400029,1,0,1,1,1,0,0,0,1,1,0,1,0,1,0,1,0,1,0,1,0,0,1,1,0,0,0,0,0,1,9972-EWRJS
0,14,84.8,1203.9,0,0.07043774399867098,4,0,1,1,1,0,1,1,0,0,0,0,0,0,0,0,0,0,1,0,0,0,0,1,0,1,0,1,0,0,9314-IJWSQ
1,1,25.8,25.8,1,1.0,1,0,0,0,0,1,0,0,0,0,0,0,0,0,0,0,0,0,0,0,0,0,0,1,0,0,1,0,0,0,0661-XEYAN
0,63,19.5,1215.1,0,0.016048061887910463,1,0,0,1,1,0,0,0,1,1,0,1,0,1,0,1,0,1,0,1,0,0,1,0,1,0,0,0,0,1,5799-JRCZO
0,41,68.6,2877.05,0,0.023843867850749895,6,0,0,0,1,0,1,0,0,0,0,0,0,0,1,0,1,0,0,0,1,1,0,1,0,1,0,0,1,0,1921-KYSAY
0,17,92.6,1579.7,0,0.058618725074381206,5,0,1,0,1,0,1,1,0,0,0,0,0,0,0,0,0,0,1,0,1,0,0,0,0,1,0,1,0,0,6198-RTPMF
0,56,100.55,5514.95,0,0.018232259585309024,6,1,1,0,1,0,1,1,0,0,1,0,0,0,0,0,0,0,1,0,1,1,0,1,0,1,0,0,0,1,2924-KHUVI
0,5,20.55,96.1,0,0.2138397502601457,1,0,0,0,1,0,0,0,1,1,0,1,0,1,0,1,0,1,0,1,0,0,0,0,1,0,0,0,0,0,1925-GMVBW
0,2,42.6,72.4,1,0.5883977900552486,4,0,0,0,0,1,0,0,0,0,1,0,1,0,0,0,0,0,0,0,1,0,0,1,0,1,0,0,0,0,7881-EVUAD
0,3,19.6,55.25,0,0.3547511312217195,1,0,1,0,1,0,0,0,1,1,0,1,0,1,0,1,0,1,0,1,0,0,0,1,0,0,1,0,0,0,6184-DYUOB
0,37,67.45,2443.3,0,0.027606106495313715,7,1,0,0,1,0,1,0,0,0,1,0,1,0,1,0,1,0,0,0,0,1,0,0,0,1,0,0,1,0,9207-ZPANB
0,29,68.85,1970.5,1,0.03494037046434915,6,0,0,0,1,0,0,0,0,0,1,0,1,0,1,0,0,0,0,0,1,0,0,1,0,0,0,0,1,0,5766-XQXMQ
0,8,43.55,335.4,0,0.1298449612403101,2,1,0,0,1,0,0,0,0,0,0,0,0,0,0,0,0,0,0,0,0,0,0,0,0,0,1,0,0,0,9327-QSDED
0,63,109.85,7002.95,0,0.01568624651039919,8,0,0,0,1,0,1,1,0,0,0,0,1,0,1,0,1,0,1,0,1,0,0,1,1,0,0,0,0,1,1656-DRSMG
0,7,20.65,158.95,0,0.1299150676313306,1,0,1,1,1,0,0,0,1,1,0,1,0,1,0,1,0,1,0,1,0,0,0,0,0,0,1,0,0,0,3012-VFFMN
0,3,95.4,293.15,0,0.32543066689408157,5,0,0,0,1,0,0,1,0,0,0,0,1,0,0,0,0,0,1,0,1,0,0,0,0,1,0,0,0,0,2984-AFWNC
0,72,21.0,1493.75,0,0.01405857740585774,1,1,1,1,1,0,0,0,1,1,0,1,0,1,0,1,0,1,0,1,0,0,1,0,0,0,0,0,0,1,0640-YJTPY
0,19,56.2,1093.4,0,0.05139930492043168,3,0,0,0,1,0,0,0,0,0,0,0,0,0,0,0,0,0,0,0,1,0,0,1,0,1,0,1,0,0,8096-LOIST
0,59,18.4,1057.85,0,0.017393770383324667,1,0,1,0,1,0,0,0,1,1,0,1,0,1,0,1,0,1,0,1,0,0,1,0,0,0,0,0,0,1,9764-REAFF
0,2,90.0,190.05,1,0.473559589581689,5,1,1,1,1,0,0,1,0,0,0,0,0,0,1,0,1,0,0,0,1,0,0,0,1,0,0,0,0,0,3703-VAVCL
0,35,25.75,882.55,0,0.029176817177497028,2,0,1,1,1,0,1,0,1,1,0,1,0,1,0,1,0,1,0,1,0,0,0,1,0,1,0,0,1,0,7107-UBYKY
0,14,19.6,300.4,0,0.0652463382157124,1,1,0,0,1,0,0,0,1,1,0,1,0,1,0,1,0,1,0,1,0,0,0,0,1,0,0,1,0,0,4881-GQJTW
0,14,75.35,1025.95,1,0.07344412495735658,3,0,0,0,1,0,0,1,0,0,0,0,0,0,1,0,0,0,0,0,0,0,0,0,0,1,0,1,0,0,8519-QJGJD
0,69,19.8,1436.95,0,0.013779185079508682,1,0,1,1,1,0,0,0,1,1,0,1,0,1,0,1,0,1,0,1,0,0,1,0,1,0,0,0,0,1,7876-DNYAP
1,7,64.2,475.0,0,0.13515789473684212,6,1,1,0,1,0,1,0,0,0,1,0,1,0,0,0,1,0,0,0,0,0,0,0,0,1,0,0,0,0,7905-NJMXS
0,69,75.75,5388.15,0,0.014058628657331367,7,1,1,1,1,0,0,0,0,0,1,0,1,0,1,0,1,0,1,0,0,0,1,1,0,0,0,0,0,1,2882-WDTBA
0,72,78.95,5730.15,0,0.013777998830746142,7,0,1,1,1,0,1,0,0,0,0,0,1,0,0,0,1,0,1,0,1,0,1,1,0,1,0,0,0,1,2091-GPPIQ
0,8,100.85,819.55,1,0.12305533524495149,6,1,0,0,1,0,1,1,0,0,0,0,1,0,0,0,0,0,1,0,1,0,0,0,0,1,0,0,0,0,6326-MTTXK
0,4,50.3,217.1,0,0.23169046522339934,3,0,1,1,1,0,0,0,0,0,1,0,0,0,0,0,0,0,0,0,0,0,0,0,0,1,0,0,0,0,5071-FBJFS
0,63,80.3,4896.35,0,0.016399971407272763,4,1,1,1,1,0,0,1,0,0,0,0,1,0,1,0,0,0,0,0,0,0,0,1,1,0,0,0,0,1,2796-UUZZO
0,72,19.85,1434.1,0,0.013841433651767661,1,1,0,0,1,0,0,0,1,1,0,1,0,1,0,1,0,1,0,1,0,0,1,0,0,0,0,0,0,1,2429-AYKKO
0,46,21.1,937.1,0,0.022516273610073634,1,0,0,0,1,0,0,0,1,1,0,1,0,1,0,1,0,1,0,1,0,0,1,1,0,1,0,0,1,0,9798-OPFEM
0,5,69.95,330.15,1,0.21187339088293203,2,0,1,0,1,0,0,1,0,0,0,0,0,0,0,0,0,0,0,0,0,0,0,0,0,1,0,0,0,0,0330-IVZHA
0,30,50.0,1474.9,0,0.03390060343074106,3,1,1,0,1,0,0,0,0,0,0,0,0,0,1,0,0,0,0,0,0,0,0,1,0,0,1,0,1,0,3794-NFNCH
0,63,104.75,6536.5,0,0.016025395854050332,7,1,0,0,1,0,1,1,0,0,0,0,1,0,1,0,0,0,1,0,1,0,1,1,0,0,0,0,0,1,5193-QLVZB
0,60,19.85,1128.1,0,0.01759595780515912,1,0,0,0,1,0,0,0,1,1,0,1,0,1,0,1,0,1,0,1,0,0,1,0,0,0,0,0,0,1,7114-AEOZE
0,63,107.5,6873.75,1,0.01563920712856883,7,0,1,0,1,0,1,1,0,0,0,0,1,0,1,0,0,0,1,0,1,1,0,1,0,1,0,0,0,1,2886-KEFUM
0,25,85.9,2199.05,0,0.03906232236647643,4,1,1,1,1,0,0,1,0,0,0,0,0,0,0,0,1,0,1,0,0,0,0,0,0,1,0,0,1,0,5522-NYKPB
0,1,45.85,45.85,1,1.0,2,1,0,0,1,0,0,0,0,0,0,0,0,0,0,0,0,0,0,0,0,0,0,1,0,0,1,0,0,0,4237-RLAQD
1,6,80.8,457.1,0,0.17676657186611244,4,1,1,0,1,0,1,1,0,0,0,0,0,0,1,0,0,0,0,0,0,0,0,1,0,1,0,0,0,0,9957-YODKZ
0,22,25.25,566.5,0,0.04457193292144748,2,1,0,0,1,0,1,0,1,1,0,1,0,1,0,1,0,1,0,1,0,0,1,0,0,0,1,1,0,0,6518-KZXCB
0,31,80.55,2471.6,0,0.032590224955494414,7,0,1,1,1,0,1,0,0,0,0,0,1,0,0,0,1,0,1,0,1,0,1,0,0,0,0,0,1,0,2245-ADZFJ
0,39,81.5,3107.3,0,0.026228558555659254,4,0,1,1,1,0,0,1,0,0,0,0,0,0,1,0,1,0,0,0,0,0,0,1,0,0,0,0,1,0,7776-QGYJC
0,26,20.9,518.3,0,0.040324136600424464,1,1,0,0,1,0,0,0,1,1,0,1,0,1,0,1,0,1,0,1,0,0,0,0,0,0,1,0,1,0,9313-QOLTZ
0,53,106.1,5769.75,1,0.01838901165561766,7,0,1,0,1,0,0,1,0,0,1,0,1,0,1,0,0,0,1,0,1,1,0,1,0,0,0,0,0,1,9651-GTSAQ
0,1,91.7,91.7,1,1.0,5,0,0,0,1,0,0,1,0,0,0,0,1,0,0,0,1,0,1,0,0,0,0,0,0,1,0,0,0,0,3186-BAXNB
0,12,67.25,832.3,0,0.08080019223837559,6,1,0,0,1,0,1,0,0,0,1,0,1,0,0,0,1,0,0,0,0,0,0,1,0,1,0,0,0,0,4672-FOTSD
0,16,95.6,1555.65,1,0.061453411757143306,6,0,0,0,1,0,1,1,0,0,0,0,1,0,1,0,0,0,0,0,1,0,0,1,1,0,0,1,0,0,0637-YLETY
0,2,20.35,45.3,0,0.44922737306843274,1,0,0,0,1,0,0,0,1,1,0,1,0,1,0,1,0,1,0,1,0,0,0,0,0,0,1,0,0,0,9818-XQCUV
0,39,45.05,1790.6,0,0.025159164525857255,4,1,0,1,0,1,0,0,0,0,1,0,0,0,0,0,1,0,1,0,0,1,0,0,0,0,0,0,1,0,7338-ERIVA
0,1,74.95,74.95,1,1.0,3,1,0,0,1,0,1,1,0,0,0,0,0,0,0,0,0,0,0,0,0,0,0,1,0,1,0,0,0,0,1157-BQCUW
0,7,34.65,246.6,0,0.14051094890510948,3,0,1,1,0,1,0,0,0,0,1,0,0,0,0,0,1,0,0,0,0,0,0,0,0,0,1,0,0,0,8259-NFJTV
1,4,69.35,261.65,0,0.26504872921842154,2,1,0,0,1,0,0,1,0,0,0,0,0,0,0,0,0,0,0,0,0,0,0,0,0,1,0,0,0,0,3223-DWFIO
1,10,95.35,898.35,1,0.10613903267100795,5,1,0,0,1,0,1,1,0,0,0,0,0,0,0,0,0,0,1,0,1,0,0,1,0,1,0,0,0,0,2660-EMUBI
0,55,81.55,4509.5,0,0.018084044794323094,4,0,0,0,1,0,0,1,0,0,0,0,1,0,1,0,0,0,0,0,0,0,0,1,0,1,0,0,0,1,6968-GMKPR
0,72,75.4,5480.25,0,0.01375849641895899,6,1,1,1,1,0,0,0,0,0,0,0,1,0,1,0,0,0,1,0,1,0,1,1,0,0,0,0,0,1,4751-ERMAN
0,10,67.8,653.15,0,0.1038046390568782,5,0,1,0,1,0,0,0,0,0,0,0,0,0,1,0,0,0,1,0,1,0,0,1,1,0,0,0,0,0,1436-ZMJAN
1,11,111.4,1183.05,0,0.09416339123452094,8,1,0,0,1,0,1,1,0,0,0,0,1,0,1,0,1,0,1,0,1,0,0,1,0,1,0,0,0,0,3292-PBZEJ
0,15,46.3,639.45,0,0.07240597388380639,2,0,1,1,1,0,0,0,0,0,0,0,0,0,0,0,0,0,0,0,0,0,0,0,0,1,0,1,0,0,0799-DDIHE
0,23,20.4,478.75,0,0.04261096605744125,1,0,1,1,1,0,0,0,1,1,0,1,0,1,0,1,0,1,0,1,0,0,1,0,0,0,0,1,0,0,3070-FNFZQ
0,1,20.05,20.05,0,1.0,1,1,0,1,1,0,0,0,1,1,0,1,0,1,0,1,0,1,0,1,0,0,0,0,0,0,1,0,0,0,2812-SFXMJ
1,3,45.0,127.1,1,0.35405192761605037,2,0,0,0,1,0,0,0,0,0,0,0,0,0,0,0,0,0,0,0,0,0,0,0,0,1,0,0,0,0,7675-OZCZG
0,47,96.1,4391.45,0,0.021883432579216433,6,1,1,1,1,0,0,1,0,0,1,0,1,0,1,0,0,0,0,0,1,1,0,1,0,1,0,0,1,0,5014-WUQMG
0,15,19.65,270.6,0,0.07261640798226163,1,0,0,1,1,0,0,0,1,1,0,1,0,1,0,1,0,1,0,1,0,1,0,0,0,0,1,1,0,0,5312-TSZVC
0,66,99.5,6710.5,1,0.014827509127486774,6,1,0,0,1,0,0,1,0,0,0,0,1,0,1,0,0,0,1,0,1,0,0,0,0,1,0,0,0,1,2003-CKLOR
1,68,60.65,3975.9,0,0.0152544078070374,5,0,1,0,1,0,0,0,0,0,0,0,1,0,1,0,1,0,0,0,0,1,0,1,0,0,0,0,0,1,0993-OSGPT
0,17,98.6,1704.95,1,0.057831607965042955,6,0,1,1,1,0,0,1,0,0,0,0,0,0,1,0,1,0,1,0,1,1,0,0,0,0,0,1,0,0,9254-RBFON
0,7,59.5,415.95,1,0.14304603918740233,4,0,0,0,1,0,0,0,0,0,0,0,0,0,0,0,1,0,1,0,0,0,0,1,0,0,1,0,0,0,1205-WNWPJ
1,12,80.45,950.2,1,0.08466638602399494,3,1,1,0,1,0,0,1,0,0,0,0,0,0,0,0,0,0,0,0,1,0,0,1,0,1,0,0,0,0,9391-EOYLI
1,21,71.7,1497.05,0,0.047894191910757826,6,0,1,0,1,0,1,0,0,0,0,0,1,0,1,0,0,0,0,0,1,1,0,0,0,0,0,1,0,0,7108-DGVUU
0,21,36.0,780.15,0,0.04614497212074601,3,1,0,0,0,1,0,0,0,0,0,0,1,0,0,0,1,0,0,0,0,0,0,1,0,0,1,1,0,0,2782-JEEBU
0,56,65.2,3512.15,0,0.018564127386358785,5,0,1,1,1,0,1,0,0,0,1,0,0,0,0,0,0,0,1,0,0,1,0,0,0,0,0,0,0,1,5127-BZENZ
0,6,48.95,273.25,0,0.17913998170173834,3,0,1,1,1,0,1,0,0,0,0,0,0,0,0,0,0,0,0,0,0,0,0,1,1,0,0,0,0,0,2720-FVBQP
1,65,53.5,3517.9,0,0.015207936553057222,5,0,0,0,0,1,0,0,0,0,0,0,1,0,1,0,0,0,1,0,1,0,1,1,0,0,0,0,0,1,9906-NHHVC
0,42,80.45,3375.9,0,0.02383068218845345,7,1,1,0,1,0,1,0,0,0,1,0,0,0,0,0,1,0,1,0,1,1,0,0,1,0,0,0,1,0,4522-XRWWI
0,68,109.05,7508.55,0,0.014523443274666878,8,0,1,1,1,0,1,1,0,0,1,0,0,0,1,0,1,0,1,0,1,0,1,1,0,0,0,0,0,1,3766-EJLFL
0,48,26.3,1245.05,0,0.021123649652624393,2,1,1,1,1,0,1,0,1,1,0,1,0,1,0,1,0,1,0,1,0,0,1,0,0,0,0,0,1,0,5939-SXWHM
1,50,106.8,5347.95,0,0.01997026898157238,7,0,0,0,1,0,1,1,0,0,0,0,1,0,0,0,1,0,1,0,1,1,0,1,0,1,0,0,0,1,8152-UOBNY
1,7,64.95,493.65,0,0.13157095107869948,5,0,0,0,1,0,0,0,0,0,0,0,1,0,1,0,0,0,1,0,0,0,0,1,0,1,0,0,0,0,7351-KYHQH
0,63,19.35,1263.85,0,0.015310361197926971,1,0,1,1,1,0,0,0,1,1,0,1,0,1,0,1,0,1,0,1,0,0,1,0,0,1,0,0,0,1,7643-RCHXS
0,17,21.1,385.55,0,0.054727013357541175,1,1,0,0,1,0,0,0,1,1,0,1,0,1,0,1,0,1,0,1,0,0,0,0,1,0,0,1,0,0,8246-SHFGA
0,42,77.95,3384.0,1,0.02303486997635934,3,0,1,1,1,0,0,1,0,0,0,0,0,0,0,0,0,0,1,0,0,0,0,1,1,0,0,0,1,0,8387-MOJJT
0,4,18.85,84.2,0,0.22387173396674584,1,1,1,1,1,0,0,0,1,1,0,1,0,1,0,1,0,1,0,1,0,0,0,0,0,0,1,0,0,0,0620-XEFWH
0,62,26.0,1638.7,0,0.015866235430524196,2,0,0,1,1,0,1,0,1,1,0,1,0,1,0,1,0,1,0,1,0,0,1,0,0,0,0,0,0,1,6485-QXWWE
1,2,74.7,165.4,1,0.45163240628778717,3,1,0,0,1,0,0,1,0,0,0,0,1,0,0,0,0,0,0,0,0,0,0,1,0,1,0,0,0,0,2761-OCIAX
0,2,70.35,120.25,0,0.585031185031185,2,0,1,0,1,0,0,1,0,0,0,0,0,0,0,0,0,0,0,0,0,0,0,1,0,1,0,0,0,0,7321-VGNKU
0,48,96.9,4473.45,0,0.02166113402407538,7,1,1,0,1,0,1,1,0,0,1,0,1,0,1,0,0,0,1,0,0,0,1,1,0,0,0,0,1,0,5327-CNLUQ
0,27,19.55,520.55,0,0.03755643069829988,1,1,1,0,1,0,0,0,1,1,0,1,0,1,0,1,0,1,0,1,0,0,1,0,0,0,0,0,1,0,7552-KEYGT
0,70,80.4,5717.85,0,0.014061229308218999,7,0,1,1,1,0,0,0,0,0,0,0,1,0,1,0,1,0,1,0,1,0,1,1,0,0,0,0,0,1,5816-JMLGY
1,1,88.8,88.8,1,1.0,5,1,0,0,1,0,1,1,0,0,0,0,0,0,1,0,0,0,1,0,0,0,0,1,0,1,0,0,0,0,3068-OMWZA
0,46,94.65,4312.5,0,0.021947826086956522,6,1,1,0,1,0,1,1,0,0,0,0,1,0,1,0,0,0,1,0,0,1,0,1,0,1,0,0,1,0,2927-QRRQV
0,30,90.25,2755.35,1,0.03275445950605187,4,1,0,0,1,0,0,1,0,0,0,0,0,0,0,0,0,0,1,0,1,0,0,1,0,1,0,0,1,0,6032-KRXXO
0,15,64.65,994.55,1,0.06500427328942739,5,0,0,0,1,0,1,0,0,0,1,0,0,0,0,0,0,0,0,0,1,0,0,1,0,0,0,1,0,0,7459-RRWQZ
0,69,95.75,6511.25,0,0.014705317719331926,6,1,1,1,1,0,1,1,0,0,0,0,1,0,1,0,0,0,1,0,0,1,0,0,1,0,0,0,0,1,6265-SXWBU
0,65,19.55,1218.65,0,0.016042341935748574,1,1,0,0,1,0,0,0,1,1,0,1,0,1,0,1,0,1,0,1,0,0,1,1,1,0,0,0,0,1,7941-RCJOW
1,72,104.1,7447.7,0,0.013977469554359063,7,1,1,1,1,0,0,1,0,0,1,0,0,0,1,0,1,0,1,0,1,0,1,1,1,0,0,0,0,1,6374-NTQLP
1,13,89.05,1169.35,1,0.07615341856586993,5,1,1,0,1,0,0,1,0,0,0,0,1,0,0,0,1,0,0,0,1,0,0,1,0,0,0,1,0,0,4154-AQUGT
0,17,20.1,279.5,0,0.07191413237924867,1,1,0,0,1,0,0,0,1,1,0,1,0,1,0,1,0,1,0,1,0,1,0,1,0,0,1,1,0,0,2387-KDZQY
0,51,111.55,5720.35,0,0.01950055503596808,8,1,1,0,1,0,1,1,0,0,1,0,0,0,1,0,1,0,1,0,1,1,0,1,0,1,0,0,0,1,3584-WKTTW
0,51,60.5,3121.45,0,0.019382017972416666,5,1,1,1,1,0,0,0,0,0,1,0,1,0,0,0,1,0,0,0,0,0,1,0,1,0,0,0,0,1,3399-BMLVW
0,72,90.95,6468.6,0,0.01406022941594781,9,0,1,0,1,0,1,0,0,0,1,0,1,0,1,0,1,0,1,0,1,0,1,1,0,0,0,0,0,1,1971-DTCZB
0,67,87.4,5918.8,1,0.014766506724336015,5,1,1,1,1,0,1,1,0,0,0,0,1,0,1,0,0,0,0,0,0,1,0,0,0,1,0,0,0,1,3092-IGHWF
0,34,19.7,675.6,0,0.02915926583777383,1,1,0,0,1,0,0,0,1,1,0,1,0,1,0,1,0,1,0,1,0,0,0,0,0,0,1,0,1,0,3374-PZLXD
0,67,50.95,3521.7,0,0.014467444700002842,5,1,1,0,0,1,0,0,0,0,1,0,1,0,0,0,1,0,0,0,1,0,1,1,0,0,0,0,0,1,3813-DHBBB
0,49,20.05,923.1,0,0.02172029032607518,1,0,1,0,1,0,0,0,1,1,0,1,0,1,0,1,0,1,0,1,0,1,0,1,0,0,0,0,0,1,2812-REYAT
0,53,19.4,1110.35,0,0.017471968298284325,1,1,1,1,1,0,0,0,1,1,0,1,0,1,0,1,0,1,0,1,0,0,1,1,0,0,1,0,0,1,6518-PPLMZ
0,27,59.45,1611.65,0,0.03688766171315112,5,1,0,0,1,0,1,0,0,0,0,0,0,0,1,0,1,0,0,0,0,0,0,0,0,1,0,0,1,0,4939-KYYPY
1,23,94.75,2293.6,1,0.041310603418207185,5,0,0,0,1,0,0,1,0,0,0,0,1,0,0,0,0,0,1,0,1,0,0,1,0,1,0,1,0,0,8017-LXHFA
0,69,81.5,5553.25,0,0.0146760905775897,8,1,0,0,1,0,1,0,0,0,1,0,1,0,1,0,1,0,0,0,1,0,1,1,1,0,0,0,0,1,5930-GBIWP
0,2,29.05,44.75,0,0.6491620111731844,2,0,1,1,0,1,0,0,0,0,0,0,0,0,0,0,1,0,0,0,0,0,0,0,0,0,0,0,0,0,6022-KOUQO
0,35,86.45,3029.1,1,0.02853983031263412,4,0,0,0,1,0,1,1,0,0,0,0,0,0,0,0,0,0,1,0,0,0,0,1,0,1,0,0,1,0,6352-TWCAU
0,46,70.6,3231.05,0,0.021850482041441632,6,0,1,0,1,0,0,0,0,0,1,0,1,0,0,0,1,0,0,0,1,1,0,0,0,0,1,0,1,0,2361-UPSND
0,54,97.2,5129.45,0,0.018949400033141956,6,0,0,0,1,0,1,1,0,0,0,0,1,0,0,0,0,0,1,0,1,0,1,1,0,0,0,0,0,1,6035-RIIOM
0,56,98.25,5508.35,1,0.017836557226755742,6,0,1,0,1,0,1,1,0,0,0,0,1,0,0,0,0,0,1,0,1,1,0,1,0,1,0,0,0,1,2929-QNSRW
0,9,75.75,655.9,1,0.1154901661838695,3,0,1,0,1,0,0,1,0,0,0,0,0,0,1,0,0,0,0,0,0,0,0,1,0,0,0,0,0,0,1262-OPMFY
0,20,59.2,1191.2,0,0.04969778374748153,5,1,0,0,1,0,1,0,0,0,1,0,0,0,0,0,1,0,0,0,0,0,0,0,0,0,0,1,0,0,9504-DSHWM
0,11,75.9,866.4,0,0.0876038781163435,3,1,0,0,1,0,0,1,0,0,0,0,1,0,0,0,0,0,0,0,0,0,0,1,0,0,1,0,0,0,5035-BVCXS
1,30,90.05,2627.2,0,0.0342760353227771,5,0,1,0,1,0,1,1,0,0,0,0,1,0,0,0,0,0,1,0,0,0,0,1,0,1,0,0,1,0,6267-DCFFZ
0,68,70.95,4741.45,0,0.0149637769036898,6,1,1,0,1,0,0,0,0,0,1,0,1,0,1,0,0,0,0,0,1,0,1,0,0,0,0,0,0,1,3533-UVMOM
1,38,102.6,4009.2,0,0.025591140377132594,7,1,1,0,1,0,1,1,0,0,0,0,1,0,1,0,0,0,1,0,1,0,0,1,0,1,0,0,1,0,2439-LYPMQ
1,17,85.35,1463.45,1,0.058321090573644464,5,0,1,0,1,0,1,1,0,0,1,0,0,0,1,0,0,0,0,0,0,0,0,1,0,0,0,1,0,0,4248-QPAVC
0,48,106.1,5082.8,1,0.02087432124026127,7,1,0,0,1,0,1,1,0,0,0,0,1,0,1,0,0,0,1,0,1,1,0,1,1,0,0,0,1,0,1899-VXWXM
0,1,43.8,43.8,0,1.0,2,0,0,0,1,0,0,0,0,0,0,0,0,0,0,0,0,0,0,0,0,0,0,0,0,1,0,0,0,0,1478-VPOAD
0,63,59.0,3707.6,0,0.015913259251267665,6,1,1,1,0,1,0,0,0,0,1,0,1,0,1,0,0,0,1,0,1,0,1,0,0,1,0,0,0,1,9995-HOTOH
0,3,69.95,220.45,0,0.31730551145384445,5,0,0,0,1,0,0,0,0,0,0,0,0,0,1,0,0,0,1,0,1,1,0,1,0,1,0,0,0,0,2988-PLAHS
0,48,24.35,1133.7,0,0.02147834524124548,2,0,0,0,1,0,1,0,1,1,0,1,0,1,0,1,0,1,0,1,0,1,0,0,0,0,0,0,1,0,1371-OJCEK
0,66,29.45,1983.15,0,0.014850112195244937,2,1,0,0,0,1,0,0,0,0,0,0,0,0,0,0,1,0,0,0,0,1,0,0,1,0,0,0,0,1,4999-IEZLT
0,68,84.4,5746.75,0,0.014686561969809024,5,0,1,1,1,0,1,1,0,0,0,0,1,0,1,0,0,0,0,0,0,0,1,1,1,0,0,0,0,1,8883-ANODQ
1,17,45.05,770.6,1,0.058460939527640796,2,1,0,0,1,0,0,0,0,0,0,0,0,0,0,0,0,0,0,0,0,0,0,1,0,1,0,1,0,0,4690-LLKUA
0,7,20.65,134.05,0,0.1540469973890339,1,0,1,1,1,0,0,0,1,1,0,1,0,1,0,1,0,1,0,1,0,1,0,0,0,0,1,0,0,0,2351-RRBUE
0,72,87.1,6230.1,0,0.013980513956437294,9,1,1,0,1,0,1,0,0,0,1,0,1,0,1,0,1,0,1,0,1,0,1,1,0,0,0,0,0,1,5980-BDHPY
0,29,19.85,573.05,0,0.03463921123811186,1,0,1,0,1,0,0,0,1,1,0,1,0,1,0,1,0,1,0,1,0,0,0,0,0,0,1,0,1,0,1498-DQNRX
0,37,90.35,3419.3,0,0.02642353698125347,5,1,1,0,1,0,0,1,0,0,0,0,0,0,1,0,1,0,0,0,1,0,0,1,0,1,0,0,1,0,9469-WEJBT
0,34,109.8,3587.25,1,0.03060840476688271,8,0,0,0,1,0,1,1,0,0,1,0,1,0,1,0,0,0,1,0,1,0,0,1,0,0,1,0,1,0,3331-HQDTW
1,42,84.65,3541.35,1,0.02390331370804919,4,0,0,0,1,0,1,1,0,0,0,0,0,0,0,0,0,0,1,0,0,0,0,1,0,1,0,0,1,0,9490-DFPMD
0,59,65.5,3801.3,0,0.017230947307500064,6,0,1,1,1,0,1,0,0,0,1,0,1,0,0,0,1,0,0,0,0,1,0,0,0,0,1,0,0,1,2581-VKIRT
0,11,79.5,868.5,1,0.09153713298791019,3,1,1,1,1,0,0,1,0,0,0,0,0,0,0,0,0,0,1,0,0,0,0,1,0,0,0,0,0,0,5442-XSDCW
1,60,80.95,4859.1,0,0.01665946368669095,4,1,1,1,1,0,1,1,0,0,1,0,0,0,0,0,0,0,0,0,0,0,0,1,0,1,0,0,0,1,7426-WEIJX
0,27,56.15,1439.35,0,0.03901066453607532,4,0,0,0,1,0,0,0,0,0,0,0,1,0,0,0,1,0,0,0,0,0,0,1,0,0,1,0,1,0,2851-MMUTZ
0,1,85.8,85.8,1,1.0,4,0,0,0,1,0,1,1,0,0,0,0,0,0,0,0,0,0,0,0,1,0,0,0,0,0,1,0,0,0,3049-NDXFL
1,1,79.1,79.1,1,1.0,3,1,0,0,1,0,0,1,0,0,0,0,0,0,0,0,0,0,1,0,0,0,0,1,0,1,0,0,0,0,8580-AECUZ
0,17,34.4,592.75,0,0.05803458456347532,3,1,1,0,0,1,0,0,0,0,1,0,0,0,1,0,0,0,0,0,0,0,0,0,0,0,1,1,0,0,3307-TLCUD
0,58,20.75,1185.95,0,0.01749652177579156,1,1,1,0,1,0,0,0,1,1,0,1,0,1,0,1,0,1,0,1,0,0,1,0,0,0,1,0,0,1,6625-FLENO
0,1,18.8,18.8,0,1.0,1,1,1,1,1,0,0,0,1,1,0,1,0,1,0,1,0,1,0,1,0,1,0,0,0,0,1,0,0,0,2967-MXRAV
0,3,44.3,134.5,1,0.3293680297397769,2,0,1,1,1,0,0,0,0,0,0,0,0,0,0,0,0,0,0,0,0,0,0,0,0,0,1,0,0,0,7963-GQRMY
0,53,90.8,4921.2,0,0.018450784361537836,6,0,0,0,1,0,1,1,0,0,1,0,1,0,1,0,0,0,0,0,0,0,0,0,0,1,0,0,0,1,8189-HBVRW
0,35,25.6,901.25,0,0.02840499306518724,2,1,0,0,1,0,1,0,1,1,0,1,0,1,0,1,0,1,0,1,0,0,0,1,0,1,0,0,1,0,4163-KIUHY
0,50,105.95,5341.8,1,0.019834138305440115,7,1,1,1,1,0,1,1,0,0,1,0,0,0,1,0,0,0,1,0,1,0,0,0,1,0,0,0,0,1,1228-FZFRV
0,68,70.8,4859.95,0,0.014568051111636952,6,1,1,1,1,0,1,0,0,0,0,0,1,0,0,0,1,0,0,0,1,0,1,0,1,0,0,0,0,1,3500-NSDOA
0,47,25.4,1139.2,0,0.02229634831460674,2,1,1,0,1,0,1,0,1,1,0,1,0,1,0,1,0,1,0,1,0,0,0,0,0,1,0,0,1,0,1171-TYKUR
1,65,108.8,7082.45,0,0.01536191572125465,7,0,1,0,1,0,1,1,0,0,0,0,1,0,1,0,0,0,1,0,1,0,0,1,0,0,0,0,0,1,3761-FLYZI
0,5,69.75,324.6,1,0.21487985212569313,2,1,0,0,1,0,0,1,0,0,0,0,0,0,0,0,0,0,0,0,0,0,0,1,0,1,0,0,0,0,2058-DCJBE
0,51,94.65,4812.75,1,0.019666510830606204,5,1,1,0,1,0,1,1,0,0,0,0,0,0,0,0,0,0,1,0,1,0,0,1,0,1,0,0,0,1,5364-XYIRR
0,46,96.05,4399.5,1,0.021832026366632572,5,0,0,0,1,0,1,1,0,0,0,0,0,0,0,0,0,0,1,0,1,0,0,0,0,0,0,0,1,0,4829-AUOAX
0,9,76.85,663.55,0,0.11581644186572225,3,0,0,0,1,0,1,1,0,0,0,0,0,0,0,0,0,0,0,0,0,0,0,1,0,1,0,0,0,0,1219-NNDDO
0,8,20.25,174.65,0,0.11594617807042656,1,0,0,0,1,0,0,0,1,1,0,1,0,1,0,1,0,1,0,1,0,0,1,0,0,0,1,0,0,0,8388-DMKAE
0,14,24.8,321.7,0,0.07709045694746659,2,1,0,0,1,0,1,0,1,1,0,1,0,1,0,1,0,1,0,1,0,1,0,1,1,0,0,1,0,0,4403-BWPAY
0,45,115.65,5125.5,0,0.022563652326602283,9,0,0,0,1,0,1,1,0,0,1,0,1,0,1,0,1,0,1,0,1,0,0,1,0,1,0,0,1,0,9659-QEQSY
0,8,74.6,548.9,0,0.13590817999635635,3,0,0,0,1,0,1,1,0,0,0,0,0,0,0,0,0,0,0,0,0,0,0,1,1,0,0,0,0,0,5405-ZMYXQ
1,1,50.15,50.15,1,1.0,3,1,0,1,1,0,0,0,0,0,0,0,0,0,1,0,0,0,0,0,0,0,0,1,0,0,1,0,0,0,5047-LHVLY
0,66,103.15,7031.3,0,0.014670117901383813,7,1,1,1,1,0,0,1,0,0,1,0,1,0,1,0,0,0,1,0,1,1,0,1,0,0,0,0,0,1,1442-OKRJE
0,72,72.1,5016.65,0,0.014372140771231797,7,1,1,1,1,0,1,0,0,0,1,0,1,0,1,0,1,0,0,0,0,0,1,0,1,0,0,0,0,1,4737-AQCPU
0,41,113.6,4594.95,1,0.024722793501561497,9,0,1,0,1,0,1,1,0,0,1,0,1,0,1,0,1,0,1,0,1,0,0,1,0,0,0,0,1,0,9158-VCTQB
0,23,25.1,611.45,0,0.04104996320222422,2,0,1,1,1,0,1,0,1,1,0,1,0,1,0,1,0,1,0,1,0,0,1,0,0,0,1,1,0,0,2808-CHTDM
0,29,78.9,2384.15,1,0.033093555355158025,3,0,0,0,1,0,0,1,0,0,0,0,0,0,0,0,0,0,1,0,0,0,0,1,0,1,0,0,1,0,6311-UEUME
0,4,80.15,319.85,0,0.25058621228700956,4,0,0,0,1,0,1,1,0,0,1,0,0,0,0,0,0,0,0,0,0,0,0,1,0,1,0,0,0,0,0793-TWELN
0,6,25.4,153.3,0,0.16568819308545335,2,1,1,1,1,0,1,0,1,1,0,1,0,1,0,1,0,1,0,1,0,0,1,0,0,0,1,0,0,0,3283-WCWXT
1,67,105.4,7035.6,0,0.014980954005344249,8,0,1,0,1,0,1,1,0,0,1,0,1,0,1,0,1,0,0,0,1,1,0,1,1,0,0,0,0,1,1060-ENTOF
1,7,45.75,344.2,0,0.13291690877396864,2,1,0,1,1,0,0,0,0,0,0,0,0,0,0,0,0,0,0,0,0,0,0,1,0,0,1,0,0,0,0999-QXNSA
0,56,24.45,1431.65,0,0.017078196486571436,2,1,1,1,1,0,1,0,1,1,0,1,0,1,0,1,0,1,0,1,0,1,0,1,0,0,1,0,0,1,5451-MHQOF
0,72,25.0,1849.2,0,0.013519359723123512,2,0,1,0,1,0,1,0,1,1,0,1,0,1,0,1,0,1,0,1,0,0,1,0,1,0,0,0,0,1,4836-WNFNO
0,72,85.25,6083.1,0,0.014014236162482943,8,1,1,0,1,0,1,0,0,0,1,0,1,0,1,0,0,0,1,0,1,0,1,1,0,1,0,0,0,1,9225-BZLNZ
0,23,19.6,426.65,0,0.04593929450369156,1,1,1,1,1,0,0,0,1,1,0,1,0,1,0,1,0,1,0,1,0,0,1,0,1,0,0,1,0,0,0354-VXMJC
0,35,50.15,1655.35,0,0.03029570785634458,3,0,0,1,1,0,1,0,0,0,0,0,0,0,0,0,0,0,0,0,0,0,0,0,0,0,1,0,1,0,4422-QVIJA
1,27,70.55,1943.9,0,0.036293019188229844,2,1,1,0,1,0,0,1,0,0,0,0,0,0,0,0,0,0,0,0,0,0,0,1,0,1,0,0,1,0,9365-SRSZE
0,26,60.05,1616.15,1,0.03715620456022027,5,0,1,1,1,0,1,0,0,0,0,0,1,0,0,0,1,0,0,0,0,0,0,1,0,1,0,0,1,0,6839-ITVZJ
0,12,26.4,314.95,0,0.08382282902047944,2,1,1,1,1,0,1,0,1,1,0,1,0,1,0,1,0,1,0,1,0,1,0,0,0,0,1,0,0,0,8332-OSJDW
0,40,20.15,804.85,0,0.025035720941790393,1,0,0,0,1,0,0,0,1,1,0,1,0,1,0,1,0,1,0,1,0,0,1,0,0,0,1,0,1,0,4735-BJKOU
0,7,58.85,465.7,0,0.1263689070216878,6,1,1,1,0,1,0,0,0,0,1,0,1,0,1,0,0,0,1,0,1,0,0,0,0,0,1,0,0,0,0274-JKUJR
0,70,97.55,6669.05,0,0.014627270750706621,6,1,1,1,1,0,1,1,0,0,1,0,1,0,0,0,0,0,1,0,0,0,0,1,1,0,0,0,0,1,5740-YHGTW
0,60,19.65,1161.75,0,0.016914138153647514,1,1,1,1,1,0,0,0,1,1,0,1,0,1,0,1,0,1,0,1,0,0,1,0,1,0,0,0,0,1,8917-SZTTJ
0,39,25.25,947.75,0,0.02664204695331047,1,1,1,1,0,1,0,0,0,0,0,0,0,0,0,0,0,0,0,0,0,1,0,1,1,0,0,0,1,0,1696-MZVAU
0,72,114.45,8375.05,0,0.01366559005617877,9,1,1,0,1,0,1,1,0,0,1,0,1,0,1,0,1,0,1,0,1,0,1,0,1,0,0,0,0,1,7359-WWYJV
0,1,34.7,34.7,1,1.0,2,0,0,0,0,1,0,0,0,0,0,0,0,0,0,0,0,0,1,0,0,0,0,1,0,1,0,0,0,0,0375-HVGXO
0,54,70.7,3770.0,0,0.018753315649867375,6,1,1,1,1,0,1,0,0,0,0,0,1,0,0,0,1,0,1,0,0,1,0,1,0,1,0,0,0,1,4906-ZHGPK
0,3,85.3,264.8,1,0.3221299093655589,4,1,0,0,1,0,1,1,0,0,0,0,0,0,0,0,0,0,0,0,1,0,0,1,0,1,0,0,0,0,8593-WHYHV
0,63,75.55,4707.85,0,0.016047665070042585,7,0,1,1,1,0,0,0,0,0,1,0,1,0,1,0,1,0,1,0,0,0,1,0,1,0,0,0,0,1,3795-GWTRD
0,71,84.8,6152.4,0,0.013783239061179377,5,1,1,1,1,0,1,1,0,0,0,0,1,0,0,0,1,0,0,0,0,0,1,1,0,1,0,0,0,1,1298-PHBTI
0,42,20.65,958.1,0,0.02155307379187976,1,0,0,0,1,0,0,0,1,1,0,1,0,1,0,1,0,1,0,1,0,1,0,1,0,0,1,0,1,0,6223-DHJGV
0,47,20.45,943.0,0,0.021686108165429478,1,1,0,0,1,0,0,0,1,1,0,1,0,1,0,1,0,1,0,1,0,0,1,0,0,0,0,0,1,0,6961-MJKBO
0,66,102.45,6615.15,1,0.015487177161515613,7,0,1,1,1,0,1,1,0,0,0,0,1,0,1,0,0,0,1,0,1,1,0,1,1,0,0,0,0,1,6097-EQISJ
0,21,104.4,2200.25,1,0.047449153505283496,7,0,1,0,1,0,1,1,0,0,1,0,0,0,1,0,0,0,1,0,1,0,0,1,0,0,0,1,0,0,4423-YLHDV
0,11,35.65,425.1,0,0.08386262055986826,3,1,0,0,0,1,0,0,0,0,0,0,1,0,0,0,1,0,0,0,0,0,0,1,0,1,0,0,0,0,8158-WPEZG
0,1,99.75,99.75,1,1.0,6,1,0,1,1,0,1,1,0,0,0,0,0,0,1,0,0,0,1,0,1,0,0,1,0,1,0,0,0,0,0107-YHINA
1,55,90.45,5044.8,0,0.017929352997145577,6,0,1,0,1,0,1,1,0,0,0,0,1,0,1,0,1,0,0,0,0,0,0,0,0,1,0,0,0,1,4918-FYJNT
0,69,97.65,6743.55,0,0.014480503592321552,7,1,0,0,1,0,1,1,0,0,0,0,1,0,1,0,1,0,1,0,0,0,1,1,1,0,0,0,0,1,0727-BNRLG
1,3,73.85,196.4,0,0.37601832993890016,3,0,0,0,1,0,0,1,0,0,0,0,0,0,1,0,0,0,0,0,0,0,0,0,0,1,0,0,0,0,4854-CIDCF
0,4,74.4,299.7,1,0.2482482482482483,6,1,0,0,1,0,0,0,0,0,0,0,0,0,1,0,1,0,1,0,1,0,0,1,0,1,0,0,0,0,8640-SDGKB
1,30,69.1,2093.9,0,0.0330006208510435,6,1,0,0,1,0,1,0,0,0,0,0,0,0,1,0,1,0,1,0,0,0,1,1,1,0,0,0,1,0,3280-MRDOF
0,5,82.75,417.75,0,0.1980849790544584,5,0,0,0,1,0,1,1,0,0,0,0,0,0,1,0,1,0,0,0,0,0,0,1,0,1,0,0,0,0,6435-SRWBJ
0,71,24.4,1725.4,0,0.014141648313434564,2,0,1,0,1,0,1,0,1,1,0,1,0,1,0,1,0,1,0,1,0,0,1,1,1,0,0,0,0,1,9964-WBQDJ
0,29,55.25,1620.2,0,0.03410072830514751,4,0,0,0,1,0,1,0,0,0,0,0,1,0,0,0,0,0,0,0,0,1,0,1,0,1,0,0,1,0,6303-KFWSL
0,52,61.35,3169.55,0,0.01935606000851856,5,1,1,0,1,0,1,0,0,0,0,0,1,0,0,0,1,0,0,0,0,0,0,0,0,0,0,0,0,1,1702-CCFNJ
0,68,76.75,5233.25,0,0.01466583862800363,7,1,0,0,1,0,1,0,0,0,1,0,1,0,1,0,0,0,0,0,1,1,0,0,1,0,0,0,0,1,8932-CZHRQ
0,46,19.4,967.85,0,0.020044428372165107,1,0,1,1,1,0,0,0,1,1,0,1,0,1,0,1,0,1,0,1,0,0,1,0,0,0,1,0,1,0,0386-CWRGM
0,8,54.75,438.05,0,0.12498573222234904,3,1,0,0,1,0,0,0,0,0,0,0,0,0,0,0,0,0,0,0,1,0,0,1,1,0,0,0,0,0,5515-RUGKN
0,72,19.7,1421.9,0,0.013854701455798578,1,1,1,0,1,0,0,0,1,1,0,1,0,1,0,1,0,1,0,1,0,0,1,0,1,0,0,0,0,1,0404-AHASP
0,17,19.9,323.15,0,0.0615813089896333,1,0,0,0,1,0,0,0,1,1,0,1,0,1,0,1,0,1,0,1,0,1,0,0,0,0,0,1,0,0,7279-NMVJC
0,3,107.95,318.6,0,0.33882611424984305,7,1,0,0,1,0,0,1,0,0,0,0,1,0,1,0,1,0,1,0,1,0,0,1,0,1,0,0,0,0,2081-VEYEH
1,2,83.8,163.7,0,0.5119120342089187,4,0,0,0,1,0,0,1,0,0,0,0,1,0,0,0,0,0,1,0,0,0,0,1,0,0,0,0,0,0,6407-UTSLV
0,9,74.25,639.65,1,0.11607910576096303,3,0,0,0,1,0,0,1,0,0,1,0,0,0,0,0,0,0,0,0,0,0,0,1,1,0,0,0,0,0,4116-TZAQJ
0,51,56.4,2928.5,0,0.01925900631722725,5,0,0,0,0,1,0,0,0,0,0,0,1,0,1,0,0,0,1,0,1,1,0,1,1,0,0,0,0,1,9060-HJJRW
0,6,20.1,100.35,0,0.2002989536621824,1,0,1,1,1,0,0,0,1,1,0,1,0,1,0,1,0,1,0,1,0,0,1,0,0,0,1,0,0,0,2587-YNLES
0,3,94.9,273.2,0,0.34736456808199123,5,0,1,0,1,0,1,1,0,0,0,0,0,0,0,0,0,0,1,0,1,0,0,0,0,1,0,0,0,0,7398-SKNQZ
1,17,94.2,1608.15,0,0.05857662531480272,5,0,0,0,1,0,1,1,0,0,0,0,0,0,0,0,0,0,1,0,1,0,0,1,0,1,0,1,0,0,5935-FCCNB
0,30,49.9,1441.95,0,0.03460591560040223,3,1,1,0,1,0,1,0,0,0,0,0,0,0,0,0,0,0,0,0,0,0,0,0,0,1,0,0,1,0,1958-RNRKS
0,31,71.05,2168.15,0,0.03276987293314577,6,1,0,0,1,0,1,0,0,0,0,0,1,0,0,0,1,0,1,0,0,0,0,1,0,1,0,0,1,0,5136-RGMZO
0,45,81.65,3618.7,0,0.022563351479813195,7,0,0,0,1,0,0,0,0,0,1,0,0,0,1,0,1,0,1,0,1,0,1,0,0,0,0,0,1,0,8345-MVDYC
0,64,89.45,5692.65,0,0.015713244271121536,6,1,1,0,1,0,1,1,0,0,1,0,1,0,1,0,0,0,0,0,0,1,0,0,0,0,0,0,0,1,8226-BXGES
0,1,59.85,59.85,1,1.0,4,1,0,0,1,0,1,0,0,0,0,0,0,0,0,0,0,0,1,0,0,0,0,1,0,1,0,0,0,0,3877-JRJIP
1,1,69.6,69.6,1,1.0,2,0,0,0,1,0,0,1,0,0,0,0,0,0,0,0,0,0,0,0,0,0,0,1,0,1,0,0,0,0,8375-DKEBR
1,61,99.0,5969.3,0,0.01658485919622066,6,1,1,1,1,0,1,1,0,0,0,0,1,0,0,0,0,0,1,0,1,1,0,0,0,1,0,0,0,1,9705-IOVQQ
0,1,19.05,19.05,0,1.0,1,1,0,0,1,0,0,0,1,1,0,1,0,1,0,1,0,1,0,1,0,0,0,0,0,0,1,0,0,0,1015-OWJKI
0,9,45.4,418.8,1,0.10840496657115567,3,1,0,0,0,1,0,0,0,0,0,0,0,0,0,0,0,0,1,0,1,0,0,1,0,1,0,0,0,0,7511-YMXVQ
0,72,114.45,8100.55,0,0.014128670275475121,9,1,1,1,1,0,1,1,0,0,1,0,1,0,1,0,1,0,1,0,1,0,1,0,0,0,0,0,0,1,2040-XBAVJ
0,1,19.5,19.5,1,1.0,1,0,0,0,1,0,0,0,1,1,0,1,0,1,0,1,0,1,0,1,0,0,0,0,0,0,1,0,0,0,7551-JOHTI
0,7,44.25,313.45,0,0.1411708406444409,2,0,1,0,1,0,0,0,0,0,0,0,0,0,0,0,0,0,0,0,0,0,0,1,0,0,1,0,0,0,8887-IPQNC
0,66,90.55,6130.95,0,0.014769326124010145,6,0,1,0,1,0,1,1,0,0,0,0,1,0,1,0,1,0,0,0,0,1,0,1,0,0,0,0,0,1,8646-JCOMS
0,1,69.9,69.9,1,1.0,2,1,0,0,1,0,0,1,0,0,0,0,0,0,0,0,0,0,0,0,0,0,0,1,0,1,0,0,0,0,9804-ICWBG
0,40,20.4,745.3,0,0.02737152824366027,1,1,1,1,1,0,0,0,1,1,0,1,0,1,0,1,0,1,0,1,0,0,0,1,0,0,0,0,1,0,1222-KJNZD
0,16,71.4,1212.1,0,0.058906030855539984,6,1,0,0,1,0,1,0,0,0,0,0,1,0,1,0,0,0,0,0,1,0,0,1,0,0,0,1,0,0,0106-GHRQR
0,2,87.15,183.75,1,0.4742857142857143,4,0,0,0,1,0,0,1,0,0,0,0,1,0,0,0,0,0,1,0,0,0,0,1,0,0,0,0,0,0,5318-IXUZF
0,67,24.85,1583.5,0,0.015693084938427537,2,1,1,0,1,0,1,0,1,1,0,1,0,1,0,1,0,1,0,1,0,0,1,0,1,0,0,0,0,1,3768-VHXQO
0,41,104.45,4162.05,0,0.025095806153217763,7,0,1,0,1,0,0,1,0,0,1,0,1,0,1,0,0,0,1,0,1,1,0,1,0,0,0,0,1,0,8952-WCVCD
0,56,19.8,1119.9,0,0.017680150013394052,1,0,1,1,1,0,0,0,1,1,0,1,0,1,0,1,0,1,0,1,0,0,1,1,1,0,0,0,0,1,2418-TPEUN
0,72,116.45,8013.55,0,0.0145316370397639,9,0,0,0,1,0,1,1,0,0,1,0,1,0,1,0,1,0,1,0,1,0,1,1,0,0,0,0,0,1,3963-RYFNS
0,3,84.75,264.85,1,0.3199924485557863,4,0,1,1,1,0,1,1,0,0,0,0,0,0,0,0,0,0,0,0,1,0,0,1,0,0,0,0,0,0,3198-VELRD
0,54,20.05,1102.4,0,0.018187590711175615,1,0,1,0,1,0,0,0,1,1,0,1,0,1,0,1,0,1,0,1,0,0,1,0,1,0,0,0,0,1,8540-ZQGEA
1,52,110.75,5832.0,0,0.0189900548696845,8,1,0,0,1,0,1,1,0,0,0,0,1,0,1,0,1,0,1,0,1,0,0,1,0,1,0,0,0,1,1320-REHCS
0,50,89.7,4304.5,0,0.020838657219189222,5,0,0,0,1,0,0,1,0,0,0,0,0,0,1,0,1,0,0,0,1,0,1,1,0,0,0,0,0,1,4137-JOPHL
0,14,89.95,1178.4,1,0.07633231500339444,5,1,0,0,1,0,1,1,0,0,0,0,0,0,0,0,1,0,1,0,0,0,0,1,0,1,0,1,0,0,9436-ZBZCT
0,27,48.7,1421.75,0,0.034253560752593636,3,1,1,0,1,0,0,0,0,0,1,0,0,0,0,0,0,0,0,0,0,1,0,0,1,0,0,0,1,0,7801-CEDNV
1,72,96.6,6827.5,0,0.014148663493225924,7,0,1,0,1,0,1,1,0,0,1,0,1,0,1,0,1,0,0,0,0,0,1,1,0,0,0,0,0,1,2057-BOYKM
0,62,74.3,4698.05,0,0.015815072210810868,6,1,0,0,1,0,0,0,0,0,1,0,1,0,0,0,0,0,1,0,1,1,0,1,1,0,0,0,0,1,3658-QQJYD
0,12,54.3,654.5,0,0.0829640947288006,4,0,0,0,1,0,0,0,0,0,0,0,1,0,0,0,1,0,0,0,0,0,0,1,0,1,0,0,0,0,1803-BGNBD
1,44,74.85,3268.05,0,0.022903566346904113,6,0,0,0,1,0,0,0,0,0,0,0,0,0,1,0,1,0,1,0,1,1,0,0,0,0,0,0,1,0,0134-XWXCE
0,54,79.95,4362.05,0,0.018328538187320182,4,1,1,1,1,0,0,1,0,0,0,0,1,0,0,0,1,0,0,0,0,0,1,1,0,0,0,0,0,1,6950-TWMYB
0,68,20.05,1386.9,0,0.014456701997260075,1,0,0,0,1,0,0,0,1,1,0,1,0,1,0,1,0,1,0,1,0,0,1,0,0,0,0,0,0,1,5848-FHRFC
0,20,19.4,415.4,0,0.046701974000962924,1,1,0,0,1,0,0,0,1,1,0,1,0,1,0,1,0,1,0,1,0,0,0,0,0,0,1,1,0,0,2243-FNMMI
0,50,54.9,2614.1,0,0.021001491909261313,4,1,1,1,1,0,1,0,0,0,0,0,0,0,1,0,0,0,0,0,0,1,0,0,0,0,0,0,0,1,2511-MORQY
0,58,24.45,1513.6,0,0.016153541226215644,2,1,0,0,1,0,1,0,1,1,0,1,0,1,0,1,0,1,0,1,0,0,1,1,1,0,0,0,0,1,5356-KZCKT
0,35,89.65,3161.6,0,0.028355895748987857,5,1,1,1,1,0,1,1,0,0,0,0,1,0,0,0,0,0,1,0,0,0,0,1,0,0,0,0,1,0,9470-XCCEM
0,2,45.4,80.95,0,0.560840024706609,2,0,0,0,1,0,0,0,0,0,0,0,0,0,0,0,0,0,0,0,0,0,0,1,0,1,0,0,0,0,6519-CFDBX
0,63,75.7,4676.7,0,0.0161866273226848,7,1,1,1,1,0,1,0,0,0,1,0,0,0,1,0,1,0,0,0,1,0,1,0,0,0,1,0,0,1,3902-MIVLE
0,58,110.65,6526.65,0,0.016953567297158575,8,0,1,0,1,0,1,1,0,0,1,0,1,0,1,0,0,0,1,0,1,1,0,1,1,0,0,0,0,1,0409-WTMPL
0,27,20.55,583.3,0,0.03523058460483457,1,0,1,1,1,0,0,0,1,1,0,1,0,1,0,1,0,1,0,1,0,1,0,1,0,0,1,0,1,0,8763-KIAFH
0,71,115.15,8078.1,0,0.014254589569329422,9,0,1,0,1,0,1,1,0,0,1,0,1,0,1,0,1,0,1,0,1,0,1,1,1,0,0,0,0,1,3669-WHAFY
0,63,58.55,3503.5,0,0.016711859569002424,4,0,0,0,1,0,0,0,0,0,0,0,0,0,1,0,0,0,0,0,1,1,0,0,1,0,0,0,0,1,3055-VTCGS
0,71,93.25,6669.45,0,0.013981662655841188,6,1,1,0,1,0,1,1,0,0,0,0,1,0,1,0,0,0,0,0,1,0,0,1,0,0,0,0,0,1,3144-KMTWZ
1,41,113.2,4689.5,1,0.024139034012154816,8,0,0,0,1,0,1,1,0,0,1,0,1,0,1,0,0,0,1,0,1,0,0,1,0,1,0,0,1,0,7279-BUYWN
1,13,90.5,1201.15,1,0.0753444615576739,4,1,0,0,1,0,0,1,0,0,0,0,0,0,0,0,0,0,1,0,1,0,0,1,0,1,0,1,0,0,7156-MHUGY
0,2,79.0,143.65,1,0.5499477897667943,3,1,0,0,1,0,0,1,0,0,0,0,0,0,0,0,0,0,1,0,0,0,0,0,0,1,0,0,0,0,7198-GLXTC
0,68,19.35,1292.65,0,0.014969249216725333,1,0,1,1,1,0,0,0,1,1,0,1,0,1,0,1,0,1,0,1,0,0,1,1,0,0,0,0,0,1,2007-QVGAW
0,1,48.75,48.75,0,1.0,3,1,1,1,1,0,0,0,0,0,1,0,0,0,0,0,0,0,0,0,0,0,0,1,0,0,1,0,0,0,5207-PLSTK
1,65,109.05,7108.2,0,0.015341436650628851,8,1,0,0,1,0,1,1,0,0,1,0,0,0,1,0,1,0,1,0,1,0,1,1,0,1,0,0,0,1,2307-FYNNL
1,72,25.0,1802.55,0,0.01386924079775873,2,1,1,0,1,0,1,0,1,1,0,1,0,1,0,1,0,1,0,1,0,0,1,1,0,0,0,0,0,1,5605-XNWEN
0,28,54.9,1505.15,0,0.03647476995648274,4,0,0,0,1,0,1,0,0,0,0,0,0,0,0,0,1,0,0,0,0,0,0,1,1,0,0,0,1,0,2155-AMQRX
0,72,24.75,1859.1,0,0.013312893335484913,2,1,1,1,1,0,1,0,1,1,0,1,0,1,0,1,0,1,0,1,0,0,1,0,1,0,0,0,0,1,6181-AXXYF
0,2,91.15,168.5,0,0.5409495548961425,5,0,0,0,1,0,0,1,0,0,1,0,1,0,0,0,0,0,1,0,0,0,0,1,0,1,0,0,0,0,5091-HFAZW
0,18,20.15,390.85,1,0.051554304720480996,1,0,0,1,1,0,0,0,1,1,0,1,0,1,0,1,0,1,0,1,0,1,0,0,0,0,0,1,0,0,0516-VRYBW
1,60,104.35,6339.45,0,0.01646041849056306,7,1,1,0,1,0,1,1,0,0,0,0,1,0,1,0,0,0,1,0,1,1,0,1,0,1,0,0,0,1,2519-LBNQL
1,26,66.05,1652.4,0,0.039972161704187846,5,0,0,0,1,0,1,0,0,0,0,0,0,0,0,0,1,0,0,0,1,0,0,1,0,1,0,0,1,0,8623-ULFNQ
0,1,71.65,71.65,1,1.0,2,1,0,1,1,0,0,1,0,0,0,0,0,0,0,0,0,0,0,0,0,0,0,1,0,1,0,0,0,0,8380-PEFPE
0,4,20.35,77.5,1,0.2625806451612903,1,0,0,0,1,0,0,0,1,1,0,1,0,1,0,1,0,1,0,1,0,0,0,0,0,0,1,0,0,0,5687-DKDTV
0,68,92.2,6392.85,0,0.014422362483086574,9,1,1,1,1,0,1,0,0,0,1,0,1,0,1,0,1,0,1,0,1,0,1,1,1,0,0,0,0,1,1568-LJSZU
0,38,84.25,3264.5,1,0.025807933833665187,5,0,0,0,1,0,0,1,0,0,0,0,1,0,1,0,1,0,0,0,0,0,0,1,1,0,0,0,1,0,7530-HDYDS
1,42,105.2,4599.15,0,0.022873791896328672,7,0,1,0,1,0,1,1,0,0,1,0,0,0,1,0,0,0,1,0,1,1,0,1,0,0,0,0,1,0,7789-HKSBS
0,57,19.6,1134.25,0,0.01728014106237602,1,0,1,0,1,0,0,0,1,1,0,1,0,1,0,1,0,1,0,1,0,0,1,1,0,0,0,0,0,1,7416-CKTEP
0,54,30.4,1621.35,0,0.018749807259382613,2,1,1,0,0,1,0,0,0,0,0,0,1,0,0,0,0,0,0,0,0,0,0,0,0,1,0,0,0,1,2586-CWXVV
0,12,78.1,947.3,1,0.08244484323867834,3,0,0,0,1,0,0,1,0,0,0,0,0,0,0,0,0,0,0,0,1,0,0,0,0,0,0,0,0,0,3096-IZETN
0,44,61.5,2722.2,0,0.022592021159356403,5,0,1,0,1,0,0,0,0,0,1,0,1,0,1,0,0,0,0,0,0,1,0,1,0,0,1,0,1,0,2348-KCJLT
0,42,69.4,3058.3,0,0.022692345420658535,6,1,1,1,1,0,1,0,0,0,1,0,1,0,0,0,0,0,1,0,0,0,0,1,0,0,0,0,1,0,8401-EMUWF
0,72,24.75,1769.6,0,0.01398621157323689,2,1,1,1,1,0,1,0,1,1,0,1,0,1,0,1,0,1,0,1,0,0,1,0,0,0,0,0,0,1,4193-IBKSW
0,71,91.05,6293.75,0,0.014466732869910626,9,0,1,1,1,0,1,0,0,0,1,0,1,0,1,0,1,0,1,0,1,0,1,0,0,0,1,0,0,1,5377-NDTOU
0,19,89.65,1761.05,1,0.05090712926946992,5,0,1,0,1,0,1,1,0,0,0,0,0,0,1,0,0,0,0,0,1,0,0,0,0,0,1,1,0,0,5922-ABDVO
0,23,73.65,1642.75,0,0.04483335869730635,6,0,1,0,1,0,1,0,0,0,0,0,0,0,0,0,1,0,1,0,1,0,0,1,1,0,0,1,0,0,2474-LCNUE
0,30,19.4,578.5,0,0.03353500432152117,1,0,0,0,1,0,0,0,1,1,0,1,0,1,0,1,0,1,0,1,0,0,1,0,1,0,0,0,1,0,0839-QNXME
0,35,26.2,954.9,0,0.027437428002932245,2,1,0,0,1,0,1,0,1,1,0,1,0,1,0,1,0,1,0,1,0,1,0,0,0,0,0,0,1,0,3506-OVLKD
0,10,98.7,973.25,1,0.10141279219111225,6,0,0,0,1,0,1,1,0,0,1,0,0,0,0,0,0,0,1,0,1,0,0,1,0,1,0,0,0,0,9172-ANCRX
0,1,43.85,43.85,0,1.0,2,1,0,0,1,0,0,0,0,0,0,0,0,0,0,0,0,0,0,0,0,0,0,1,0,0,0,0,0,0,6650-VJONK
0,22,69.7,1490.4,0,0.04676596886741814,2,1,0,0,1,0,0,1,0,0,0,0,0,0,0,0,0,0,0,0,0,0,0,1,0,0,1,1,0,0,2178-PMGCJ
0,7,38.55,280.0,0,0.13767857142857143,4,1,1,1,0,1,0,0,0,0,1,0,1,0,1,0,0,0,0,0,0,0,1,0,0,0,1,0,0,0,7492-TAFJD
0,36,53.1,1901.25,0,0.027928994082840237,6,0,0,0,0,1,0,0,0,0,1,0,1,0,1,0,1,0,0,0,1,0,1,1,0,0,1,0,1,0,2773-MADBQ
0,34,20.65,716.4,0,0.02882467895030709,1,0,1,1,1,0,0,0,1,1,0,1,0,1,0,1,0,1,0,1,0,0,0,0,0,0,1,0,1,0,6016-LVTJQ
0,72,64.45,4720.0,0,0.013654661016949152,6,1,1,1,1,0,1,0,0,0,1,0,1,0,1,0,0,0,0,0,0,0,1,0,1,0,0,0,0,1,7860-KSUGX
0,36,25.1,930.95,0,0.026961705784413773,2,1,1,1,1,0,1,0,1,1,0,1,0,1,0,1,0,1,0,1,0,0,1,0,1,0,0,0,1,0,8966-KZXXA
0,1,76.35,76.35,1,1.0,3,0,0,0,1,0,0,1,0,0,0,0,0,0,1,0,0,0,0,0,0,0,0,0,0,1,0,0,0,0,6910-HADCM
0,23,79.15,1676.95,1,0.04719878350576941,4,0,0,0,1,0,1,1,0,0,0,0,1,0,0,0,0,0,0,0,0,0,0,1,0,1,0,1,0,0,4816-LXZYW
1,32,85.0,2642.05,1,0.032171987661096496,4,1,1,0,1,0,1,1,0,0,0,0,0,0,0,0,0,0,0,0,1,0,0,1,0,1,0,0,1,0,9606-PBKBQ
0,71,95.15,6770.85,0,0.014052888485197574,7,0,1,1,1,0,1,1,0,0,1,0,1,0,1,0,1,0,0,0,0,1,0,1,1,0,0,0,0,1,5149-QYTTU
1,23,79.35,1835.3,0,0.043235438347954014,4,0,0,0,1,0,1,1,0,0,0,0,0,0,1,0,0,0,0,0,0,0,0,1,0,0,1,1,0,0,2070-XYMFH
0,17,96.65,1588.25,0,0.06085314024870141,5,1,1,0,1,0,0,1,0,0,0,0,0,0,1,0,0,0,1,0,1,1,0,1,0,0,0,1,0,0,2085-BOJKI
0,1,75.5,75.5,0,1.0,6,1,0,0,1,0,0,0,0,0,0,0,0,0,1,0,1,0,1,0,1,0,0,1,0,1,0,0,0,0,0817-HSUSE
0,12,19.7,258.35,0,0.07625314495838977,1,1,1,1,1,0,0,0,1,1,0,1,0,1,0,1,0,1,0,1,0,0,1,0,0,0,1,0,0,0,5442-PPTJY
0,72,20.5,1502.25,0,0.013646197370610751,1,0,1,0,1,0,0,0,1,1,0,1,0,1,0,1,0,1,0,1,0,0,1,0,1,0,0,0,0,1,1927-QEWMY
0,1,19.2,19.2,0,1.0,1,1,0,0,1,0,0,0,1,1,0,1,0,1,0,1,0,1,0,1,0,0,0,0,0,0,1,0,0,0,1663-MHLHE
1,72,98.35,6929.4,0,0.014193148035904985,6,1,1,0,1,0,1,1,0,0,0,0,1,0,0,0,0,0,1,0,1,0,1,0,0,0,0,0,0,1,5663-QBGIS
0,60,74.35,4453.3,0,0.01669548424763658,3,1,1,1,1,0,1,1,0,0,0,0,0,0,0,0,0,0,0,0,0,0,0,0,0,0,0,0,0,1,4450-MDZFX
0,61,51.35,3244.4,0,0.01582727160646036,5,0,1,1,0,1,0,0,0,0,0,0,1,0,1,0,1,0,1,0,0,0,1,0,1,0,0,0,0,1,6701-DHKWQ
0,6,45.65,323.45,0,0.14113464213943422,2,0,1,0,1,0,0,0,0,0,0,0,0,0,0,0,0,0,0,0,0,0,0,0,0,0,1,0,0,0,7554-AKDQF
1,32,85.3,2661.1,1,0.032054413588365714,4,1,1,0,1,0,1,1,0,0,0,0,0,0,0,0,0,0,0,0,1,0,0,0,0,1,0,0,1,0,3536-IQCTX
0,31,86.55,2697.4,1,0.03208645362200637,4,0,0,1,1,0,1,1,0,0,0,0,0,0,0,0,0,0,1,0,0,0,0,1,1,0,0,0,1,0,4911-BANWH
0,19,73.85,1424.5,1,0.05184275184275184,3,1,0,0,1,0,0,1,0,0,0,0,1,0,0,0,0,0,0,0,0,0,0,1,1,0,0,1,0,0,8496-EJAUI
0,72,20.3,1401.15,0,0.014488099061485208,1,1,1,1,1,0,0,0,1,1,0,1,0,1,0,1,0,1,0,1,0,0,1,0,0,0,0,0,0,1,0794-YVSGE
0,32,54.2,1739.6,0,0.031156587721315247,4,0,0,0,1,0,1,0,0,0,0,0,1,0,0,0,0,0,0,0,0,0,0,1,0,1,0,0,1,0,5423-BHIXO
0,65,90.65,5931.0,0,0.015284100488956332,5,1,1,0,1,0,1,1,0,0,0,0,1,0,0,0,0,0,0,0,1,0,0,1,0,1,0,0,0,1,6908-VVYHM
0,45,50.9,2333.85,0,0.021809456477494268,4,0,1,1,0,1,0,0,0,0,1,0,0,0,0,0,0,0,1,0,1,0,0,1,0,0,0,0,1,0,2959-EEXWB
0,42,25.05,949.85,0,0.026372585145022897,2,1,0,0,1,0,1,0,1,1,0,1,0,1,0,1,0,1,0,1,0,1,0,0,0,1,0,0,1,0,1839-UMACK
0,8,74.85,572.45,0,0.13075377762249976,3,1,0,0,1,0,1,1,0,0,0,0,0,0,0,0,0,0,0,0,0,0,0,1,0,1,0,0,0,0,3030-YDNRM
0,32,20.5,696.8,0,0.02942020665901263,1,1,0,1,1,0,0,0,1,1,0,1,0,1,0,1,0,1,0,1,0,0,1,0,0,0,1,0,1,0,7321-KKSDU
1,22,63.55,1381.8,0,0.04599073672022,6,0,1,0,1,0,1,0,0,0,1,0,1,0,0,0,1,0,0,0,0,0,0,1,0,0,1,1,0,0,3402-XRIUO
1,57,44.85,2572.95,1,0.01743135311607299,3,1,1,0,0,1,0,0,0,0,0,0,0,0,0,0,0,0,1,0,1,0,0,1,0,1,0,0,0,1,3132-TVFDZ
0,1,47.95,47.95,0,1.0,3,1,0,0,1,0,0,0,0,0,1,0,0,0,0,0,0,0,0,0,0,0,0,0,0,1,0,0,0,0,8286-AFUYI
1,1,45.1,45.1,1,1.0,2,1,0,0,1,0,0,0,0,0,0,0,0,0,0,0,0,0,0,0,0,0,0,0,0,1,0,0,0,0,8080-DDEMJ
0,1,45.0,45.0,0,1.0,2,0,1,0,1,0,0,0,0,0,0,0,0,0,0,0,0,0,0,0,0,0,0,1,0,1,0,0,0,0,8356-WUAOJ
0,24,96.0,2122.45,1,0.04523074748521756,5,1,0,0,1,0,0,1,0,0,0,0,0,0,0,0,1,0,1,0,1,0,0,1,0,1,0,1,0,0,6365-MTGZX
0,1,20.05,20.05,1,1.0,1,1,0,0,1,0,0,0,1,1,0,1,0,1,0,1,0,1,0,1,0,0,0,0,0,0,0,0,0,0,1349-WXNGG
1,54,90.05,4931.8,0,0.018259053489598116,5,1,0,0,1,0,1,1,0,0,0,0,1,0,0,0,0,0,0,0,1,0,0,1,0,1,0,0,0,1,8058-DMYRU
0,4,25.3,116.95,0,0.21633176571184268,2,0,0,0,1,0,1,0,1,1,0,1,0,1,0,1,0,1,0,1,0,0,1,1,1,0,0,0,0,0,9350-ZXYJC
0,65,108.65,6937.95,1,0.015660245461555648,8,1,1,1,1,0,1,1,0,0,1,0,0,0,1,0,1,0,1,0,1,0,1,0,0,0,0,0,0,1,6990-YNRIO
0,56,24.3,1261.7,0,0.019259728937148293,2,0,1,0,1,0,1,0,1,1,0,1,0,1,0,1,0,1,0,1,0,1,0,0,0,1,0,0,0,1,8958-JPTRR
0,45,75.95,3273.8,0,0.023199340216262448,6,1,0,0,1,0,0,0,0,0,1,0,0,0,1,0,0,0,1,0,1,0,0,1,0,1,0,0,1,0,6959-GQEGV
0,71,19.7,1415.85,0,0.013913903308966346,1,0,1,1,1,0,0,0,1,1,0,1,0,1,0,1,0,1,0,1,0,0,1,0,1,0,0,0,0,1,3173-WSSUE
0,59,66.4,3958.2,0,0.016775301904906274,6,1,1,0,1,0,0,0,0,0,1,0,1,0,1,0,0,0,1,0,0,1,0,0,1,0,0,0,0,1,1265-HVPZB
0,69,35.75,2492.25,0,0.014344467850336043,3,1,0,0,0,1,0,0,0,0,0,0,1,0,1,0,0,0,0,0,0,1,0,1,0,0,0,0,0,1,4115-UMJFQ
0,19,18.8,279.2,0,0.0673352435530086,1,1,0,0,1,0,0,0,1,1,0,1,0,1,0,1,0,1,0,1,0,1,0,0,0,0,1,1,0,0,7369-TRPFD
0,55,19.4,1083.0,0,0.01791320406278855,1,0,1,1,1,0,0,0,1,1,0,1,0,1,0,1,0,1,0,1,0,0,1,0,1,0,0,0,0,1,1098-KFQEC
0,38,19.3,755.5,0,0.025545996029119788,1,0,0,0,1,0,0,0,1,1,0,1,0,1,0,1,0,1,0,1,0,1,0,0,0,0,1,0,1,0,7190-XHTWJ
0,10,45.55,402.6,1,0.11313959264778936,2,1,0,0,1,0,0,0,0,0,0,0,0,0,0,0,0,0,0,0,0,0,0,1,0,1,0,0,0,0,0621-TWIEM
1,47,67.45,3252.0,0,0.02074108241082411,6,0,1,0,1,0,1,0,0,0,1,0,1,0,1,0,0,0,0,0,0,0,0,1,1,0,0,0,1,0,3537-RYBHH
0,2,35.1,68.75,1,0.5105454545454545,2,0,1,0,0,1,0,0,0,0,0,0,0,0,0,0,0,0,0,0,1,0,0,1,0,1,0,0,0,0,2485-ITVKB
0,1,46.2,46.2,1,1.0,2,1,0,0,1,0,0,0,0,0,0,0,0,0,0,0,0,0,0,0,0,0,0,0,1,0,0,0,0,0,3669-OYSJI
0,1,45.15,45.15,1,1.0,2,0,0,0,1,0,0,0,0,0,0,0,0,0,0,0,0,0,0,0,0,0,0,0,0,1,0,0,0,0,1612-EOHDH
1,1,43.3,43.3,1,1.0,4,1,0,0,0,1,0,0,0,0,0,0,1,0,1,0,0,0,0,0,1,0,0,1,0,1,0,0,0,0,6702-OHFWR
0,46,20.1,936.85,0,0.021454875380263652,1,1,1,1,1,0,0,0,1,1,0,1,0,1,0,1,0,1,0,1,0,0,1,1,0,0,1,0,1,0,5296-BFCYD
1,38,57.15,2250.65,1,0.02539266434141248,4,0,0,0,1,0,0,0,0,0,1,0,1,0,0,0,0,0,0,0,0,0,0,1,1,0,0,0,1,0,4510-PYUSH
0,65,58.9,3857.1,0,0.015270540043037515,5,0,1,0,1,0,0,0,0,0,1,0,0,0,1,0,1,0,0,0,0,0,1,0,1,0,0,0,0,1,9359-JANWS
0,19,73.2,1441.1,1,0.05079453195475679,3,0,1,0,1,0,0,1,0,0,1,0,0,0,0,0,0,0,0,0,0,0,0,1,0,1,0,1,0,0,7517-SAWMO
0,52,85.35,4338.6,1,0.01967224450283501,4,1,0,0,1,0,0,1,0,0,0,0,1,0,0,0,0,0,0,0,1,0,0,1,0,1,0,0,0,1,4143-HHPMK
0,71,19.45,1378.45,0,0.01411005114440132,1,1,1,1,1,0,0,0,1,1,0,1,0,1,0,1,0,1,0,1,0,0,1,0,0,0,1,0,0,1,3279-DYZQM
0,1,45.95,45.95,1,1.0,2,0,0,0,1,0,0,0,0,0,0,0,0,0,0,0,0,0,0,0,0,0,0,0,0,0,1,0,0,0,7054-LGEQW
1,52,50.5,2566.3,0,0.019678135837587186,5,0,0,0,0,1,0,0,0,0,0,0,1,0,1,0,1,0,1,0,0,0,0,1,0,1,0,0,0,1,0523-VNGTF
0,6,25.1,171.0,0,0.14678362573099416,2,1,1,0,1,0,1,0,1,1,0,1,0,1,0,1,0,1,0,1,0,1,0,0,0,0,1,0,0,0,9575-IWCAZ
1,26,60.7,1597.4,0,0.03799924877926631,4,0,1,0,1,0,0,0,0,0,0,0,0,0,1,0,0,0,0,0,1,1,0,0,0,0,1,0,1,0,7105-MXJLL
1,48,99.0,4744.35,0,0.020866925922412974,6,1,0,0,1,0,1,1,0,0,0,0,1,0,0,0,0,0,1,0,1,1,0,1,0,1,0,0,1,0,7064-FRRSW
0,64,104.4,6721.6,0,0.015532016186622232,7,0,1,1,1,0,1,1,0,0,1,0,0,0,0,0,1,0,1,0,1,1,0,1,0,0,0,0,0,1,7940-UQQUG
0,3,83.75,247.25,1,0.33872598584428715,4,0,0,0,1,0,0,1,0,0,0,0,1,0,0,0,0,0,1,0,0,0,0,0,0,1,0,0,0,0,0923-PNFUB
0,1,44.05,44.05,0,1.0,2,1,0,0,1,0,0,0,0,0,0,0,0,0,0,0,0,0,0,0,0,0,0,1,0,0,0,0,0,0,3961-SXAXY
0,72,24.1,1734.65,0,0.013893292595047993,2,1,1,1,1,0,1,0,1,1,0,1,0,1,0,1,0,1,0,1,0,0,1,0,1,0,0,0,0,1,7010-BRBUU
0,1,45.55,45.55,0,1.0,2,1,0,0,1,0,0,0,0,0,0,0,0,0,0,0,0,0,0,0,0,0,0,1,0,0,1,0,0,0,3566-HJGPK
0,51,93.8,4539.35,0,0.020663751418154578,6,0,1,1,1,0,1,1,0,0,1,0,1,0,0,0,0,0,0,0,1,0,0,1,0,1,0,0,0,1,3062-ICYZQ
0,41,19.7,804.25,0,0.024494870997824058,1,0,1,1,1,0,0,0,1,1,0,1,0,1,0,1,0,1,0,1,0,0,1,0,0,0,0,0,1,0,9938-PRCVK
0,72,70.65,5011.15,0,0.014098560210730074,6,0,1,1,1,0,0,0,0,0,1,0,1,0,1,0,0,0,1,0,0,0,1,1,1,0,0,0,0,1,0973-KYVNF
0,43,86.45,3574.5,0,0.02418520072737446,8,0,1,0,1,0,1,0,0,0,1,0,1,0,0,0,1,0,1,0,1,0,1,0,1,0,0,0,1,0,5129-HHMZC
0,72,114.1,8086.4,0,0.0141101108033241,9,1,1,0,1,0,1,1,0,0,1,0,1,0,1,0,1,0,1,0,1,0,1,1,1,0,0,0,0,1,9637-CDTKZ
0,47,95.2,4563.0,0,0.020863467017313172,5,1,1,0,1,0,1,1,0,0,0,0,0,0,0,0,0,0,1,0,1,1,0,1,1,0,0,0,1,0,3946-JEWRQ
0,72,88.55,6362.35,0,0.01391781338656314,9,1,0,0,1,0,1,0,0,0,1,0,1,0,1,0,1,0,1,0,1,0,1,0,1,0,0,0,0,1,7873-CVMAW
0,3,20.75,67.1,0,0.30923994038748137,1,1,0,0,1,0,0,0,1,1,0,1,0,1,0,1,0,1,0,1,0,0,0,1,1,0,0,0,0,0,0463-WZZKO
0,1,70.05,70.05,1,1.0,2,1,0,0,1,0,0,1,0,0,0,0,0,0,0,0,0,0,0,0,0,0,0,1,0,1,0,0,0,0,3494-JCHRQ
0,2,86.0,165.45,1,0.519794499848897,4,1,0,0,1,0,1,1,0,0,0,0,0,0,0,0,0,0,0,0,1,0,0,1,0,1,0,0,0,0,6474-FVJLC
0,26,44.65,1156.55,0,0.038606199472569276,4,1,0,0,0,1,0,0,0,0,1,0,1,0,0,0,0,0,0,0,1,0,0,1,0,0,0,0,1,0,4524-QCSSM
0,29,60.2,1834.15,0,0.032821743041735955,4,1,1,1,1,0,0,0,0,0,1,0,0,0,0,0,0,0,0,0,1,0,0,1,0,0,1,0,1,0,5832-EXGTT
1,35,100.5,3653.35,1,0.0275089985903349,7,0,1,0,1,0,1,1,0,0,1,0,1,0,0,0,1,0,1,0,0,0,0,1,0,0,0,0,1,0,8840-DQLGN
0,27,55.45,1477.65,0,0.0375258011031029,4,1,0,0,1,0,0,0,0,0,1,0,1,0,0,0,0,0,0,0,0,1,0,0,0,0,0,0,1,0,2039-JONDJ
0,24,70.3,1706.45,0,0.04119663629171672,6,1,1,1,1,0,0,0,0,0,1,0,1,0,0,0,1,0,0,0,1,0,0,1,1,0,0,1,0,0,7217-JYHOQ
0,67,60.4,3953.7,0,0.015276829299137517,5,1,1,1,1,0,0,0,0,0,1,0,0,0,1,0,1,0,0,0,0,0,1,1,0,0,0,0,0,1,6695-FRVEC
0,16,72.65,1194.3,1,0.06083061207401826,3,0,0,0,1,0,1,1,0,0,0,0,0,0,0,0,0,0,0,0,0,0,0,0,0,1,0,1,0,0,4547-LYTDD
0,23,55.8,1327.85,0,0.04202281884248974,4,0,0,0,1,0,0,0,0,0,0,0,1,0,1,0,0,0,0,0,0,1,0,0,0,0,0,1,0,0,9894-QMIMJ
0,14,31.1,419.7,0,0.07410054801048369,2,1,0,0,0,1,0,0,0,0,0,0,1,0,0,0,0,0,0,0,0,0,0,1,0,0,1,1,0,0,8069-YQQAJ
0,1,21.0,21.0,1,1.0,1,0,1,1,1,0,0,0,1,1,0,1,0,1,0,1,0,1,0,1,0,0,0,1,0,1,0,0,0,0,6770-XUAGN
1,1,45.1,45.1,1,1.0,2,0,0,0,1,0,0,0,0,0,0,0,0,0,0,0,0,0,0,0,0,0,0,0,0,0,1,0,0,0,4193-ORFCL
1,4,50.95,207.35,0,0.2457197974439354,4,1,0,0,0,1,0,0,0,0,0,0,1,0,0,0,0,0,1,0,1,0,0,1,1,0,0,0,0,0,1636-NTNCO
0,16,69.1,1083.7,0,0.06376303405001384,6,1,0,1,1,0,1,0,0,0,1,0,1,0,0,0,0,0,0,0,1,0,0,1,0,1,0,1,0,0,3466-WAESX
0,46,43.95,2007.85,0,0.021889085340040346,3,0,1,0,0,1,0,0,0,0,0,0,0,0,0,0,0,0,1,0,1,0,0,1,0,1,0,0,1,0,9281-PKKZE
0,68,86.5,5882.75,0,0.014704007479495134,8,1,0,1,1,0,1,0,0,0,1,0,1,0,0,0,1,0,1,0,1,0,1,1,0,0,0,0,0,1,3638-VBZTA
0,38,69.95,2657.55,0,0.02632123572463359,7,1,0,0,1,0,1,0,0,0,1,0,1,0,1,0,1,0,0,0,0,0,0,0,0,1,0,0,1,0,7459-IMVYU
1,30,50.4,1527.5,1,0.032995090016366614,3,1,1,0,1,0,0,0,0,0,0,0,1,0,0,0,0,0,0,0,0,0,0,1,0,0,0,0,1,0,7776-QWNFX
1,5,78.95,378.4,1,0.2086416490486258,3,0,0,0,1,0,0,1,0,0,0,0,0,0,0,0,0,0,0,0,1,0,0,0,0,1,0,0,0,0,6689-TCZHQ
0,17,90.95,1612.2,0,0.056413596327999006,5,1,0,0,1,0,0,1,0,0,0,0,1,0,1,0,0,0,0,0,1,0,0,1,1,0,0,1,0,0,8563-OYMQY
0,4,19.9,76.65,0,0.25962165688193084,1,1,1,1,1,0,0,0,1,1,0,1,0,1,0,1,0,1,0,1,0,0,1,0,0,0,1,0,0,0,0754-EEBDC
0,12,20.15,260.7,0,0.07729190640583046,1,0,0,0,1,0,0,0,1,1,0,1,0,1,0,1,0,1,0,1,0,1,0,0,0,1,0,0,0,0,5777-ZPQNC
0,72,90.6,6441.85,0,0.014064282775910646,9,1,1,1,1,0,1,0,0,0,1,0,1,0,1,0,1,0,1,0,1,0,1,1,1,0,0,0,0,1,1951-IEYXM
0,3,92.0,266.8,0,0.3448275862068965,4,1,0,0,1,0,0,1,0,0,0,0,0,0,0,0,0,0,1,0,1,0,0,1,0,1,0,0,0,0,3318-NMQXL
0,56,94.45,5124.6,1,0.01843070678687117,6,1,0,0,1,0,1,1,0,0,0,0,1,0,0,0,1,0,0,0,1,0,0,1,0,1,0,0,0,1,3143-ILDAL
0,41,24.85,962.25,0,0.025824889581709535,2,0,0,0,1,0,1,0,1,1,0,1,0,1,0,1,0,1,0,1,0,1,0,1,0,0,1,0,1,0,1022-RKXDR
0,40,36.0,1382.9,0,0.026032251066599173,3,1,0,0,0,1,0,0,0,0,0,0,1,0,0,0,1,0,0,0,0,1,0,0,1,0,0,0,1,0,2361-FJWNO
0,7,78.5,571.05,0,0.13746607127221785,7,0,0,0,1,0,0,0,0,0,1,0,1,0,0,0,1,0,1,0,1,0,0,1,0,1,0,0,0,0,2272-UOINI
0,69,19.95,1399.35,0,0.014256619144602852,1,1,0,0,1,0,0,0,1,1,0,1,0,1,0,1,0,1,0,1,0,0,1,0,1,0,0,0,0,1,8232-UTFOZ
0,7,20.65,150.0,0,0.13766666666666666,1,1,1,1,1,0,0,0,1,1,0,1,0,1,0,1,0,1,0,1,0,1,0,0,0,0,1,0,0,0,3750-YHRYO
0,5,30.5,167.2,0,0.18241626794258375,2,0,1,1,0,1,0,0,0,0,0,0,1,0,0,0,0,0,0,0,0,0,0,1,0,1,0,0,0,0,6637-KYRCV
0,72,106.1,7657.4,0,0.013855877974247133,8,0,1,1,1,0,1,1,0,0,1,0,1,0,1,0,1,0,1,0,0,0,1,0,1,0,0,0,0,1,5668-MEISB
0,44,20.5,865.05,0,0.0236980521357147,1,1,1,1,1,0,0,0,1,1,0,1,0,1,0,1,0,1,0,1,0,1,0,1,0,0,0,0,1,0,0129-QMPDR
0,65,95.5,6153.85,0,0.015518740300787311,6,0,0,0,1,0,1,1,0,0,0,0,1,0,1,0,0,0,1,0,0,1,0,1,0,1,0,0,0,1,7188-CBBBA
0,3,64.6,174.2,0,0.37083811710677383,5,0,0,0,1,0,1,0,0,0,0,0,0,0,0,0,1,0,1,0,0,0,0,0,0,1,0,0,0,0,5356-CSVSQ
0,24,51.1,1269.6,0,0.0402488972904852,3,1,0,0,1,0,0,0,0,0,0,0,0,0,0,0,1,0,0,0,0,0,0,1,1,0,0,1,0,0,3221-CJMSG
0,44,84.8,3862.55,1,0.02195440835717337,5,0,0,0,1,0,1,1,0,0,0,0,1,0,1,0,0,0,0,0,0,0,0,1,0,0,0,0,1,0,4720-VSTSI
1,72,89.1,6352.4,0,0.014026194824003526,9,0,1,0,1,0,1,0,0,0,1,0,1,0,1,0,1,0,1,0,1,0,1,0,1,0,0,0,0,1,3219-JQRSL
0,24,54.95,1348.5,0,0.04074898034853541,4,1,0,0,1,0,0,0,0,0,1,0,0,0,0,0,1,0,0,0,0,0,0,0,0,1,0,1,0,0,2801-NISEI
0,1,50.9,50.9,1,1.0,3,1,0,0,1,0,0,0,0,0,0,0,0,0,1,0,0,0,0,0,0,0,0,0,0,0,1,0,0,0,3946-MHCZW
0,22,20.45,471.55,0,0.043367617431873604,1,1,1,0,1,0,0,0,1,1,0,1,0,1,0,1,0,1,0,1,0,0,0,1,0,0,0,1,0,0,4623-ZKHLY
0,70,85.95,5931.75,0,0.01448982172208876,8,1,1,1,1,0,1,0,0,0,0,0,1,0,1,0,1,0,1,0,1,0,1,1,1,0,0,0,0,1,6732-VAILE
0,25,60.35,1404.65,0,0.04296443954009896,4,1,1,1,1,0,1,0,0,0,0,0,0,0,0,0,0,0,1,0,0,0,0,0,0,1,0,0,1,0,8201-AAXCB
0,37,19.8,726.1,0,0.02726897121608594,1,1,1,1,1,0,0,0,1,1,0,1,0,1,0,1,0,1,0,1,0,0,1,0,0,0,0,0,1,0,7696-CFTAT
1,22,85.35,1961.6,0,0.043510399673735725,4,0,1,1,1,0,1,1,0,0,0,0,0,0,0,0,0,0,1,0,0,0,0,0,0,0,0,1,0,0,1845-CSBRZ
0,59,72.1,4194.85,0,0.017187742112352047,6,0,1,1,1,0,1,0,0,0,0,0,0,0,1,0,1,0,1,0,0,0,1,1,0,0,0,0,0,1,2123-VSCOT
0,49,99.8,4872.45,1,0.020482508799474598,6,1,1,1,1,0,1,1,0,0,0,0,0,0,1,0,0,0,1,0,1,0,0,1,0,1,0,0,0,1,6651-AZVTJ
0,47,107.35,5118.95,1,0.020971097588372616,7,1,1,1,1,0,1,1,0,0,0,0,0,0,1,0,1,0,1,0,1,0,0,1,0,0,0,0,1,0,4566-GOLUK
0,31,19.55,658.95,1,0.029668411867364745,1,0,1,1,1,0,0,0,1,1,0,1,0,1,0,1,0,1,0,1,0,0,0,1,0,0,1,0,1,0,2484-DGXPZ
0,1,81.05,81.05,0,1.0,3,1,1,1,1,0,0,1,0,0,0,0,0,0,0,0,0,0,0,0,1,0,0,1,0,1,0,0,0,0,2018-QKYGT
0,3,20.5,76.95,0,0.2664067576348278,1,1,0,0,1,0,0,0,1,1,0,1,0,1,0,1,0,1,0,1,0,0,0,1,0,1,0,0,0,0,2792-VPPET
0,53,111.8,5809.75,0,0.019243513059942336,8,0,1,0,1,0,1,1,0,0,0,0,1,0,1,0,1,0,1,0,1,1,0,1,0,0,0,0,0,1,7409-JURKQ
0,1,20.2,20.2,0,1.0,1,1,0,0,1,0,0,0,1,1,0,1,0,1,0,1,0,1,0,1,0,0,0,0,0,0,1,0,0,0,3247-MHJKM
0,20,19.7,415.9,0,0.04736715556624189,1,1,0,0,1,0,0,0,1,1,0,1,0,1,0,1,0,1,0,1,0,1,0,1,0,0,1,1,0,0,1964-SVLEA
0,3,79.1,246.5,1,0.32089249492900607,4,0,0,0,1,0,0,1,0,0,1,0,1,0,0,0,0,0,0,0,0,0,0,1,0,1,0,0,0,0,4587-NUKOX
0,51,19.85,996.95,0,0.01991072771954461,1,0,0,0,1,0,0,0,1,1,0,1,0,1,0,1,0,1,0,1,0,1,0,1,0,0,0,0,0,1,7297-DVYGA
0,51,60.5,3145.15,0,0.01923596648808483,5,0,1,0,1,0,0,0,0,0,1,0,1,0,0,0,1,0,0,0,0,1,0,1,0,0,0,0,0,1,2239-CGBUZ
0,13,19.55,265.3,0,0.0736901620806634,1,0,1,1,1,0,0,0,1,1,0,1,0,1,0,1,0,1,0,1,0,0,1,0,0,0,1,1,0,0,0854-UYHZD
0,1,20.9,20.9,0,1.0,1,0,0,0,1,0,0,0,1,1,0,1,0,1,0,1,0,1,0,1,0,0,0,0,0,0,1,0,0,0,7243-LCGGZ
0,1,21.05,21.05,0,1.0,1,1,0,1,1,0,0,0,1,1,0,1,0,1,0,1,0,1,0,1,0,0,0,1,0,0,1,0,0,0,8267-KFGYD
0,63,71.5,4576.3,0,0.015623975700893734,7,1,0,0,1,0,1,0,0,0,1,0,1,0,1,0,1,0,0,0,0,1,0,0,0,1,0,0,0,1,4890-VMUAV
0,3,54.65,189.1,0,0.2890005288207298,3,1,0,0,1,0,0,0,0,0,0,0,0,0,0,0,0,0,0,0,1,0,0,0,0,0,1,0,0,0,9261-WDCAF
0,46,19.2,908.15,0,0.02114188184771238,1,1,0,0,1,0,0,0,1,1,0,1,0,1,0,1,0,1,0,1,0,0,1,0,1,0,0,0,1,0,3764-MNMOI
0,1,49.8,49.8,0,1.0,3,1,0,0,1,0,1,0,0,0,0,0,0,0,0,0,0,0,0,0,0,0,0,1,1,0,0,0,0,0,7442-YGZFK
0,8,25.5,215.2,1,0.11849442379182157,1,1,0,1,0,1,0,0,0,0,0,0,0,0,0,0,0,0,0,0,0,0,0,0,0,0,1,0,0,0,0420-BWTPW
0,71,20.5,1500.95,0,0.01365801658949332,1,0,1,1,1,0,0,0,1,1,0,1,0,1,0,1,0,1,0,1,0,0,1,0,0,0,0,0,0,1,8229-BUJHX
0,55,90.4,5099.15,0,0.01772844493690125,5,1,1,1,1,0,1,1,0,0,0,0,0,0,1,0,0,0,1,0,0,0,0,1,1,0,0,0,0,1,7449-HVPIV
0,70,90.25,6385.95,0,0.01413258794697735,6,0,0,0,1,0,1,1,0,0,0,0,1,0,1,0,1,0,0,0,0,1,0,1,0,0,0,0,0,1,5504-WSIUR
0,2,80.75,159.45,1,0.50642834744434,3,0,0,0,1,0,0,1,0,0,0,0,0,0,0,0,0,0,0,0,1,0,0,0,0,1,0,0,0,0,8183-ONMXC
0,67,104.6,6885.75,0,0.015190792578876665,7,1,1,1,1,0,1,1,0,0,1,0,0,0,0,0,1,0,1,0,1,0,1,0,0,0,0,0,0,1,8466-PZBLH
0,65,91.85,5940.85,1,0.015460750565996446,5,1,1,0,1,0,1,1,0,0,0,0,1,0,0,0,0,0,1,0,0,0,0,1,0,0,0,0,0,1,9614-RMGHA
0,14,50.2,668.85,0,0.0750541975031771,3,1,1,0,1,0,0,0,0,0,0,0,0,0,1,0,0,0,0,0,0,0,0,0,1,0,0,1,0,0,8735-IJJEG
0,20,95.5,1916.2,0,0.049838221480012525,6,0,1,1,1,0,1,1,0,0,0,0,0,0,1,0,1,0,0,0,1,0,0,1,0,0,0,1,0,0,0564-MUUQK
0,1,75.35,75.35,1,1.0,3,1,0,1,1,0,0,1,0,0,0,0,1,0,0,0,0,0,0,0,0,0,0,1,0,1,0,0,0,0,5054-IEXZT
0,1,75.45,75.45,1,1.0,3,1,0,0,1,0,1,1,0,0,0,0,0,0,0,0,0,0,0,0,0,0,0,1,0,1,0,0,0,0,5834-ASPWA
0,49,95.4,4613.95,0,0.02067642692270181,5,0,1,1,1,0,1,1,0,0,0,0,0,0,0,0,0,0,1,0,1,0,0,1,0,0,0,0,0,1,0701-RFGFI
0,72,101.3,7261.25,0,0.01395076605267688,7,0,0,0,1,0,1,1,0,0,1,0,1,0,1,0,0,0,1,0,0,0,1,1,0,0,0,0,0,1,0019-EFAEP
0,46,53.1,2459.8,0,0.021587120904138547,4,0,1,0,1,0,1,0,0,0,1,0,0,0,0,0,0,0,0,0,0,0,0,0,0,1,0,0,1,0,5619-PTMIK
0,24,84.85,2048.8,0,0.04141448652869972,5,1,0,0,1,0,1,1,0,0,0,0,1,0,1,0,0,0,0,0,0,0,0,1,0,0,0,1,0,0,3737-XBQDD
0,5,34.25,163.55,0,0.2094160807092632,3,0,1,1,0,1,0,0,0,0,0,0,1,0,0,0,1,0,0,0,0,0,0,0,0,1,0,0,0,0,5882-CMAZQ
0,33,88.6,2888.7,0,0.030671236196212828,6,0,1,1,1,0,1,1,0,0,0,0,1,0,1,0,1,0,0,0,0,0,0,0,1,0,0,0,1,0,5846-QFDFI
0,42,60.15,2421.6,0,0.024838949454905848,5,0,0,0,1,0,1,0,0,0,1,0,1,0,0,0,0,0,0,0,0,1,0,1,0,0,0,0,1,0,4445-KWOKW
0,23,99.95,2292.75,0,0.04359393741140552,6,1,0,0,1,0,0,1,0,0,1,0,0,0,1,0,0,0,1,0,1,1,0,1,1,0,0,1,0,0,3511-APPBJ
0,8,70.7,553.4,0,0.12775569208529095,2,1,0,0,1,0,0,1,0,0,0,0,0,0,0,0,0,0,0,0,0,0,0,0,0,0,0,0,0,0,7967-HYCDE
0,66,54.8,3465.7,0,0.015812101451366245,4,1,0,0,1,0,0,0,0,0,1,0,1,0,0,0,0,0,0,0,0,1,0,1,0,0,1,0,0,1,2430-RRYUW
0,24,49.55,1210.4,1,0.04093688037012557,3,1,0,0,1,0,0,0,0,0,1,0,0,0,0,0,0,0,0,0,0,0,0,1,0,0,0,1,0,0,3948-XHGNA
1,24,54.8,1291.3,0,0.042437853326105474,4,1,0,0,1,0,1,0,0,0,0,0,1,0,0,0,0,0,0,0,0,0,0,0,1,0,0,1,0,0,3723-BFBGR
0,69,78.6,5356.45,1,0.014673897824118586,8,1,0,0,1,0,1,0,0,0,1,0,1,0,1,0,1,0,0,0,1,1,0,1,1,0,0,0,0,1,0565-IYCGT
0,53,100.3,5200.8,0,0.019285494539301645,6,0,0,0,1,0,0,1,0,0,0,0,1,0,1,0,0,0,1,0,1,1,0,1,0,0,1,0,0,1,5447-WZAFP
0,60,53.6,3237.05,0,0.01655828609381999,5,0,0,0,0,1,0,0,0,0,1,0,0,0,1,0,0,0,1,0,1,0,1,0,0,1,0,0,0,1,5110-CHOPY
0,7,81.1,576.65,1,0.1406399028873667,3,0,1,0,1,0,0,1,0,0,0,0,0,0,0,0,0,0,1,0,0,0,0,1,0,1,0,0,0,0,5445-UTODQ
0,20,19.35,433.75,0,0.04461095100864554,1,0,0,0,1,0,0,0,1,1,0,1,0,1,0,1,0,1,0,1,0,1,0,1,1,0,0,1,0,0,4425-OWHWB
0,23,85.6,1868.4,0,0.04581460072789552,4,0,1,1,1,0,1,1,0,0,0,0,0,0,0,0,0,0,0,0,1,0,0,0,0,1,0,1,0,0,7892-QVYKW
0,72,80.8,5728.55,0,0.014104790915676742,7,1,1,1,1,0,0,0,0,0,1,0,0,0,1,0,1,0,1,0,1,0,1,1,0,1,0,0,0,1,9675-ICXCT
0,11,74.95,825.7,1,0.09077146663437083,3,1,1,0,1,0,1,1,0,0,0,0,0,0,0,0,0,0,0,0,0,0,0,1,0,1,0,0,0,0,1024-VRZHF
0,21,19.6,390.4,0,0.05020491803278689,1,1,0,0,1,0,0,0,1,1,0,1,0,1,0,1,0,1,0,1,0,0,1,0,0,0,1,1,0,0,4703-MQYKT
1,1,93.55,93.55,1,1.0,5,1,0,0,1,0,1,1,0,0,0,0,0,0,0,0,0,0,1,0,1,0,0,1,0,1,0,0,0,0,9497-QCMMS
1,31,90.7,2845.15,0,0.03187881131047572,5,1,0,0,1,0,1,1,0,0,0,0,1,0,0,0,0,0,1,0,0,0,0,1,0,1,0,0,1,0,5692-ICXLW
0,57,69.75,3894.4,0,0.01791033278553821,6,0,0,0,1,0,0,0,0,0,0,0,1,0,1,0,1,0,1,0,0,0,1,0,0,0,1,0,0,1,0602-DDUML
0,45,20.0,886.4,0,0.02256317689530686,1,0,1,1,1,0,0,0,1,1,0,1,0,1,0,1,0,1,0,1,0,0,1,1,0,0,0,0,1,0,2208-MPXIO
0,10,95.25,1021.55,0,0.0932406636973227,6,1,0,0,1,0,1,1,0,0,0,0,1,0,1,0,0,0,0,0,1,0,0,1,0,1,0,0,0,0,1960-UYCNN
0,58,102.1,5885.4,1,0.017348013728888435,7,0,1,0,1,0,1,1,0,0,0,0,0,0,1,0,1,0,1,0,1,0,0,1,1,0,0,0,0,1,0348-SDKOL
0,14,19.95,268.4,0,0.07432935916542474,1,1,0,1,1,0,0,0,1,1,0,1,0,1,0,1,0,1,0,1,0,0,0,0,0,0,1,1,0,0,3190-FZATL
0,27,80.85,2204.35,0,0.03667747862181595,7,1,1,0,1,0,1,0,0,0,1,0,0,0,0,0,1,0,1,0,1,1,0,0,0,0,1,0,1,0,7336-RLLRH
0,14,90.9,1259.0,1,0.07220015885623511,5,0,1,1,1,0,1,1,0,0,0,0,1,0,0,0,0,0,0,0,1,0,0,1,0,0,0,1,0,0,4373-MAVJG
0,12,29.2,309.1,1,0.09446780977030086,2,0,1,1,0,1,0,0,0,0,0,0,1,0,0,0,0,0,0,0,0,0,0,0,0,0,1,0,0,0,8901-HJXTF
0,69,93.3,6398.05,0,0.014582568126225959,6,0,1,1,1,0,1,1,0,0,0,0,1,0,0,0,1,0,0,0,1,0,1,1,0,0,0,0,0,1,7710-JSYOA
0,25,89.15,2257.75,1,0.039486214151256784,5,0,1,1,1,0,0,1,0,0,0,0,1,0,1,0,0,0,1,0,0,0,0,1,0,0,0,0,1,0,5419-KLXBN
1,58,108.85,6287.25,1,0.01731281561891129,8,1,1,0,1,0,1,1,0,0,1,0,1,0,1,0,0,0,1,0,1,1,0,1,0,1,0,0,0,1,3424-NMNBO
0,35,46.35,1662.05,0,0.027887247676062696,4,0,1,1,0,1,0,0,0,0,1,0,0,0,0,0,1,0,1,0,0,0,1,1,1,0,0,0,1,0,9885-MFVSU
1,16,84.75,1350.15,1,0.06277080324408399,4,0,0,0,1,0,1,1,0,0,0,0,0,0,0,0,0,0,1,0,0,0,0,1,0,1,0,1,0,0,4514-GFCFI
0,45,78.75,3600.65,0,0.021871051060225237,7,1,1,1,1,0,1,0,0,0,0,0,1,0,1,0,0,0,1,0,1,1,0,0,1,0,0,0,1,0,0607-MVMGC
0,17,83.55,1329.15,0,0.06285972237896399,4,0,0,0,1,0,0,1,0,0,0,0,1,0,0,0,0,0,1,0,0,0,0,1,0,1,0,1,0,0,3365-SAIGS
0,1,45.7,45.7,1,1.0,2,0,1,1,1,0,0,0,0,0,0,0,0,0,0,0,0,0,0,0,0,0,0,1,0,1,0,0,0,0,9828-AOQLM
0,22,19.6,422.5,0,0.0463905325443787,1,1,0,0,1,0,0,0,1,1,0,1,0,1,0,1,0,1,0,1,0,1,0,0,0,0,1,1,0,0,8022-BECSI
1,1,69.95,69.95,1,1.0,2,0,0,0,1,0,0,1,0,0,0,0,0,0,0,0,0,0,0,0,0,0,0,1,0,1,0,0,0,0,8000-REIQB
0,67,67.85,4627.65,0,0.014661869415362008,6,1,1,1,1,0,0,0,0,0,1,0,0,0,1,0,1,0,0,0,1,0,1,0,0,0,1,0,0,1,9993-LHIEB
0,67,105.65,6717.9,0,0.015726640765715477,7,0,1,1,1,0,1,1,0,0,0,0,0,0,1,0,1,0,1,0,1,0,1,1,0,0,0,0,0,1,0266-CLZKZ
0,2,44.6,97.1,1,0.45932028836251293,3,0,1,0,0,1,0,0,0,0,0,0,0,0,0,0,0,0,1,0,1,0,0,0,0,1,0,0,0,0,7615-ESMYF
0,23,74.95,1710.45,1,0.04381887807302172,3,1,0,0,1,0,1,1,0,0,0,0,0,0,0,0,0,0,0,0,0,0,0,1,0,1,0,1,0,0,3858-VOBET
1,9,75.5,637.4,0,0.11844995293379354,3,0,0,0,1,0,0,1,0,0,0,0,0,0,1,0,0,0,0,0,0,0,0,0,1,0,0,0,0,0,7020-OZKXZ
0,5,20.15,117.95,0,0.1708350996184824,1,0,0,0,1,0,0,0,1,1,0,1,0,1,0,1,0,1,0,1,0,0,0,0,0,0,1,0,0,0,3977-QCRSL
0,54,45.2,2460.55,0,0.018369876653593707,4,1,0,0,0,1,0,0,0,0,1,0,0,0,0,0,1,0,1,0,0,0,1,0,1,0,0,0,0,1,0017-DINOC
0,57,95.25,5464.65,1,0.017430210534983944,5,0,0,0,1,0,0,1,0,0,0,0,0,0,1,0,0,0,1,0,1,0,1,1,0,1,0,0,0,1,1447-PJGGA
0,24,89.85,2165.05,1,0.041500196300316386,5,1,0,0,1,0,1,1,0,0,0,0,0,0,1,0,0,0,1,0,0,0,0,1,0,0,1,1,0,0,8565-CLBZW
0,49,100.45,4941.8,1,0.020326601643125986,6,0,1,1,1,0,1,1,0,0,0,0,1,0,0,0,0,0,1,0,1,1,0,0,0,0,1,0,0,1,9139-WQQDY
0,5,47.15,223.15,1,0.21129285234147432,3,1,0,0,1,0,1,0,0,0,0,0,0,0,0,0,0,0,0,0,0,0,0,0,0,1,0,0,0,0,0224-HJAPT
0,2,80.2,181.1,1,0.44284925455549423,3,1,0,0,1,0,0,1,0,0,0,0,0,0,0,0,0,0,0,0,1,0,0,1,0,1,0,0,0,0,8086-OVPWV
0,4,87.1,341.45,1,0.2550885927661444,5,0,0,1,1,0,1,1,0,0,0,0,0,0,1,0,1,0,0,0,0,0,0,1,0,0,1,0,0,0,9430-FRQOC
0,70,79.25,5731.85,0,0.013826251559269694,8,1,1,1,1,0,1,0,0,0,1,0,1,0,1,0,1,0,1,0,0,0,1,1,0,0,0,0,0,1,7639-OPLNG
0,5,75.9,357.75,1,0.21215932914046123,3,1,0,0,1,0,1,1,0,0,0,0,0,0,0,0,0,0,0,0,0,0,0,1,0,0,0,0,0,0,3074-GQWYX
0,53,85.7,4616.1,0,0.018565455687701737,8,1,1,1,1,0,1,0,0,0,1,0,0,0,1,0,1,0,1,0,1,0,0,0,0,1,0,0,0,1,1492-QGCLU
0,47,98.75,4533.7,1,0.021781326510355782,7,0,1,0,1,0,1,1,0,0,1,0,1,0,1,0,0,0,1,0,0,0,0,1,0,1,0,0,1,0,6845-RGTYS
0,31,20.1,589.25,0,0.03411115825201528,1,0,0,1,1,0,0,0,1,1,0,1,0,1,0,1,0,1,0,1,0,1,0,0,1,0,0,0,1,0,7328-OWMOM
0,13,61.8,750.1,0,0.08238901479802692,5,1,1,1,1,0,0,0,0,0,0,0,1,0,1,0,1,0,0,0,0,0,0,0,0,0,0,1,0,0,4418-LZMSV
0,28,49.9,1410.25,0,0.03538379719907818,3,0,1,1,1,0,1,0,0,0,0,0,0,0,0,0,0,0,0,0,0,0,0,0,0,0,1,0,1,0,5155-AZQPB
0,10,86.45,830.85,1,0.10405006920623458,4,0,0,0,1,0,1,1,0,0,0,0,0,0,0,0,0,0,0,0,1,0,0,0,0,1,0,0,0,0,8861-HGGKB
0,38,20.4,743.5,0,0.027437794216543375,1,1,1,0,1,0,0,0,1,1,0,1,0,1,0,1,0,1,0,1,0,0,1,0,0,0,0,0,1,0,1087-GRUYI
0,1,45.3,45.3,1,1.0,2,0,0,0,1,0,0,0,0,0,0,0,0,0,0,0,0,0,0,0,0,0,0,1,0,0,1,0,0,0,7065-YUNRY
0,67,104.1,7040.85,1,0.014785146679733269,7,1,1,0,1,0,1,1,0,0,0,0,1,0,1,0,0,0,1,0,1,1,0,0,0,1,0,0,0,1,7694-VLBWQ
0,52,75.4,3865.45,0,0.019506137707123363,6,1,1,0,1,0,0,0,0,0,1,0,1,0,0,0,0,0,1,0,1,1,0,1,0,0,1,0,0,1,2546-KZAAT
0,62,108.15,6825.65,0,0.01584464483236029,8,1,1,1,1,0,0,1,0,0,1,0,1,0,1,0,1,0,1,0,1,0,1,0,0,0,1,0,0,1,0181-RITDD
0,16,86.25,1340.1,0,0.06436086859189613,4,0,0,0,1,0,0,1,0,0,0,0,1,0,0,0,0,0,0,0,1,0,0,1,0,1,0,1,0,0,5989-PGKJB
1,5,81.0,371.65,1,0.21794699313870577,4,0,1,0,1,0,1,1,0,0,0,0,1,0,0,0,0,0,0,0,0,0,0,1,0,1,0,0,0,0,4795-KTRTH
0,12,95.7,1184.0,0,0.0808277027027027,5,1,0,0,1,0,0,1,0,0,0,0,0,0,1,0,0,0,1,0,1,1,0,0,0,1,0,0,0,0,8272-ONJLV
0,72,116.85,8477.7,0,0.013783219505290349,9,0,1,1,1,0,1,1,0,0,1,0,1,0,1,0,1,0,1,0,1,0,1,1,0,0,0,0,0,1,1488-PBLJN
1,71,105.75,7382.85,0,0.014323736768321176,7,1,0,0,1,0,1,1,0,0,0,0,1,0,0,0,1,0,1,0,1,1,0,0,0,0,0,0,0,1,0308-GIQJT
0,24,20.15,456.85,0,0.044106380650103964,1,0,1,0,1,0,0,0,1,1,0,1,0,1,0,1,0,1,0,1,0,1,0,0,0,0,1,1,0,0,3778-FOAQW
0,15,19.6,331.6,0,0.05910735826296743,1,0,0,0,1,0,0,0,1,1,0,1,0,1,0,1,0,1,0,1,0,0,1,0,0,0,1,1,0,0,4452-ROHMO
0,67,90.6,6056.15,1,0.014959999339514378,5,1,1,0,1,0,0,1,0,0,1,0,1,0,0,0,0,0,0,0,1,1,0,1,1,0,0,0,0,1,6481-OGDOO
0,2,60.95,134.6,0,0.4528231797919763,5,1,0,1,1,0,1,0,0,0,1,0,1,0,0,0,0,0,0,0,0,0,0,0,0,0,0,0,0,0,3090-LETTY
0,5,25.05,125.5,0,0.199601593625498,1,0,1,1,0,1,0,0,0,0,0,0,0,0,0,0,0,0,0,0,0,0,0,0,0,0,1,0,0,0,5349-AZPEW
0,15,88.15,1390.6,1,0.0633899036387171,4,0,1,0,1,0,0,1,0,0,0,0,0,0,0,0,0,0,1,0,1,0,0,0,0,1,0,1,0,0,3753-TSEMP
0,1,20.2,20.2,1,1.0,1,1,0,0,1,0,0,0,1,1,0,1,0,1,0,1,0,1,0,1,0,0,0,1,0,0,1,0,0,0,8305-VHZBZ
0,41,60.3,2511.3,0,0.024011468163899173,5,1,1,1,1,0,0,0,0,0,1,0,1,0,1,0,0,0,0,0,0,1,0,1,0,0,0,0,1,0,9720-JJJOR
0,43,63.95,2737.05,0,0.02336457134506129,5,0,0,1,1,0,0,0,0,0,1,0,1,0,0,0,0,0,0,0,1,0,0,1,0,1,0,0,1,0,8100-HZZLJ
1,1,74.3,74.3,0,1.0,3,1,1,0,1,0,1,1,0,0,0,0,0,0,0,0,0,0,0,0,0,0,0,0,0,1,0,0,0,0,8775-ERLNB
1,1,70.6,70.6,0,1.0,2,0,0,0,1,0,0,1,0,0,0,0,0,0,0,0,0,0,0,0,0,0,0,1,0,0,1,0,0,0,8309-IEYJD
0,26,90.8,2361.8,1,0.038445253620120245,4,0,1,1,1,0,0,1,0,0,0,0,0,0,0,0,0,0,1,0,1,0,0,1,0,1,0,0,1,0,9172-JITSM
0,22,79.35,1730.35,1,0.045857774438697374,4,1,0,0,1,0,1,1,0,0,0,0,1,0,0,0,0,0,0,0,0,0,0,1,0,1,0,1,0,0,6298-QDFNH
0,71,90.55,6404.0,0,0.014139600249843847,9,1,1,0,1,0,1,0,0,0,1,0,1,0,1,0,1,0,1,0,1,0,1,0,0,0,0,0,0,1,7398-HPYZQ
0,7,19.45,165.35,0,0.11762927124281826,1,1,0,0,1,0,0,0,1,1,0,1,0,1,0,1,0,1,0,1,0,0,1,0,0,0,1,0,0,0,3546-GHEAE
1,28,64.45,1867.6,0,0.03450953094881131,6,0,0,0,1,0,1,0,0,0,0,0,1,0,1,0,1,0,0,0,0,0,0,0,0,0,0,0,1,0,7361-YPXFS
1,16,69.65,1043.3,0,0.06675932138406979,2,1,0,0,1,0,0,1,0,0,0,0,0,0,0,0,0,0,0,0,0,0,0,0,0,1,0,1,0,0,6557-BZXLQ
0,7,19.5,128.6,0,0.1516329704510109,1,1,0,0,1,0,0,0,1,1,0,1,0,1,0,1,0,1,0,1,0,1,0,0,0,0,1,0,0,0,2550-QHZGP
0,69,110.5,7455.45,0,0.014821372284704478,8,0,0,0,1,0,1,1,0,0,0,0,1,0,1,0,1,0,1,0,1,0,1,1,0,0,0,0,0,1,7519-JTWQH
0,1,24.7,24.7,0,1.0,1,0,0,1,0,1,0,0,0,0,0,0,0,0,0,0,0,0,0,0,0,0,0,0,0,0,1,0,0,0,2538-OIMXF
0,3,77.4,206.15,0,0.3754547659471259,6,1,0,0,1,0,0,0,0,0,1,0,0,0,1,0,0,0,1,0,1,0,0,1,0,1,0,0,0,0,8543-MSDMF
1,21,96.8,2030.3,1,0.04767768310101955,5,1,0,0,1,0,0,1,0,0,0,0,0,0,1,0,0,0,1,0,1,0,0,1,0,0,0,1,0,0,9961-JBNMK
0,69,85.4,5869.4,0,0.014550039186288208,5,0,1,0,1,0,1,1,0,0,0,0,1,0,1,0,0,0,0,0,0,0,0,1,0,0,0,0,0,1,1170-SASML
0,71,47.6,3377.8,0,0.014092012552548995,5,0,1,0,0,1,0,0,0,0,1,0,1,0,1,0,1,0,0,0,0,0,1,1,0,0,0,0,0,1,4872-JCVCA
0,69,19.4,1346.2,0,0.014410934482246321,1,0,1,1,1,0,0,0,1,1,0,1,0,1,0,1,0,1,0,1,0,0,1,0,0,0,1,0,0,1,5346-BZCHP
0,48,103.85,4946.05,0,0.020996552804763396,7,0,0,0,1,0,1,1,0,0,0,0,0,0,1,0,1,0,1,0,1,0,0,1,0,1,0,0,1,0,2038-LLMLM
0,47,83.35,4065.0,1,0.020504305043050428,5,1,1,0,1,0,1,1,0,0,0,0,1,0,1,0,0,0,0,0,0,0,0,1,0,0,0,0,1,0,6173-ITPWD
0,2,49.4,106.55,1,0.4636320976067574,3,0,0,0,1,0,1,0,0,0,0,0,0,0,0,0,0,0,0,0,0,0,0,1,0,1,0,0,0,0,9734-UYXQI
0,45,108.45,4964.7,0,0.02184422019457369,8,1,0,0,1,0,1,1,0,0,1,0,0,0,1,0,1,0,1,0,1,0,0,1,1,0,0,0,1,0,1216-BGTSP
0,51,81.0,4085.75,0,0.01982500152970691,4,1,0,0,1,0,1,1,0,0,0,0,1,0,0,0,0,0,0,0,0,0,0,0,0,0,0,0,0,1,4138-NAXED
0,22,79.2,1742.75,1,0.0454454167264381,7,0,1,0,1,0,1,0,0,0,1,0,0,0,0,0,1,0,1,0,1,0,0,1,0,1,0,1,0,0,2189-UXTKY
0,72,86.65,6224.8,0,0.013920125947821617,9,1,0,0,1,0,1,0,0,0,1,0,1,0,1,0,1,0,1,0,1,0,1,0,0,0,0,0,0,1,0744-BIKKF
0,37,92.95,3415.25,0,0.02721616279920943,6,1,1,1,1,0,1,1,0,0,0,0,1,0,1,0,0,0,1,0,0,0,0,1,0,1,0,0,1,0,7483-IQWIB
0,71,90.35,6325.25,0,0.014284020394450812,9,1,1,1,1,0,1,0,0,0,1,0,1,0,1,0,1,0,1,0,1,0,1,0,0,1,0,0,0,1,5248-KWLAR
0,7,48.7,340.25,1,0.14313005143277002,3,1,1,1,1,0,0,0,0,0,0,0,0,0,1,0,0,0,0,0,0,0,0,0,0,1,0,0,0,0,4958-GZWIY
0,66,25.15,1683.6,0,0.014938227607507721,2,0,0,0,1,0,1,0,1,1,0,1,0,1,0,1,0,1,0,1,0,0,1,1,1,0,0,0,0,1,7996-MHXLW
0,51,76.4,3966.3,0,0.019262284749010414,6,1,1,1,1,0,0,0,0,0,1,0,0,0,0,0,1,0,1,0,1,1,0,1,0,0,0,0,0,1,7833-PKIHD
0,30,19.55,608.5,0,0.032128184059161874,1,0,1,1,1,0,0,0,1,1,0,1,0,1,0,1,0,1,0,1,0,1,0,0,0,0,0,0,1,0,7061-OVMIM
0,34,85.35,2896.6,0,0.029465580335565834,4,0,0,0,1,0,1,1,0,0,0,0,0,0,0,0,0,0,1,0,0,0,0,0,0,1,0,0,1,0,5153-RTHKF
0,64,24.8,1514.85,0,0.016371257880318183,2,1,1,1,1,0,1,0,1,1,0,1,0,1,0,1,0,1,0,1,0,0,1,1,0,0,1,0,0,1,1852-QSWCD
1,65,103.15,6792.45,0,0.015185978549713286,7,1,1,0,1,0,1,1,0,0,0,0,1,0,1,0,0,0,1,0,1,1,0,1,0,0,0,0,0,1,4832-VRBMR
0,47,100.75,4669.2,0,0.021577572175104944,7,1,0,0,1,0,1,1,0,0,1,0,1,0,0,0,1,0,1,0,0,0,0,0,0,0,1,0,1,0,9079-LWTFD
0,1,95.6,95.6,1,1.0,5,0,0,0,1,0,0,1,0,0,1,0,0,0,0,0,0,0,1,0,1,0,0,1,0,1,0,0,0,0,6356-ELRKD
0,49,59.75,2934.3,1,0.020362607776982584,5,0,0,0,1,0,1,0,0,0,1,0,1,0,0,0,0,0,0,0,0,0,0,1,1,0,0,0,0,1,8624-GIOUT
0,67,94.1,6302.8,0,0.01492987243764676,6,0,1,1,1,0,1,1,0,0,0,0,1,0,0,0,1,0,1,0,0,0,1,0,1,0,0,0,0,1,3392-EHMNK
0,39,19.35,779.2,0,0.02483316221765914,1,1,0,1,1,0,0,0,1,1,0,1,0,1,0,1,0,1,0,1,0,1,0,0,0,0,0,0,1,0,5986-WWXDV
0,14,19.9,283.75,0,0.07013215859030837,1,1,0,0,1,0,0,0,1,1,0,1,0,1,0,1,0,1,0,1,0,0,0,0,0,0,1,1,0,0,3061-BCKYI
1,43,108.15,4600.7,1,0.023507292368552615,7,0,0,0,1,0,0,1,0,0,1,0,1,0,0,0,1,0,1,0,1,0,0,1,1,0,0,0,1,0,6179-GJPSO
1,56,101.05,5594.0,0,0.018063997139792634,6,1,0,0,1,0,1,1,0,0,0,0,0,0,1,0,0,0,1,0,1,0,0,1,0,1,0,0,0,1,7901-TBKJX
0,14,59.1,772.85,0,0.07647020767289901,4,0,0,0,1,0,0,0,0,0,0,0,0,0,0,0,1,0,0,0,1,1,0,0,1,0,0,1,0,0,7228-PAQPD
0,1,71.35,71.35,1,1.0,2,0,0,0,1,0,0,1,0,0,0,0,0,0,0,0,0,0,0,0,0,0,0,0,0,1,0,0,0,0,3177-LASXD
0,16,55.85,857.8,0,0.0651084168803917,4,1,1,1,1,0,0,0,0,0,1,0,1,0,0,0,0,0,0,0,0,1,0,1,0,0,1,1,0,0,7746-QYVCO
0,70,106.05,7554.05,0,0.014038826854468793,7,1,1,1,1,0,1,1,0,0,1,0,1,0,0,0,0,0,1,0,1,0,0,1,0,1,0,0,0,1,5804-HYIEZ
1,72,84.1,5981.65,0,0.01405966581127281,8,1,1,0,1,0,1,0,0,0,1,0,1,0,1,0,0,0,1,0,1,0,1,1,1,0,0,0,0,1,9919-FZDED
0,23,75.3,1702.9,0,0.044218685771331256,3,0,1,1,1,0,0,1,0,0,0,0,0,0,1,0,0,0,0,0,0,0,0,1,1,0,0,1,0,0,5934-TSSAU
0,21,24.7,467.15,0,0.05287380926897142,2,1,0,1,1,0,1,0,1,1,0,1,0,1,0,1,0,1,0,1,0,0,0,0,0,0,1,1,0,0,3486-KHMLI
0,1,20.15,20.15,1,1.0,1,0,0,0,1,0,0,0,1,1,0,1,0,1,0,1,0,1,0,1,0,0,0,1,0,0,1,0,0,0,4897-QSUYC
0,1,69.75,69.75,1,1.0,2,1,0,1,1,0,0,1,0,0,0,0,0,0,0,0,0,0,0,0,0,0,0,0,0,0,0,0,0,0,1084-UQCHV
1,32,93.2,2931.0,1,0.03179802115319004,5,0,1,0,1,0,1,1,0,0,0,0,0,0,0,0,0,0,1,0,1,0,0,1,0,1,0,0,1,0,8290-YWKHZ
0,17,80.85,1400.85,1,0.05771495877502945,3,1,1,1,1,0,0,1,0,0,0,0,0,0,0,0,0,0,1,0,0,0,0,0,0,1,0,1,0,0,2955-BJZHG
0,4,33.65,137.85,1,0.24410591222343125,3,0,0,0,0,1,0,0,0,0,1,0,1,0,0,0,0,0,0,0,0,0,0,1,0,1,0,0,0,0,3806-DXQOM
0,36,55.8,1941.5,0,0.028740664434715426,4,0,0,0,1,0,1,0,0,0,0,0,0,0,1,0,0,0,0,0,0,1,0,0,0,1,0,0,1,0,6784-XYJAE
0,50,39.7,1932.75,0,0.02054068037770017,4,0,0,0,0,1,0,0,0,0,0,0,1,0,1,0,1,0,0,0,0,0,1,0,1,0,0,0,0,1,3933-DQPWX
0,48,29.5,1423.05,0,0.020730121921225537,2,0,1,1,0,1,0,0,0,0,0,0,0,0,0,0,1,0,0,0,0,0,0,1,1,0,0,0,1,0,6661-EIPZC
0,50,20.15,970.85,0,0.020755008497708193,1,0,0,1,1,0,0,0,1,1,0,1,0,1,0,1,0,1,0,1,0,0,1,0,1,0,0,0,0,1,8957-THMOA
0,72,79.55,5810.9,0,0.013689789877643738,8,1,1,0,1,0,1,0,0,0,1,0,1,0,1,0,1,0,0,0,1,0,1,0,1,0,0,0,0,1,2251-PYLPB
0,10,24.8,223.9,0,0.11076373380973649,2,1,0,1,1,0,1,0,1,1,0,1,0,1,0,1,0,1,0,1,0,0,0,0,1,0,0,0,0,0,5555-RNPGT
0,18,19.65,391.7,0,0.05016594332397242,1,0,0,0,1,0,0,0,1,1,0,1,0,1,0,1,0,1,0,1,0,0,0,0,0,0,1,1,0,0,1057-FOGLZ
0,1,79.95,79.95,1,1.0,3,1,0,0,1,0,0,1,0,0,0,0,0,0,0,0,0,0,1,0,0,0,0,1,0,1,0,0,0,0,9300-RENDD
0,1,19.3,19.3,1,1.0,1,0,0,0,1,0,0,0,1,1,0,1,0,1,0,1,0,1,0,1,0,0,0,0,0,1,0,0,0,0,0761-AETCS
0,9,94.05,811.65,0,0.11587506930327111,5,1,0,0,1,0,0,1,0,0,0,0,0,0,1,0,0,0,1,0,1,0,0,1,0,1,0,0,0,0,8087-LGYHQ
0,2,90.75,174.75,0,0.51931330472103,5,1,0,0,1,0,1,1,0,0,1,0,0,0,0,0,0,0,0,0,1,0,0,0,0,0,1,0,0,0,4137-BTIKL
0,40,78.85,3126.85,0,0.025217071493675743,4,0,1,0,1,0,1,1,0,0,0,0,0,0,0,0,1,0,0,0,0,0,0,1,1,0,0,0,1,0,2190-BCXEC
0,69,99.5,6841.45,0,0.014543700531320116,6,1,1,0,1,0,1,1,0,0,0,0,0,0,1,0,0,0,1,0,1,1,0,0,0,0,0,0,0,1,6227-FBDXH
0,37,99.2,3754.6,1,0.02642092366696852,7,0,1,0,1,0,1,1,0,0,1,0,0,0,1,0,1,0,0,0,1,1,0,1,0,1,0,0,1,0,2153-MREFK
0,18,80.55,1406.65,0,0.05726371165535136,4,1,0,1,1,0,1,1,0,0,0,0,0,0,1,0,0,0,0,0,0,0,0,1,1,0,0,1,0,0,2911-WDXMV
1,11,70.2,834.7,0,0.08410207260093447,2,1,1,0,1,0,0,1,0,0,0,0,0,0,0,0,0,0,0,0,0,0,0,1,0,1,0,0,0,0,7206-PQBBZ
0,8,85.2,627.4,1,0.1357985336308575,4,0,1,0,1,0,1,1,0,0,0,0,0,0,0,0,0,0,0,0,1,0,0,1,1,0,0,0,0,0,3106-ULWFW
0,3,75.25,242.0,1,0.3109504132231405,3,0,0,0,1,0,1,1,0,0,0,0,0,0,0,0,0,0,0,0,0,0,0,0,0,1,0,0,0,0,0925-VYDLG
0,55,59.45,3157.0,0,0.01883116883116883,4,1,1,1,1,0,0,0,0,0,1,0,0,0,0,0,0,0,0,0,1,1,0,0,1,0,0,0,0,1,4547-FZJWE
0,33,93.35,3092.0,0,0.030190815006468304,6,1,1,0,1,0,1,1,0,0,0,0,1,0,1,0,0,0,0,0,1,0,0,1,0,1,0,0,1,0,7422-WNBTY
0,46,44.95,2168.9,0,0.020724791368896676,2,0,0,0,1,0,0,0,0,0,0,0,0,0,0,0,0,0,0,0,0,0,0,0,0,0,0,0,1,0,0842-IWYCP
0,34,26.1,980.35,0,0.026623144795226195,2,1,0,0,1,0,1,0,1,1,0,1,0,1,0,1,0,1,0,1,0,0,1,0,0,0,0,0,1,0,3521-HTQTV
0,3,20.2,65.95,0,0.3062926459438969,1,0,0,0,1,0,0,0,1,1,0,1,0,1,0,1,0,1,0,1,0,0,0,0,0,1,0,0,0,0,3744-ZBHON
0,30,21.25,711.9,0,0.029849697991290912,1,1,1,1,1,0,0,0,1,1,0,1,0,1,0,1,0,1,0,1,0,0,1,0,0,0,1,0,1,0,3373-DIUUN
0,33,59.4,1952.8,0,0.03041786153215895,5,0,0,0,1,0,1,0,0,0,1,0,0,0,0,0,1,0,0,0,0,1,0,0,0,1,0,0,1,0,8383-SGHJU
0,45,95.0,4368.85,0,0.021744852764457465,6,1,1,1,1,0,1,1,0,0,0,0,1,0,1,0,0,0,0,0,1,1,0,1,1,0,0,0,1,0,7607-QKKTJ
0,40,61.9,2647.1,0,0.023384080692078122,5,1,0,0,1,0,0,0,0,0,1,0,1,0,0,0,1,0,0,0,0,0,0,1,0,0,1,0,1,0,7707-PYBBH
0,71,118.65,8477.6,0,0.013995706331980749,9,0,0,0,1,0,1,1,0,0,1,0,1,0,1,0,1,0,1,0,1,0,1,1,0,1,0,0,0,1,8984-HPEMB
0,1,54.35,54.35,1,1.0,4,1,0,0,1,0,1,0,0,0,0,0,0,0,1,0,0,0,0,0,0,0,0,0,0,1,0,0,0,0,4349-GFQHK
0,72,64.45,4528.0,0,0.014233657243816256,7,0,1,1,0,1,0,0,0,0,1,0,1,0,1,0,1,0,1,0,1,0,1,0,0,0,0,0,0,1,4139-DETXS
0,22,80.15,1790.65,0,0.04476028257895178,3,0,1,1,1,0,0,1,0,0,0,0,0,0,0,0,0,0,0,0,1,0,0,1,0,1,0,1,0,0,9779-DPNEJ
0,46,20.2,845.6,0,0.0238883632923368,1,1,1,1,1,0,0,0,1,1,0,1,0,1,0,1,0,1,0,1,0,1,0,1,0,0,0,0,1,0,9805-FILKB
0,55,21.0,1210.3,0,0.01735106998264893,1,0,1,1,1,0,0,0,1,1,0,1,0,1,0,1,0,1,0,1,0,0,1,0,0,0,1,0,0,1,5793-YOLJN
0,1,20.45,20.45,0,1.0,1,1,0,0,1,0,0,0,1,1,0,1,0,1,0,1,0,1,0,1,0,0,0,0,0,0,1,0,0,0,0673-IGUQO
0,12,75.85,854.45,0,0.08877055415764526,6,0,0,0,1,0,1,0,0,0,0,0,0,0,0,0,1,0,1,0,1,1,0,1,0,0,1,0,0,0,4123-FCVCB
0,31,80.45,2429.1,0,0.03311926227821004,4,1,0,0,1,0,1,1,0,0,0,0,1,0,0,0,0,0,0,0,0,0,0,1,0,1,0,0,1,0,8819-IMISP
0,5,24.95,100.4,1,0.2485059760956175,1,1,1,0,0,1,0,0,0,0,0,0,0,0,0,0,0,0,0,0,0,0,0,1,0,1,0,0,0,0,7802-EFKNY
0,67,75.5,5229.45,0,0.0144374647429462,6,0,1,1,1,0,1,0,0,0,1,0,0,0,0,0,0,0,1,0,1,0,1,1,0,1,0,0,0,1,8311-UEUAB
0,1,44.45,44.45,0,1.0,2,1,0,0,1,0,0,0,0,0,0,0,0,0,0,0,0,0,0,0,0,0,0,0,0,0,1,0,0,0,5858-EAFCZ
0,40,42.35,1716.45,1,0.024673016982725976,4,1,1,0,0,1,0,0,0,0,1,0,1,0,1,0,0,0,0,0,0,1,0,1,0,1,0,0,1,0,8035-BUYVG
0,41,74.55,3023.55,0,0.024656446891898595,7,1,1,1,1,0,1,0,0,0,1,0,1,0,1,0,0,0,1,0,0,0,0,1,1,0,0,0,1,0,1163-ONYEY
0,1,75.3,75.3,1,1.0,3,1,0,0,1,0,1,1,0,0,0,0,0,0,0,0,0,0,0,0,0,0,0,1,0,1,0,0,0,0,9787-XVQIU
0,51,94.8,4837.6,1,0.01959649412932032,6,1,0,0,1,0,1,1,0,0,1,0,1,0,0,0,0,0,1,0,0,1,0,1,0,1,0,0,0,1,8945-MUQUF
0,42,48.15,2032.3,0,0.023692368252718594,5,1,1,1,0,1,0,0,0,0,1,0,0,0,1,0,1,0,1,0,0,0,1,0,1,0,0,0,1,0,5656-MJEFC
0,23,19.65,436.9,0,0.0449759670405127,1,1,1,1,1,0,0,0,1,1,0,1,0,1,0,1,0,1,0,1,0,1,0,0,0,0,1,1,0,0,6082-OQFBA
1,1,70.55,70.55,1,1.0,2,0,0,0,1,0,0,1,0,0,0,0,0,0,0,0,0,0,0,0,0,0,0,1,0,1,0,0,0,0,8051-HJRLT
0,1,20.15,20.15,0,1.0,1,0,0,0,1,0,0,0,1,1,0,1,0,1,0,1,0,1,0,1,0,0,0,0,0,0,1,0,0,0,8974-OVACP
0,56,106.6,5893.95,0,0.018086342775218655,7,0,0,0,1,0,1,1,0,0,1,0,1,0,0,0,0,0,1,0,1,0,0,1,1,0,0,0,0,1,4010-YLMVT
0,15,91.0,1430.05,0,0.0636341386664802,5,1,0,1,1,0,1,1,0,0,0,0,1,0,0,0,0,0,1,0,0,0,0,1,0,1,0,1,0,0,1379-FRVEB
0,12,25.4,313.0,0,0.08115015974440894,2,1,1,1,1,0,1,0,1,1,0,1,0,1,0,1,0,1,0,1,0,0,1,1,0,0,0,0,0,0,8612-GXIDD
0,54,69.95,3871.85,0,0.018066299056006818,6,0,1,1,1,0,0,0,0,0,1,0,0,0,1,0,1,0,0,0,1,0,1,0,0,0,0,0,0,1,6288-CHQJB
0,7,66.85,458.1,0,0.14592883649858107,4,0,0,0,1,0,0,0,0,0,0,0,0,0,0,0,0,0,1,0,1,0,0,1,0,1,0,0,0,0,8160-HOWOX
0,33,86.15,2745.7,1,0.0313763339039225,4,0,1,1,1,0,1,1,0,0,0,0,0,0,0,0,0,0,0,0,1,0,0,0,1,0,0,0,1,0,3023-GFLBR
0,16,20.15,341.35,0,0.059030320785117905,1,1,1,1,1,0,0,0,1,1,0,1,0,1,0,1,0,1,0,1,0,0,0,0,0,1,0,1,0,0,6648-INWPS
0,21,64.85,1336.8,0,0.048511370436864154,5,0,0,1,1,0,0,0,0,0,1,0,0,0,1,0,0,0,0,0,1,1,0,0,0,0,1,1,0,0,4223-BKEOR
1,30,74.85,2181.75,0,0.03430732210381574,6,1,1,0,1,0,1,0,0,0,0,0,0,0,1,0,0,0,1,0,1,0,1,0,0,1,0,0,1,0,4079-VTGLK
0,3,50.5,147.75,0,0.34179357021996615,3,1,0,0,1,0,0,0,0,0,0,0,0,0,0,0,1,0,0,0,0,0,0,1,0,0,1,0,0,0,1763-WQFUK
0,11,72.9,818.45,0,0.08907080456961329,3,1,0,0,1,0,0,1,0,0,0,0,0,0,1,0,0,0,0,0,0,0,0,0,0,1,0,0,0,0,1391-UBDAR
0,62,115.05,7133.45,0,0.01612824089325642,9,0,0,0,1,0,1,1,0,0,1,0,1,0,1,0,1,0,1,0,1,1,0,1,1,0,0,0,0,1,8894-JVDCV
0,18,19.0,348.8,0,0.05447247706422018,1,1,0,0,1,0,0,0,1,1,0,1,0,1,0,1,0,1,0,1,0,0,0,0,0,1,0,1,0,0,2023-VQFDL
0,6,19.55,128.6,0,0.15202177293934682,1,1,0,1,1,0,0,0,1,1,0,1,0,1,0,1,0,1,0,1,0,0,0,0,0,0,1,0,0,0,1345-GKDZZ
0,46,101.1,4674.4,0,0.021628444292315592,6,0,0,0,1,0,1,1,0,0,0,0,0,0,1,0,0,0,1,0,1,1,0,1,0,1,0,0,1,0,2014-MKGMH
0,21,84.1,1737.45,0,0.04840427062649284,4,1,0,0,1,0,1,1,0,0,0,0,0,0,0,0,0,0,0,0,1,0,0,1,0,1,0,1,0,0,5628-FCGYG
0,68,24.15,1498.85,0,0.01611235280381626,2,1,0,0,1,0,1,0,1,1,0,1,0,1,0,1,0,1,0,1,0,0,1,1,0,0,0,0,0,1,2560-WBWXF
0,1,50.1,50.1,0,1.0,3,0,0,0,1,0,1,0,0,0,0,0,0,0,0,0,0,0,0,0,0,0,0,1,0,1,0,0,0,0,0248-IPDFW
0,25,74.6,1797.75,0,0.04149631483799193,3,0,1,0,1,0,0,1,0,0,0,0,0,0,1,0,0,0,0,0,0,0,0,1,0,1,0,0,1,0,7978-DKUQH
0,24,19.75,498.1,0,0.039650672555711704,1,0,0,1,1,0,0,0,1,1,0,1,0,1,0,1,0,1,0,1,0,0,1,0,0,0,1,1,0,0,4335-UPJSI
0,30,85.0,2624.25,1,0.03239020672573116,4,0,1,0,1,0,1,1,0,0,0,0,0,0,0,0,0,0,0,0,1,0,0,1,0,1,0,0,1,0,0524-IAVZO
0,2,80.55,184.1,1,0.43753394894079306,3,0,0,0,1,0,0,1,0,0,0,0,0,0,0,0,0,0,0,0,1,0,0,0,0,1,0,0,0,0,2737-YNGYW
0,51,106.8,5498.8,0,0.019422419436968066,7,1,1,0,1,0,1,1,0,0,0,0,1,0,1,0,0,0,1,0,1,1,0,1,0,0,0,0,0,1,1784-EZDKJ
0,57,84.5,4845.4,0,0.01743922070417303,8,0,1,1,1,0,1,0,0,0,1,0,0,0,1,0,1,0,1,0,1,0,1,1,0,1,0,0,0,1,9297-FVVDH
0,15,25.05,369.1,0,0.06786778650772149,2,0,0,0,1,0,1,0,1,1,0,1,0,1,0,1,0,1,0,1,0,0,1,0,0,0,0,1,0,0,8007-YYPWD
0,72,83.7,6096.9,0,0.013728288146435074,8,0,1,1,1,0,0,0,0,0,1,0,1,0,1,0,1,0,1,0,1,0,1,1,0,0,0,0,0,1,7101-HRBLJ
0,2,75.8,160.75,1,0.47153965785381025,3,0,0,0,1,0,0,1,0,0,0,0,0,0,1,0,0,0,0,0,0,0,0,1,0,1,0,0,0,0,5159-YFPKQ
0,28,96.6,2684.35,0,0.03598636541434612,6,1,1,0,1,0,1,1,0,0,0,0,1,0,1,0,0,0,1,0,0,0,0,0,1,0,0,0,1,0,6635-CPNUN
1,29,98.5,3004.15,1,0.032787976632325286,6,1,1,0,1,0,1,1,0,0,0,0,0,0,1,0,0,0,1,0,1,0,0,1,0,1,0,0,1,0,4021-RQSNY
0,70,101.1,6994.8,0,0.01445359409847315,7,1,1,1,1,0,0,1,0,0,1,0,1,0,1,0,1,0,1,0,0,0,1,1,1,0,0,0,0,1,5453-YBTWV
0,13,20.2,273.25,0,0.07392497712717291,1,0,0,0,1,0,0,0,1,1,0,1,0,1,0,1,0,1,0,1,0,1,0,0,0,0,1,1,0,0,5039-LZRQT
1,59,94.05,5483.9,0,0.017150203322453,7,0,1,0,1,0,1,1,0,0,1,0,1,0,1,0,1,0,0,0,0,1,0,1,0,1,0,0,0,1,2931-VUVJN
1,13,95.25,1233.65,1,0.07720990556478742,5,1,1,0,1,0,1,1,0,0,0,0,0,0,0,0,0,0,1,0,1,0,0,1,0,1,0,1,0,0,9061-TIHDA
1,7,74.4,527.9,1,0.14093578329229023,3,1,1,0,1,0,1,1,0,0,0,0,0,0,0,0,0,0,0,0,0,0,0,1,0,0,1,0,0,0,8699-ASUFO
0,62,81.0,4985.9,0,0.01624581319320484,7,0,1,0,1,0,0,0,0,0,1,0,0,0,1,0,1,0,1,0,1,0,1,0,0,0,1,0,0,1,6418-PIQSP
0,21,60.25,1258.35,0,0.04788016052767513,5,0,0,0,1,0,0,0,0,0,1,0,0,0,1,0,1,0,0,0,0,1,0,1,0,1,0,1,0,0,8220-OCUFY
0,2,60.85,111.4,0,0.546229802513465,4,0,0,0,1,0,0,0,0,0,0,0,0,0,1,0,0,0,0,0,1,0,0,0,0,1,0,0,0,0,3995-WFCSM
0,1,43.95,43.95,0,1.0,2,0,0,0,1,0,0,0,0,0,0,0,0,0,0,0,0,0,0,0,0,0,0,0,1,0,0,0,0,0,1895-QTKDO
0,4,86.05,308.1,0,0.2792924375202856,4,1,0,0,1,0,0,1,0,0,0,0,0,0,1,0,0,0,0,0,1,0,0,0,0,1,0,0,0,0,2038-OEQZH
0,19,20.25,383.65,0,0.05278248403492767,1,0,0,0,1,0,0,0,1,1,0,1,0,1,0,1,0,1,0,1,0,1,0,0,1,0,0,1,0,0,1178-PZGAB
0,30,85.15,2555.9,1,0.033315074924684066,4,0,0,0,1,0,0,1,0,0,0,0,0,0,0,0,1,0,1,0,0,0,0,0,0,1,0,0,1,0,7927-AUXBZ
0,67,19.4,1284.2,0,0.015106681202304935,1,1,1,1,1,0,0,0,1,1,0,1,0,1,0,1,0,1,0,1,0,0,1,1,1,0,0,0,0,1,2626-VEEWG
1,72,102.65,7550.3,0,0.01359548627206866,7,1,1,0,1,0,1,1,0,0,1,0,1,0,1,0,0,0,0,0,1,0,1,1,1,0,0,0,0,1,2878-RMWXY
0,53,19.9,1110.05,0,0.017927120399981983,1,1,1,0,1,0,0,0,1,1,0,1,0,1,0,1,0,1,0,1,0,0,1,0,1,0,0,0,0,1,1657-DYMBM
0,5,19.55,99.6,0,0.19628514056224902,1,0,0,0,1,0,0,0,1,1,0,1,0,1,0,1,0,1,0,1,0,1,0,0,0,1,0,0,0,0,7311-MQJCH
1,71,95.5,6707.15,0,0.01423853648718159,6,1,1,0,1,0,0,1,0,0,0,0,1,0,1,0,1,0,0,0,1,0,1,1,1,0,0,0,0,1,7375-WMVMT
0,50,84.15,4164.4,0,0.020206992603976567,8,0,1,1,1,0,1,0,0,0,0,0,1,0,1,0,1,0,1,0,1,1,0,1,1,0,0,0,0,1,1136-XGEQU
0,56,103.2,5873.75,0,0.017569695679931902,7,1,1,1,1,0,1,1,0,0,0,0,0,0,1,0,1,0,1,0,1,0,1,1,0,1,0,0,0,1,2530-FMFXO
0,2,50.2,109.25,0,0.4594965675057209,3,1,0,0,1,0,0,0,0,0,0,0,0,0,0,0,1,0,0,0,0,0,0,1,1,0,0,0,0,0,6844-DZKRF
1,2,88.55,179.25,1,0.4940027894002789,5,0,0,0,1,0,1,1,0,0,0,0,0,0,1,0,0,0,0,0,1,0,0,1,0,1,0,0,0,0,4695-WJZUE
0,24,54.75,1338.15,1,0.0409146956619213,4,1,1,1,1,0,1,0,0,0,1,0,0,0,0,0,0,0,0,0,0,0,0,0,0,1,0,1,0,0,7619-ODSGN
0,46,19.95,862.4,0,0.023133116883116884,1,1,1,1,1,0,0,0,1,1,0,1,0,1,0,1,0,1,0,1,0,0,1,0,1,0,0,0,1,0,5970-GHJAW
0,71,116.25,8564.75,0,0.013573075688140342,9,1,1,0,1,0,1,1,0,0,1,0,1,0,1,0,1,0,1,0,1,0,1,1,0,1,0,0,0,1,8879-XUAHX
0,29,31.2,926.2,0,0.03368602893543511,2,0,0,0,0,1,0,0,0,0,0,0,0,0,0,0,1,0,0,0,0,0,0,1,0,1,0,0,1,0,3689-MOZGR
0,69,24.45,1718.2,0,0.014230008148061924,2,1,1,1,1,0,1,0,1,1,0,1,0,1,0,1,0,1,0,1,0,0,1,0,0,0,0,0,0,1,4195-PNGZS
0,71,84.2,5956.85,0,0.014134987451421473,8,1,1,0,1,0,1,0,0,0,0,0,1,0,1,0,1,0,1,0,1,0,1,0,1,0,0,0,0,1,5003-XZWWO
1,1,91.3,91.3,1,1.0,4,0,0,0,1,0,0,1,0,0,0,0,0,0,0,0,0,0,1,0,1,0,0,1,0,1,0,0,0,0,3988-RQIXO
1,56,85.65,4824.45,0,0.017753319031184905,8,1,1,0,1,0,0,0,0,0,1,0,1,0,1,0,1,0,1,0,1,0,1,1,0,0,0,0,0,1,7622-FWGEW
0,56,21.2,1238.65,0,0.017115407903766196,1,1,0,1,1,0,0,0,1,1,0,1,0,1,0,1,0,1,0,1,0,1,0,1,0,0,1,0,0,1,6922-NCEDI
0,1,79.5,79.5,1,1.0,3,1,0,0,1,0,0,1,0,0,0,0,0,0,0,0,0,0,1,0,0,0,0,1,0,1,0,0,0,0,2514-GINMM
0,28,25.55,672.2,0,0.038009520975900025,2,0,1,0,1,0,1,0,1,1,0,1,0,1,0,1,0,1,0,1,0,1,0,0,0,0,1,0,1,0,9891-NQDBD
0,19,20.2,382.2,0,0.05285190999476714,1,0,1,1,1,0,0,0,1,1,0,1,0,1,0,1,0,1,0,1,0,0,0,0,0,0,1,1,0,0,6131-IUNXN
0,66,63.85,4264.6,0,0.014972095858931668,5,1,1,0,1,0,1,0,0,0,0,0,0,0,0,0,1,0,0,0,1,0,0,0,0,1,0,0,0,1,8548-AWOFC
0,17,61.95,1070.7,0,0.05785934435416083,5,0,1,1,1,0,1,0,0,0,0,0,0,0,1,0,1,0,0,0,0,1,0,1,0,0,1,1,0,0,9798-DRYDS
0,52,25.75,1345.85,0,0.01913288999517034,2,1,1,1,1,0,1,0,1,1,0,1,0,1,0,1,0,1,0,1,0,0,1,0,0,0,1,0,0,1,8532-UEFWH
0,19,58.2,1045.25,0,0.05568045922028223,4,0,0,0,1,0,0,0,0,0,0,0,1,0,0,0,0,0,1,0,0,1,0,0,0,1,0,1,0,0,6296-DDOOR
0,36,85.85,3003.55,0,0.028582843635031874,8,0,0,0,1,0,0,0,0,0,1,0,1,0,1,0,1,0,1,0,1,1,0,0,0,0,0,0,1,0,7951-VRDVK
1,7,70.1,467.55,1,0.14993048871778417,2,1,1,0,1,0,0,1,0,0,0,0,0,0,0,0,0,0,0,0,0,0,0,1,0,0,1,0,0,0,5931-FLJJF
0,72,104.9,7537.5,0,0.013917081260364844,8,1,1,1,1,0,1,1,0,0,1,0,1,0,1,0,1,0,0,0,1,1,0,1,1,0,0,0,0,1,4815-YOSUK
0,67,111.3,7482.1,1,0.014875502866842196,8,1,1,1,1,0,1,1,0,0,1,0,1,0,1,0,0,0,1,0,1,1,0,1,0,1,0,0,0,1,2659-VXMWZ
1,34,99.85,3343.15,0,0.029867041562598146,6,1,0,0,1,0,0,1,0,0,0,0,1,0,1,0,0,0,1,0,1,1,0,1,0,1,0,0,1,0,0380-NEAVX
1,57,95.25,5427.05,1,0.017550971522281904,6,1,1,0,1,0,1,1,0,0,0,0,1,0,1,0,0,0,0,0,1,0,0,1,0,0,0,0,0,1,3207-OYBWH
0,7,86.25,587.1,1,0.14690853346959631,4,0,1,0,1,0,0,1,0,0,0,0,0,0,1,0,0,0,1,0,0,0,0,1,0,1,0,0,0,0,4285-GYRQC
1,1,100.8,100.8,1,1.0,6,0,1,0,1,0,1,1,0,0,0,0,0,0,1,0,0,0,1,0,1,0,0,1,0,1,0,0,0,0,7216-EWTRS
0,8,19.55,161.15,0,0.12131554452373565,1,1,1,0,1,0,0,0,1,1,0,1,0,1,0,1,0,1,0,1,0,0,0,1,0,0,0,0,0,0,4365-MSDYN
0,69,104.0,7028.5,0,0.01479689834246283,7,0,0,0,1,0,1,1,0,0,0,0,0,0,1,0,1,0,1,0,1,0,1,0,0,1,0,0,0,1,7036-TYDEC
0,50,104.4,5232.9,0,0.019950696554491776,7,0,1,0,1,0,1,1,0,0,1,0,0,0,1,0,0,0,1,0,1,1,0,1,0,0,1,0,0,1,5802-ADBRC
0,10,19.5,225.85,0,0.0863404914766438,1,1,0,0,1,0,0,0,1,1,0,1,0,1,0,1,0,1,0,1,0,1,0,0,0,0,1,0,0,0,8076-FEZKJ
0,12,25.25,274.7,0,0.09191845649799782,2,0,1,1,1,0,1,0,1,1,0,1,0,1,0,1,0,1,0,1,0,0,1,0,1,0,0,0,0,0,5197-YPYBZ
0,14,86.3,1180.95,1,0.0730767602354037,4,0,0,0,1,0,0,1,0,0,0,0,1,0,0,0,0,0,0,0,1,0,0,1,0,1,0,1,0,0,8337-MSSXB
0,70,49.85,3370.2,0,0.014791407038157975,5,0,1,0,0,1,0,0,0,0,1,0,0,0,1,0,1,0,0,0,1,0,1,1,0,0,0,0,0,1,4312-GVYNH
1,64,108.95,7111.3,0,0.015320686794257028,8,0,0,0,1,0,1,1,0,0,1,0,0,0,1,0,1,0,1,0,1,0,0,1,0,0,0,0,0,1,8495-LJDFO
0,66,89.9,5958.85,0,0.015086803661780376,9,0,1,1,1,0,1,0,0,0,1,0,1,0,1,0,1,0,1,0,1,0,1,0,1,0,0,0,0,1,0839-JTCUD
0,71,82.0,5999.85,0,0.013667008341875213,7,0,1,1,1,0,0,0,0,0,1,0,0,0,1,0,1,0,1,0,1,0,1,1,1,0,0,0,0,1,5494-WOZRZ
1,20,89.95,1648.45,0,0.05456641087081804,4,1,0,0,1,0,0,1,0,0,0,0,0,0,0,0,0,0,1,0,1,0,0,0,0,1,0,1,0,0,1302-UHBDD
0,72,79.35,5753.25,0,0.013792204406205188,7,1,1,0,1,0,0,0,0,0,1,0,1,0,0,0,1,0,1,0,1,0,1,1,0,0,0,0,0,1,2234-EOFPT
0,71,64.05,4492.9,0,0.014255825858576866,6,0,1,1,1,0,0,0,0,0,1,0,1,0,1,0,1,0,0,0,0,0,1,0,1,0,0,0,0,1,8619-IJNDK
0,38,101.15,3956.7,0,0.025564232820279528,6,1,1,1,1,0,1,1,0,0,0,0,0,0,1,0,0,0,1,0,1,0,0,1,1,0,0,0,1,0,8378-LKJAF
0,28,89.95,2625.55,1,0.034259488488126294,5,0,0,0,1,0,1,1,0,0,0,0,1,0,0,0,0,0,0,0,1,0,0,1,0,1,0,0,1,0,8182-BJDSI
1,17,76.45,1233.4,1,0.06198313604670017,3,1,1,0,1,0,0,1,0,0,0,0,1,0,0,0,0,0,0,0,0,0,0,1,0,1,0,1,0,0,2528-HFYZX
0,33,39.1,1309.0,0,0.02987012987012987,3,1,0,0,0,1,0,0,0,0,0,0,1,0,0,0,0,0,1,0,0,1,0,1,0,1,0,0,1,0,1153-GNOLC
0,23,34.6,813.45,0,0.042534882291474584,3,0,1,1,0,1,0,0,0,0,1,0,0,0,0,0,1,0,0,0,0,0,1,0,0,0,1,1,0,0,3298-QEICA
0,58,19.55,1108.8,0,0.017631673881673884,1,1,1,1,1,0,0,0,1,1,0,1,0,1,0,1,0,1,0,1,0,1,0,1,0,1,0,0,0,1,0788-DXBFY
1,70,104.45,7349.35,0,0.014212141209766849,7,0,1,0,1,0,1,1,0,0,0,0,1,0,0,0,1,0,1,0,1,0,1,1,0,0,0,0,0,1,3597-YASZG
0,4,70.5,294.2,0,0.23963290278721958,2,1,1,0,1,0,0,1,0,0,0,0,0,0,0,0,0,0,0,0,0,0,0,0,0,1,0,0,0,0,3496-LFSZU
0,45,20.35,929.2,0,0.02190055962117951,1,1,1,1,1,0,0,0,1,1,0,1,0,1,0,1,0,1,0,1,0,0,1,0,0,0,1,0,1,0,5242-UOWHD
0,10,70.0,740.0,1,0.0945945945945946,2,1,0,0,1,0,0,1,0,0,0,0,0,0,0,0,0,0,0,0,0,0,0,1,0,1,0,0,0,0,2482-CZGBB
0,36,19.45,754.5,0,0.025778661365142477,1,1,1,1,1,0,0,0,1,1,0,1,0,1,0,1,0,1,0,1,0,0,1,0,1,0,0,0,1,0,6479-SZPLM
0,54,69.9,3883.3,0,0.018000154507764016,6,1,0,0,1,0,0,0,0,0,1,0,1,0,0,0,1,0,1,0,0,0,0,1,0,0,1,0,0,1,8097-VBQTZ
0,23,59.7,1414.2,0,0.04221467967755622,5,1,1,1,1,0,1,0,0,0,0,0,1,0,0,0,1,0,0,0,0,0,1,0,0,0,1,1,0,0,4500-HKANN
0,41,78.35,3211.2,0,0.024398978574987542,7,0,1,1,1,0,1,0,0,0,1,0,1,0,1,0,0,0,1,0,0,1,0,1,1,0,0,0,1,0,9917-KWRBE
1,5,71.45,371.6,0,0.1922766415500538,2,1,0,0,1,0,0,1,0,0,0,0,0,0,0,0,0,0,0,0,0,0,0,1,0,0,1,0,0,0,3420-ZDBMA
0,27,45.85,1246.4,0,0.03678594351732991,4,1,1,1,0,1,0,0,0,0,0,0,1,0,1,0,0,0,0,0,1,1,0,1,1,0,0,0,1,0,2212-LYASK
0,1,95.85,95.85,0,1.0,5,0,0,0,1,0,0,1,0,0,0,0,0,0,0,0,1,0,1,0,1,0,0,1,0,1,0,0,0,0,1393-IMKZG
0,67,35.7,2545.7,0,0.014023647719684175,3,0,1,1,0,1,0,0,0,0,1,0,0,0,0,0,1,0,0,0,0,0,1,0,1,0,0,0,0,1,8069-RHUXK
1,72,89.55,6448.85,0,0.013886196763764081,9,0,1,1,1,0,1,0,0,0,1,0,1,0,1,0,1,0,1,0,1,0,1,1,1,0,0,0,0,1,3398-GCPMU
0,56,24.95,1468.9,0,0.01698549935325754,2,0,1,1,1,0,1,0,1,1,0,1,0,1,0,1,0,1,0,1,0,0,1,1,1,0,0,0,0,1,2908-WGAXL
0,44,24.85,1013.6,0,0.02451657458563536,2,1,1,1,1,0,1,0,1,1,0,1,0,1,0,1,0,1,0,1,0,1,0,0,0,1,0,0,1,0,3378-AJRAO
1,66,100.8,6690.75,0,0.015065575608115682,6,0,1,0,1,0,1,1,0,0,0,0,1,0,0,0,0,0,1,0,1,0,0,1,0,1,0,0,0,1,1013-QCWAM
0,34,64.4,2088.75,1,0.03083183722321963,6,0,0,0,1,0,1,0,0,0,1,0,1,0,0,0,1,0,0,0,0,1,0,1,0,0,1,0,1,0,0866-QLSIR
0,69,105.35,7240.65,0,0.014549798705917286,7,0,1,0,1,0,1,1,0,0,0,0,0,0,1,0,1,0,1,0,1,0,1,0,0,0,0,0,0,1,6050-FFXES
0,1,102.45,102.45,1,1.0,7,0,1,1,1,0,1,1,0,0,1,0,0,0,1,0,0,0,1,0,1,0,0,1,0,1,0,0,0,0,7181-BQYBV
0,40,19.65,830.25,0,0.023667570009033422,1,0,0,0,1,0,0,0,1,1,0,1,0,1,0,1,0,1,0,1,0,0,1,0,1,0,0,0,1,0,0362-RAOQO
0,30,54.45,1588.7,0,0.03427330521810285,4,1,1,1,1,0,1,0,0,0,1,0,0,0,0,0,0,0,0,0,0,0,0,1,0,0,0,0,1,0,9554-DFKIC
0,11,70.5,829.3,0,0.08501145544435067,5,0,0,0,1,0,0,0,0,0,0,0,0,0,0,0,1,0,1,0,1,0,0,0,0,0,1,0,0,0,5527-ACHSO
0,15,20.1,302.45,0,0.06645726566374609,1,0,0,0,1,0,0,0,1,1,0,1,0,1,0,1,0,1,0,1,0,1,0,0,1,0,0,1,0,0,0829-DDVLK
0,11,69.35,712.25,0,0.09736749736749736,5,1,0,0,1,0,0,0,0,0,0,0,0,0,1,0,0,0,1,0,1,0,0,1,0,1,0,0,0,0,1399-UBQIU
0,64,19.8,1336.65,0,0.01481315228369431,1,0,1,1,1,0,0,0,1,1,0,1,0,1,0,1,0,1,0,1,0,1,0,0,0,0,0,0,0,1,1813-JLKWR
1,72,74.4,5360.75,0,0.013878655038940448,7,1,1,0,1,0,0,0,0,0,1,0,1,0,1,0,1,0,1,0,0,0,1,0,0,0,0,0,0,1,0336-PIKEI
1,72,93.05,6735.05,0,0.01381578458957246,7,1,1,0,1,0,1,1,0,0,1,0,1,0,1,0,1,0,0,0,0,0,1,1,0,0,0,0,0,1,7322-OCWHC
0,1,51.2,51.2,0,1.0,3,0,0,1,1,0,0,0,0,0,1,0,0,0,0,0,0,0,0,0,0,0,0,0,0,0,1,0,0,0,9537-VHDTA
0,15,65.6,1010.0,0,0.06495049504950494,6,0,0,1,1,0,0,0,0,0,1,0,1,0,1,0,1,0,0,0,0,1,0,0,1,0,0,1,0,0,4957-TIALW
0,60,80.55,4847.05,0,0.016618355494579178,7,0,0,0,1,0,1,0,0,0,0,0,0,0,1,0,1,0,1,0,1,1,0,0,1,0,0,0,0,1,2054-PJOCK
0,56,52.7,3019.7,0,0.01745206477464649,4,1,0,0,1,0,0,0,0,0,1,0,0,0,1,0,0,0,0,0,0,1,0,0,0,0,1,0,0,1,9150-HEPMB
0,8,20.85,161.65,0,0.12898236931642437,1,0,0,0,1,0,0,0,1,1,0,1,0,1,0,1,0,1,0,1,0,0,1,0,0,0,1,0,0,0,9030-QGZNL
0,3,80.1,217.55,1,0.3681912204091013,4,0,0,0,1,0,0,1,0,0,0,0,0,0,1,0,1,0,0,0,0,0,0,0,1,0,0,0,0,0,6204-IEUXJ
0,49,52.15,2583.75,0,0.020183841315916787,3,0,1,0,1,0,1,0,0,0,0,0,0,0,0,0,0,0,0,0,0,0,0,1,1,0,0,0,0,1,3126-WQMGH
0,2,80.2,146.05,1,0.5491270112975009,3,0,0,0,1,0,0,1,0,0,0,0,0,0,0,0,0,0,1,0,0,0,0,1,0,1,0,0,0,0,4529-CKBCL
0,6,98.15,567.45,1,0.1729667812142039,7,0,0,0,1,0,0,1,0,0,1,0,1,0,1,0,1,0,0,0,1,0,0,1,0,0,0,0,0,0,2506-CLAKW
0,70,114.95,7711.25,0,0.014906792024639326,9,1,0,0,1,0,1,1,0,0,1,0,1,0,1,0,1,0,1,0,1,0,1,1,0,0,0,0,0,1,7176-WRTNX
0,12,112.95,1384.75,1,0.08156706986820726,8,1,0,0,1,0,1,1,0,0,0,0,1,0,1,0,1,0,1,0,1,0,0,1,0,0,1,0,0,0,1583-IHQZE
1,52,104.45,5481.25,0,0.01905587229190422,7,1,1,0,1,0,0,1,0,0,1,0,0,0,1,0,1,0,1,0,1,1,0,1,0,0,0,0,0,1,5732-IKGQH
0,72,113.65,8124.2,0,0.01398906969301593,9,0,1,0,1,0,1,1,0,0,1,0,1,0,1,0,1,0,1,0,1,0,1,1,1,0,0,0,0,1,9239-GZHZE
0,40,20.6,827.3,0,0.024900278012812766,1,0,0,0,1,0,0,0,1,1,0,1,0,1,0,1,0,1,0,1,0,0,1,1,0,0,0,0,1,0,7205-BAIAD
0,1,70.9,70.9,1,1.0,2,0,0,0,1,0,0,1,0,0,0,0,0,0,0,0,0,0,0,0,0,0,0,0,0,0,1,0,0,0,0151-ONTOV
1,3,86.85,220.95,1,0.3930753564154786,4,0,0,0,1,0,0,1,0,0,0,0,0,0,1,0,0,0,1,0,0,0,0,1,0,1,0,0,0,0,4140-MUHUG
1,40,91.55,3673.6,0,0.02492105836236934,4,0,0,0,1,0,0,1,0,0,0,0,0,0,0,0,0,0,1,0,1,0,0,1,0,1,0,0,1,0,0093-EXYQL
0,1,49.85,49.85,0,1.0,3,1,0,1,1,0,0,0,0,0,0,0,0,0,1,0,0,0,0,0,0,0,0,1,0,1,0,0,0,0,8064-RAVOH
0,30,19.8,576.65,0,0.034336252492846615,1,1,1,0,1,0,0,0,1,1,0,1,0,1,0,1,0,1,0,1,0,1,0,0,1,0,0,0,1,0,0219-QAERP
0,23,99.85,2331.3,1,0.04283018058593917,6,1,1,1,1,0,0,1,0,0,1,0,0,0,0,0,1,0,1,0,1,0,0,1,0,1,0,1,0,0,0320-JDNQG
0,1,74.5,74.5,1,1.0,3,1,1,1,1,0,1,1,0,0,0,0,0,0,0,0,0,0,0,0,0,0,0,1,0,1,0,0,0,0,7180-PISOG
1,44,104.15,4495.65,0,0.023166839055531463,7,0,1,0,1,0,1,1,0,0,0,0,0,0,1,0,1,0,1,0,1,0,0,0,0,1,0,0,1,0,9168-INPSZ
0,65,109.15,6941.2,1,0.01572494669509595,8,1,0,0,1,0,1,1,0,0,0,0,1,0,1,0,1,0,1,0,1,0,0,1,0,1,0,0,0,1,3571-RFHAR
1,7,48.2,340.35,0,0.1416189216982518,3,0,0,0,1,0,0,0,0,0,1,0,0,0,0,0,0,0,0,0,0,0,0,1,0,1,0,0,0,0,0015-UOCOJ
1,72,25.1,1789.9,0,0.014023129783786803,2,1,0,0,1,0,1,0,1,1,0,1,0,1,0,1,0,1,0,1,0,0,1,1,1,0,0,0,0,1,5334-AFQJB
1,8,100.15,908.55,0,0.11023058719938364,6,0,0,0,1,0,1,1,0,0,0,0,0,0,0,0,1,0,1,0,1,0,0,1,1,0,0,0,0,0,2754-SDJRD
0,16,65.2,1043.35,1,0.06249101452053482,5,0,0,0,1,0,1,0,0,0,0,0,0,0,1,0,0,0,0,0,1,0,0,1,1,0,0,1,0,0,9578-VRMNM
1,66,99.5,6822.15,1,0.014584844953570356,6,1,1,1,1,0,1,1,0,0,0,0,0,0,1,0,0,0,1,0,1,0,0,1,1,0,0,0,0,1,1587-FKLZB
0,1,71.55,71.55,1,1.0,2,1,0,0,1,0,0,1,0,0,0,0,0,0,0,0,0,0,0,0,0,0,0,1,0,0,1,0,0,0,6140-QNRQQ
0,3,55.9,157.55,0,0.3548079974611234,4,1,0,1,1,0,0,0,0,0,1,0,0,0,1,0,0,0,0,0,0,0,0,0,0,0,1,0,0,0,8963-JLGJT
0,53,93.9,5029.2,1,0.018670961584347414,6,1,1,0,1,0,1,1,0,0,1,0,0,0,1,0,0,0,0,0,1,0,0,0,0,1,0,0,0,1,4307-KTUMW
1,8,64.4,581.7,0,0.11070998796630566,5,1,1,0,1,0,0,0,0,0,0,0,0,0,1,0,1,0,0,0,1,0,0,1,1,0,0,0,0,0,1465-LNTLJ
1,69,108.4,7318.2,1,0.014812385559290537,8,1,1,0,1,0,1,1,0,0,0,0,1,0,1,0,1,0,1,0,1,0,1,1,0,0,0,0,0,1,5440-FLBQG
0,5,85.3,420.45,0,0.2028778689499346,4,0,0,0,1,0,0,1,0,0,0,0,1,0,0,0,0,0,1,0,0,0,0,1,0,0,1,0,0,0,2135-DQWAQ
0,72,107.45,7576.7,0,0.01418163580450592,8,0,1,1,1,0,1,1,0,0,1,0,0,0,1,0,1,0,1,0,1,0,1,0,0,0,1,0,0,1,4056-QHXHZ
0,13,48.75,633.4,1,0.07696558257025576,4,0,1,0,0,1,0,0,0,0,0,0,0,0,1,0,0,0,1,0,1,0,0,1,0,0,0,1,0,0,7470-MCQTK
0,4,85.65,321.65,1,0.266283227110213,4,0,0,0,1,0,1,1,0,0,0,0,0,0,0,0,0,0,1,0,0,0,0,1,0,1,0,0,0,0,7488-MXJIV
0,54,91.3,4965.0,0,0.01838872104733132,9,0,1,1,1,0,1,0,0,0,1,0,1,0,1,0,1,0,1,0,1,0,1,0,1,0,0,0,0,1,7401-JIXNM
0,72,85.95,6151.9,0,0.013971293421544564,8,1,1,0,1,0,1,0,0,0,0,0,1,0,1,0,1,0,1,0,1,0,1,0,0,0,0,0,0,1,9339-FIIJL
0,12,106.7,1253.9,1,0.08509450514395087,7,1,0,0,1,0,1,1,0,0,0,0,1,0,1,0,0,0,1,0,1,0,0,1,0,1,0,0,0,0,2027-FECZV
0,1,25.15,25.15,1,1.0,1,1,0,0,0,1,0,0,0,0,0,0,0,0,0,0,0,0,0,0,0,0,0,1,0,1,0,0,0,0,2672-DZUOY
1,1,45.2,45.2,0,1.0,2,1,0,0,1,0,0,0,0,0,0,0,0,0,0,0,0,0,0,0,0,0,0,0,0,1,0,0,0,0,4706-DGAHW
0,54,110.35,5893.15,1,0.01872513002384124,8,0,1,0,1,0,1,1,0,0,0,0,1,0,1,0,1,0,1,0,1,1,0,0,0,1,0,0,0,1,3870-MQAMG
0,69,79.2,5420.65,0,0.014610793908479611,4,1,1,1,1,0,1,1,0,0,0,0,0,0,1,0,0,0,0,0,0,0,1,1,1,0,0,0,0,1,6670-MFRPK
0,48,55.5,2627.35,0,0.021123946181513694,4,0,0,0,1,0,0,0,0,0,1,0,1,0,0,0,0,0,0,0,0,0,1,0,1,0,0,0,1,0,6177-PEVRA
0,48,103.25,5037.55,1,0.020496074480650314,7,0,1,1,1,0,1,1,0,0,1,0,1,0,0,0,0,0,1,0,1,1,0,1,1,0,0,0,1,0,4800-CZMPC
0,8,90.25,743.75,0,0.12134453781512605,5,0,1,0,1,0,1,1,0,0,0,0,0,0,0,0,1,0,0,0,1,0,0,1,0,1,0,0,0,0,4813-HQMGZ
0,71,91.25,6589.6,0,0.013847578001699647,9,1,1,1,1,0,1,0,0,0,1,0,1,0,1,0,1,0,1,0,1,0,1,1,0,0,1,0,0,1,7579-KKLOE
0,2,47.8,92.45,1,0.5170362358031367,3,1,0,0,1,0,0,0,0,0,1,0,0,0,0,0,0,0,0,0,0,0,0,1,0,1,0,0,0,0,7377-DMMRI
0,67,100.9,6733.15,0,0.014985556537430476,6,1,1,0,1,0,0,1,0,0,1,0,1,0,0,0,0,0,1,0,1,1,0,1,1,0,0,0,0,1,8402-EIVQS
0,34,97.7,3410.0,0,0.028651026392961878,6,1,1,1,1,0,1,1,0,0,0,0,1,0,0,0,0,0,1,0,1,0,0,1,0,0,0,0,1,0,4947-DSMXK
0,3,69.85,199.85,0,0.3495121341005754,2,0,0,0,1,0,0,1,0,0,0,0,0,0,0,0,0,0,0,0,0,0,0,1,0,1,0,0,0,0,7245-NIIWQ
0,9,65.6,593.3,0,0.11056800943873252,5,0,1,1,1,0,0,0,0,0,0,0,1,0,0,0,1,0,1,0,0,1,0,1,0,0,1,0,0,0,0002-ORFBO
0,71,104.65,7288.4,0,0.014358432577794853,7,1,1,1,1,0,0,1,0,0,1,0,1,0,1,0,0,0,1,0,1,1,0,1,0,0,0,0,0,1,3324-OIRTO
0,57,90.45,5229.8,0,0.017295116448047727,5,1,0,0,1,0,1,1,0,0,0,0,0,0,0,0,1,0,1,0,0,0,1,1,1,0,0,0,0,1,5414-OFQCB
0,72,63.7,4464.8,0,0.014267156423580004,7,1,0,0,0,1,0,0,0,0,1,0,1,0,1,0,1,0,1,0,1,0,1,1,0,0,0,0,0,1,4967-WPNCF
1,48,104.5,5068.05,0,0.02061937036927418,7,0,1,1,1,0,0,1,0,0,1,0,0,0,1,0,1,0,1,0,1,0,0,1,0,1,0,0,1,0,8552-OBVRU
0,18,20.1,401.85,0,0.05001866368047779,1,1,0,0,1,0,0,0,1,1,0,1,0,1,0,1,0,1,0,1,0,1,0,0,0,0,1,1,0,0,8499-BRXTD
0,43,104.3,4451.85,0,0.023428462324651546,7,1,1,1,1,0,1,1,0,0,0,0,0,0,1,0,1,0,1,0,1,1,0,1,1,0,0,0,1,0,9154-QDGTH
0,72,93.25,6688.95,0,0.013940902533282503,9,0,1,1,1,0,1,0,0,0,1,0,1,0,1,0,1,0,1,0,1,0,1,1,0,0,0,0,0,1,8197-BFWVU
0,35,73.45,2661.1,0,0.027601367855398146,6,1,1,1,1,0,1,0,0,0,0,0,0,0,0,0,1,0,1,0,1,1,0,1,0,0,0,0,1,0,2577-GVSIL
0,4,20.7,73.05,0,0.28336755646817247,1,1,0,0,1,0,0,0,1,1,0,1,0,1,0,1,0,1,0,1,0,0,0,0,0,0,1,0,0,0,9367-OIUXP
0,49,25.25,1211.65,0,0.020839351297817024,2,0,1,1,1,0,1,0,1,1,0,1,0,1,0,1,0,1,0,1,0,0,1,0,0,0,1,0,0,1,6770-UAYGJ
0,71,100.5,7030.65,0,0.014294553135200871,7,0,1,1,1,0,1,1,0,0,1,0,1,0,1,0,0,0,1,0,0,0,1,0,0,0,0,0,0,1,6463-HHXJR
0,11,90.6,1020.2,0,0.08880611644775534,4,1,1,1,1,0,0,1,0,0,0,0,0,0,0,0,0,0,1,0,1,0,0,0,0,1,0,0,0,0,7928-VJYAB
0,63,89.4,5597.65,0,0.015970987825248098,9,1,1,1,1,0,1,0,0,0,1,0,1,0,1,0,1,0,1,0,1,0,1,1,1,0,0,0,0,1,1187-WILMM
1,65,95.45,6223.3,0,0.015337521893529157,6,0,0,0,1,0,1,1,0,0,0,0,1,0,1,0,0,0,1,0,0,0,0,1,0,0,0,0,0,1,9776-OJUZI
0,49,20.45,1024.65,0,0.019958034450788073,1,0,0,1,1,0,0,0,1,1,0,1,0,1,0,1,0,1,0,1,0,0,1,0,1,0,0,0,0,1,1306-RPWXZ
0,29,98.6,2933.2,1,0.03361516432565117,6,0,0,0,1,0,1,1,0,0,0,0,0,0,1,0,0,0,1,0,1,0,0,1,1,0,0,0,1,0,8949-JTMAY
1,15,83.05,1258.3,1,0.06600174839068584,5,0,1,0,1,0,1,1,0,0,0,0,0,0,1,0,1,0,0,0,0,0,0,1,0,1,0,1,0,0,2774-LVQUS
0,4,19.95,82.9,0,0.24065138721351023,1,0,1,1,1,0,0,0,1,1,0,1,0,1,0,1,0,1,0,1,0,0,0,1,0,1,0,0,0,0,3097-PYWXL
0,72,109.15,7789.6,0,0.014012272773955017,8,0,1,0,1,0,1,1,0,0,0,0,1,0,1,0,1,0,1,0,1,1,0,0,1,0,0,0,0,1,2266-SJNAT
1,26,85.7,2067.0,0,0.04146105466860184,4,0,1,0,1,0,0,1,0,0,0,0,0,0,1,0,0,0,1,0,0,0,0,1,1,0,0,0,1,0,0869-PAPRP
1,35,102.05,3452.55,0,0.02955786302877583,6,0,1,0,1,0,1,1,0,0,0,0,0,0,1,0,0,0,1,0,1,0,0,0,0,0,0,0,1,0,4238-JSSWH
0,57,94.7,5468.95,0,0.017315938159975865,6,0,0,0,1,0,1,1,0,0,0,0,1,0,0,0,1,0,0,0,1,1,0,0,0,1,0,0,0,1,2972-YDYUW
0,28,64.4,1802.15,0,0.0357350941930472,5,1,1,1,1,0,1,0,0,0,0,0,1,0,0,0,0,0,0,0,1,0,0,0,0,1,0,0,1,0,1104-FEJAM
0,25,26.8,733.55,0,0.036534660214027674,2,0,1,0,1,0,1,0,1,1,0,1,0,1,0,1,0,1,0,1,0,1,0,1,0,0,1,0,1,0,2809-ILCYT
0,47,66.05,3021.45,0,0.021860365056512603,5,0,1,0,1,0,0,0,0,0,1,0,0,0,1,0,0,0,1,0,0,1,0,1,1,0,0,0,1,0,5499-ECUTN
0,57,65.2,3687.85,0,0.017679677861084372,6,0,1,1,1,0,1,0,0,0,1,0,1,0,0,0,1,0,0,0,0,0,0,0,0,0,0,0,0,1,4981-FLTMF
1,16,85.05,1391.15,0,0.06113646982712144,4,1,1,0,1,0,1,1,0,0,0,0,0,0,0,0,0,0,1,0,0,0,0,1,1,0,0,1,0,0,9121-PHQSR
0,5,55.8,274.35,0,0.20338983050847456,4,1,0,0,1,0,0,0,0,0,1,0,0,0,1,0,0,0,0,0,0,0,0,1,0,0,1,0,0,0,3113-IWHLC
0,17,70.4,1214.05,1,0.05798772702936453,2,1,1,0,1,0,0,1,0,0,0,0,0,0,0,0,0,0,0,0,0,0,0,1,0,0,0,1,0,0,3211-ILJTT
1,56,104.75,5510.65,1,0.019008646892834786,7,0,0,0,1,0,1,1,0,0,0,0,1,0,1,0,0,0,1,0,1,1,0,1,0,0,0,0,0,1,4612-THJBS
0,72,19.95,1322.85,0,0.015081074951808595,1,1,1,1,1,0,0,0,1,1,0,1,0,1,0,1,0,1,0,1,0,0,1,0,0,0,0,0,0,1,4277-BWBML
1,21,94.25,1973.75,1,0.04775174160861305,5,0,0,0,1,0,1,1,0,0,0,0,0,0,0,0,0,0,1,0,1,0,0,1,0,1,0,1,0,0,4094-NSEDU
0,48,45.0,2196.3,0,0.020489004234394207,4,0,1,1,0,1,0,0,0,0,1,0,0,0,1,0,0,0,0,0,1,1,0,0,1,0,0,0,1,0,0234-TEVTT
0,68,114.9,7843.55,0,0.014648979097474996,9,0,1,0,1,0,1,1,0,0,1,0,1,0,1,0,1,0,1,0,1,0,1,0,0,0,0,0,0,1,4304-TSPVK
0,30,106.4,3211.9,0,0.03312680967651546,7,0,0,0,1,0,1,1,0,0,1,0,0,0,0,0,1,0,1,0,1,0,0,0,0,0,0,0,1,0,1552-AAGRX
0,3,46.1,130.15,0,0.3542066845946984,2,0,1,0,1,0,0,0,0,0,0,0,0,0,0,0,0,0,0,0,0,0,0,1,0,0,1,0,0,0,2637-FKFSY
1,14,39.7,692.35,0,0.057340940275872034,4,0,0,0,0,1,0,0,0,0,1,0,0,0,1,0,1,0,0,0,0,0,1,0,0,0,1,1,0,0,9796-MVYXX
0,4,20.05,85.5,0,0.23450292397660819,1,0,0,1,1,0,0,0,1,1,0,1,0,1,0,1,0,1,0,1,0,0,0,1,0,0,0,0,0,0,7874-ECPQJ
0,71,95.75,6849.4,0,0.013979326656349461,6,0,1,1,1,0,1,1,0,0,0,0,1,0,1,0,0,0,0,0,1,0,1,1,1,0,0,0,0,1,0020-INWCK
0,8,24.4,203.95,0,0.11963716597205197,2,1,1,1,1,0,1,0,1,1,0,1,0,1,0,1,0,1,0,1,0,1,0,0,0,0,1,0,0,0,7089-RKVSZ
0,61,33.6,2117.2,0,0.01587001700358965,3,1,1,1,0,1,0,0,0,0,1,0,0,0,1,0,0,0,0,0,0,0,0,0,0,0,0,0,0,1,2683-JXWQQ
0,72,90.45,6565.85,0,0.013775824912235278,6,1,1,1,1,0,1,1,0,0,0,0,1,0,1,0,1,0,0,0,0,0,1,0,0,0,0,0,0,1,9548-ZMVTX
0,5,84.0,424.75,0,0.19776339022954678,4,0,0,0,1,0,1,1,0,0,0,0,0,0,0,0,0,0,1,0,0,0,0,1,0,1,0,0,0,0,8739-XNIKG
0,49,67.4,3306.85,0,0.02038193446935906,6,0,0,0,1,0,0,0,0,0,1,0,1,0,1,0,1,0,0,0,0,0,1,0,0,0,0,0,0,1,9755-JHNMN
0,8,19.7,168.9,0,0.11663706335109532,1,1,0,0,1,0,0,0,1,1,0,1,0,1,0,1,0,1,0,1,0,0,0,1,0,0,0,0,0,0,3981-QSVQI
0,3,80.35,253.8,0,0.31658786446020487,3,1,0,0,1,0,0,1,0,0,0,0,0,0,0,0,0,0,0,0,1,0,0,1,0,1,0,0,0,0,2789-HQBOU
0,9,19.6,197.4,0,0.09929078014184398,1,1,1,1,1,0,0,0,1,1,0,1,0,1,0,1,0,1,0,1,0,0,1,0,0,0,1,0,0,0,9424-CMPOG
0,67,54.2,3838.2,0,0.01412120264707415,4,1,1,1,1,0,0,0,0,0,1,0,1,0,0,0,0,0,0,0,0,0,1,1,0,0,0,0,0,1,5067-WJEUN
0,46,45.2,2065.15,0,0.02188702999782098,2,1,0,0,1,0,0,0,0,0,0,0,0,0,0,0,0,0,0,0,0,0,0,1,1,0,0,0,1,0,3450-WXOAT
0,67,75.1,5064.45,0,0.01482885604557257,7,0,1,0,1,0,1,0,0,0,1,0,1,0,1,0,0,0,0,0,1,1,0,0,0,0,1,0,0,1,9251-WNSOD
0,55,19.7,1140.05,0,0.017279943862111312,1,0,1,0,1,0,0,0,1,1,0,1,0,1,0,1,0,1,0,1,0,1,0,0,0,1,0,0,0,1,6974-DAFLI
0,33,72.75,2447.45,0,0.029724815624425426,7,1,1,0,1,0,1,0,0,0,1,0,1,0,1,0,0,0,1,0,0,0,0,1,0,0,0,0,1,0,2616-UUTFK
0,62,20.05,1263.9,0,0.015863596803544582,1,1,1,1,1,0,0,0,1,1,0,1,0,1,0,1,0,1,0,1,0,0,1,0,1,0,0,0,0,1,7064-JHXCE
0,1,45.95,45.95,1,1.0,2,0,0,1,1,0,0,0,0,0,0,0,0,0,0,0,0,0,0,0,0,0,0,0,0,0,1,0,0,0,5103-MHMHY
0,49,39.2,1838.15,0,0.021325789516633574,3,1,1,1,0,1,0,0,0,0,1,0,0,0,0,0,0,0,0,0,1,0,0,1,0,1,0,0,0,1,7989-AWGEH
0,1,44.75,44.75,0,1.0,2,1,0,0,1,0,0,0,0,0,0,0,0,0,0,0,0,0,0,0,0,0,0,1,0,1,0,0,0,0,4373-VVHQL
0,14,82.65,1185.0,0,0.06974683544303797,5,1,1,0,1,0,1,1,0,0,0,0,1,0,1,0,0,0,0,0,0,0,0,1,0,1,0,1,0,0,4559-UWIHT
1,18,93.9,1743.9,0,0.053844830552210565,6,1,0,0,1,0,1,1,0,0,0,0,0,0,1,0,1,0,1,0,0,0,0,0,0,0,0,1,0,0,7268-IGMFD
1,1,70.15,70.15,1,1.0,2,0,0,0,1,0,0,1,0,0,0,0,0,0,0,0,0,0,0,0,0,0,0,1,0,1,0,0,0,0,1846-XWOQN
0,1,85.55,85.55,1,1.0,4,0,0,0,1,0,0,1,0,0,0,0,0,0,1,0,0,0,1,0,0,0,0,1,1,0,0,0,0,0,0235-KGSLC
0,72,117.15,8529.5,0,0.013734685503253415,9,0,1,0,1,0,1,1,0,0,1,0,1,0,1,0,1,0,1,0,1,0,1,1,1,0,0,0,0,1,6650-BWFRT
0,64,99.25,6549.45,0,0.01515394422432418,7,1,0,0,1,0,1,1,0,0,1,0,0,0,1,0,1,0,0,0,1,0,1,0,1,0,0,0,0,1,9570-KYEUA
0,69,112.55,7806.5,0,0.01441747261897137,9,1,1,0,1,0,1,1,0,0,1,0,1,0,1,0,1,0,1,0,1,0,1,1,0,0,0,0,0,1,6993-YGFJV
0,1,25.7,25.7,0,1.0,2,0,0,0,1,0,1,0,1,1,0,1,0,1,0,1,0,1,0,1,0,0,0,1,0,1,0,0,0,0,2712-SYWAY
0,71,90.3,6287.3,0,0.014362285877880807,9,1,1,1,1,0,1,0,0,0,1,0,1,0,1,0,1,0,1,0,1,0,1,0,1,0,0,0,0,1,0730-BGQGF
0,66,49.4,3251.85,0,0.015191352614665497,3,0,1,1,1,0,0,0,0,0,0,0,0,0,0,0,1,0,0,0,0,1,0,1,1,0,0,0,0,1,5498-IBWPI
0,2,19.4,50.6,0,0.38339920948616596,1,1,0,0,1,0,0,0,1,1,0,1,0,1,0,1,0,1,0,1,0,0,0,0,0,0,1,0,0,0,9101-NTIXF
1,71,109.7,7904.25,0,0.013878609608754785,8,0,1,0,1,0,0,1,0,0,1,0,1,0,1,0,1,0,1,0,1,0,1,1,0,0,0,0,0,1,0013-SMEOE
0,11,61.25,729.95,0,0.08390985683950955,4,1,0,0,1,0,0,0,0,0,0,0,1,0,0,0,0,0,1,0,0,1,0,1,0,1,0,0,0,0,9314-QDMDW
0,47,55.3,2654.05,0,0.020836080706844253,4,1,0,1,1,0,0,0,0,0,1,0,1,0,0,0,0,0,0,0,0,0,0,1,0,1,0,0,1,0,9308-ANMVE
0,35,70.3,2416.55,1,0.029091059568392953,2,0,1,0,1,0,0,1,0,0,0,0,0,0,0,0,0,0,0,0,0,0,0,1,0,1,0,0,1,0,2884-GBPFB
1,32,106.35,3520.75,1,0.030206632109635728,7,1,1,0,1,0,1,1,0,0,0,0,1,0,1,0,0,0,1,0,1,0,0,0,0,0,0,0,1,0,3757-NJYBX
0,60,103.75,5969.95,0,0.017378705014279853,7,1,1,1,1,0,1,1,0,0,0,0,1,0,0,0,1,0,1,0,1,0,0,1,0,0,0,0,0,1,3413-DHLPB
0,11,19.5,226.8,0,0.08597883597883597,1,1,0,0,1,0,0,0,1,1,0,1,0,1,0,1,0,1,0,1,0,1,0,0,0,0,1,0,0,0,7649-PHJVR
0,29,39.5,1082.75,0,0.036481182175017314,4,0,0,0,0,1,0,0,0,0,1,0,1,0,0,0,1,0,0,0,0,1,0,0,1,0,0,0,1,0,6114-TCFID
0,21,26.05,565.75,0,0.04604507291206363,1,1,1,1,0,1,0,0,0,0,0,0,0,0,0,0,0,0,0,0,0,0,0,1,0,1,0,1,0,0,3787-TRIAL
1,48,91.05,4370.75,0,0.02083166504604473,5,1,1,0,1,0,1,1,0,0,0,0,0,0,1,0,0,0,0,0,1,0,0,1,1,0,0,0,1,0,2573-GYRUU
0,3,29.65,90.05,0,0.32926152137701276,2,0,0,1,0,1,0,0,0,0,0,0,1,0,0,0,0,0,0,0,0,0,0,0,0,0,1,0,0,0,5156-UMKOW
0,43,50.2,2169.4,0,0.023140038720383515,3,0,1,1,1,0,0,0,0,0,0,0,1,0,0,0,0,0,0,0,0,0,0,0,0,0,1,0,1,0,1247-QBVSH
0,5,105.3,550.6,0,0.19124591354885578,7,1,0,0,1,0,1,1,0,0,0,0,1,0,1,0,0,0,1,0,1,0,0,0,0,1,0,0,0,0,6734-GMPVK
0,1,55.45,55.45,0,1.0,3,0,0,0,1,0,0,0,0,0,0,0,0,0,0,0,0,0,0,0,1,0,0,1,0,1,0,0,0,0,9822-OAOVB
0,71,85.45,6300.85,0,0.01356166231540189,8,1,1,1,1,0,1,0,0,0,1,0,0,0,1,0,1,0,1,0,1,1,0,0,0,1,0,0,0,1,6161-ERDGD
0,8,19.8,160.05,0,0.12371134020618556,1,0,1,1,1,0,0,0,1,1,0,1,0,1,0,1,0,1,0,1,0,1,0,0,0,1,0,0,0,0,1226-JZNKR
0,8,59.25,436.6,0,0.13570774163994503,4,1,0,0,1,0,1,0,0,0,0,0,0,0,0,0,0,0,1,0,0,0,0,1,0,1,0,0,0,0,7318-EIVKO
0,20,90.7,1781.35,0,0.05091643977881944,5,1,0,0,1,0,1,1,0,0,0,0,0,0,1,0,0,0,1,0,0,0,0,1,1,0,0,1,0,0,3771-PZOBW
0,33,103.7,3467.0,1,0.029910585520623017,7,0,1,1,1,0,1,1,0,0,1,0,0,0,1,0,0,0,1,0,1,1,0,1,0,0,1,0,1,0,5136-KCKGI
0,71,79.05,5552.5,0,0.014236830256641152,4,1,0,0,1,0,1,1,0,0,0,0,1,0,0,0,0,0,0,0,0,1,0,1,1,0,0,0,0,1,8231-BSWXX
1,31,90.7,2835.5,0,0.03198730382648563,5,0,1,0,1,0,1,1,0,0,0,0,0,0,1,0,0,0,1,0,0,1,0,1,0,1,0,0,1,0,6486-LHTMA
1,38,95.0,3591.25,0,0.026453184824225547,6,0,1,0,1,0,1,1,0,0,1,0,1,0,0,0,0,0,0,0,1,1,0,0,1,0,0,0,1,0,4083-BFNYK
0,1,88.35,88.35,1,1.0,4,1,0,0,1,0,0,1,0,0,0,0,0,0,0,0,0,0,1,0,1,0,0,1,0,1,0,0,0,0,3722-WPXTK
0,2,30.25,63.75,0,0.4745098039215686,2,0,1,1,0,1,0,0,0,0,0,0,1,0,0,0,0,0,0,0,0,0,0,1,0,0,1,0,0,0,7389-KBFIT
0,12,49.85,617.15,0,0.08077452807259176,4,0,1,0,0,1,0,0,0,0,0,0,0,0,1,0,0,0,1,0,1,0,0,1,0,0,0,0,0,0,7176-WIONM
0,9,93.0,870.25,0,0.10686584314852055,6,0,0,1,1,0,0,1,0,0,1,0,0,0,1,0,1,0,0,0,1,0,0,0,0,0,0,0,0,0,5141-ZUVBH
1,11,54.55,601.25,0,0.09072765072765072,4,1,0,1,1,0,0,0,0,0,0,0,1,0,0,0,1,0,0,0,0,0,0,1,0,1,0,0,0,0,1089-HDMKP
0,6,19.7,111.65,0,0.17644424540976264,1,1,0,1,1,0,0,0,1,1,0,1,0,1,0,1,0,1,0,1,0,0,0,0,0,0,1,0,0,0,7623-HKYRK
0,71,84.8,6046.1,0,0.014025570202279155,8,0,1,0,1,0,0,0,0,0,1,0,1,0,1,0,1,0,1,0,1,1,0,1,0,0,0,0,0,1,0310-SUCIN
0,42,94.45,3923.8,0,0.024071053570518374,6,0,1,1,1,0,1,1,0,0,1,0,1,0,0,0,0,0,1,0,0,1,0,1,1,0,0,0,1,0,5197-PYEPU
0,8,94.2,777.3,1,0.1211887302199923,5,0,1,1,1,0,0,1,0,0,0,0,0,0,1,0,0,0,1,0,1,0,0,1,0,1,0,0,0,0,2929-ERCFZ
0,5,96.25,512.45,1,0.18782320226363547,5,0,0,0,1,0,0,1,0,0,0,0,1,0,0,0,0,0,1,0,1,0,0,1,0,1,0,0,0,0,7548-SEPYI
0,2,70.7,141.45,1,0.4998232591021563,2,0,1,0,1,0,0,1,0,0,0,0,0,0,0,0,0,0,0,0,0,0,0,1,0,1,0,0,0,0,8835-VSDSE
0,45,20.85,892.15,0,0.023370509443479237,1,0,1,1,1,0,0,0,1,1,0,1,0,1,0,1,0,1,0,1,0,0,1,0,0,0,1,0,1,0,6619-RPLQZ
0,28,60.0,1682.05,0,0.0356707588953955,6,1,1,1,0,1,0,0,0,0,0,0,1,0,1,0,1,0,1,0,1,1,0,1,1,0,0,0,1,0,3275-RHRNE
0,43,80.45,3398.9,0,0.023669422460207715,4,0,1,0,1,0,1,1,0,0,0,0,1,0,0,0,0,0,0,0,0,0,0,0,0,1,0,0,1,0,3503-TYDAY
0,60,84.95,4984.85,0,0.017041636157557397,8,1,0,1,1,0,1,0,0,0,1,0,0,0,1,0,1,0,1,0,1,0,1,1,0,1,0,0,0,1,6901-GOGZG
0,42,33.55,1445.3,1,0.02321317373555663,3,0,1,0,0,1,0,0,0,0,0,0,1,0,0,0,1,0,0,0,0,1,0,0,0,0,1,0,1,0,1623-NLDOT
0,7,49.65,305.55,0,0.16249386352479134,5,1,1,1,0,1,0,0,0,0,1,0,0,0,1,0,1,0,0,0,1,0,1,0,1,0,0,0,0,0,7021-XSNYE
0,25,20.2,507.9,0,0.039771608584367,1,0,1,0,1,0,0,0,1,1,0,1,0,1,0,1,0,1,0,1,0,1,0,1,0,0,0,0,1,0,9621-OUPYD
1,40,94.55,3640.45,1,0.025972063893200018,5,0,1,1,1,0,1,1,0,0,0,0,0,0,0,0,0,0,1,0,1,0,0,1,1,0,0,0,1,0,9898-KZQDZ
0,27,100.5,2673.45,0,0.03759187566627392,6,1,0,0,1,0,1,1,0,0,0,0,0,0,1,0,0,0,1,0,1,1,0,1,0,0,0,0,1,0,8982-NHAVY
0,10,35.75,389.8,0,0.09171369933299127,3,1,0,0,0,1,0,0,0,0,0,0,1,0,0,0,1,0,0,0,0,0,0,0,0,1,0,0,0,0,4307-KWMXE
1,27,86.45,2401.05,0,0.03600508111034755,5,0,0,0,1,0,1,1,0,0,0,0,1,0,1,0,0,0,0,0,0,0,0,1,0,0,0,0,1,0,0141-YEAYS
0,11,53.8,651.55,0,0.08257232752666718,4,0,0,0,1,0,0,0,0,0,0,0,0,0,1,0,1,0,0,0,0,1,0,0,0,0,0,0,0,0,2450-ZKEED
0,4,38.55,156.1,0,0.2469570787956438,3,1,1,1,0,1,0,0,0,0,1,0,0,0,0,0,0,0,1,0,0,0,0,0,1,0,0,0,0,0,3694-DELSO
0,68,39.9,2796.35,0,0.01426860013946752,3,1,0,0,0,1,0,0,0,0,0,0,0,0,1,0,0,0,0,0,1,0,0,1,0,0,0,0,0,1,3893-JRNFS
1,1,70.05,70.05,0,1.0,2,1,0,0,1,0,0,1,0,0,0,0,0,0,0,0,0,0,0,0,0,0,0,1,0,1,0,0,0,0,9603-OAIHC
0,18,20.1,407.05,0,0.04937968308561602,1,0,0,0,1,0,0,0,1,1,0,1,0,1,0,1,0,1,0,1,0,1,0,0,0,0,1,1,0,0,1133-KXCGE
0,57,112.95,6465.0,1,0.017470997679814384,8,0,0,0,1,0,1,1,0,0,1,0,1,0,1,0,0,0,1,0,1,0,1,1,0,0,0,0,0,1,5236-PERKL
0,26,20.3,511.25,0,0.03970660146699267,1,1,0,0,1,0,0,0,1,1,0,1,0,1,0,1,0,1,0,1,0,0,0,1,0,1,0,0,1,0,0142-GVYSN
0,17,35.65,646.05,0,0.05518148750096742,3,0,1,0,0,1,0,0,0,0,0,0,1,0,1,0,0,0,0,0,0,0,0,1,1,0,0,1,0,0,1049-FYSYG
0,1,35.9,35.9,1,1.0,2,1,0,0,0,1,0,0,0,0,0,0,0,0,0,0,0,0,0,0,1,0,0,0,0,1,0,0,0,0,7854-FOKSF
0,38,99.25,3777.15,1,0.026276425347153277,6,1,0,1,1,0,1,1,0,0,0,0,0,0,1,0,0,0,1,0,1,0,0,1,0,0,0,0,1,0,2519-FAKOD
1,59,82.95,4903.15,0,0.016917695767006927,5,1,1,0,1,0,0,1,0,0,1,0,1,0,1,0,0,0,0,0,0,1,0,1,1,0,0,0,0,1,8406-LNMHF
0,30,55.65,1653.85,0,0.03364875895637452,4,1,0,0,1,0,0,0,0,0,1,0,0,0,1,0,0,0,0,0,0,0,1,1,0,0,1,0,1,0,1821-BUCWY
1,2,24.45,47.5,1,0.5147368421052632,1,1,0,0,0,1,0,0,0,0,0,0,0,0,0,0,0,0,0,0,0,0,0,1,0,0,1,0,0,0,8263-JQAIK
1,50,25.2,1306.3,0,0.019291127612340198,2,0,1,0,1,0,1,0,1,1,0,1,0,1,0,1,0,1,0,1,0,1,0,0,0,1,0,0,0,1,0023-UYUPN
0,9,50.8,463.6,0,0.10957722174288179,5,1,0,0,0,1,0,0,0,0,1,0,0,0,1,0,1,0,0,0,1,1,0,0,0,0,1,0,0,0,8314-DPQHL
0,3,19.65,60.65,0,0.3239901071723001,1,0,1,1,1,0,0,0,1,1,0,1,0,1,0,1,0,1,0,1,0,0,0,0,0,0,1,0,0,0,1465-WCZVT
0,14,59.8,824.85,0,0.07249802994483845,4,0,0,1,1,0,0,0,0,0,0,0,0,0,1,0,0,0,1,0,0,0,0,1,1,0,0,1,0,0,9481-SFCQY
1,31,73.55,2094.65,0,0.03511326474590027,3,0,0,0,1,0,0,1,0,0,1,0,0,0,0,0,0,0,0,0,0,0,0,1,1,0,0,0,1,0,6360-SVNWV
0,7,61.4,438.9,0,0.1398951925267715,5,0,0,0,1,0,0,0,0,0,1,0,1,0,1,0,0,0,0,0,0,0,0,0,0,1,0,0,0,0,0567-GGCAC
0,8,103.35,847.3,1,0.12197568747787088,7,0,0,0,1,0,1,1,0,0,1,0,0,0,0,0,1,0,1,0,1,0,0,1,0,0,0,0,0,0,7089-IVVAZ
0,17,19.9,329.75,0,0.060348749052312356,1,1,1,1,1,0,0,0,1,1,0,1,0,1,0,1,0,1,0,1,0,1,0,0,0,0,0,1,0,0,8884-MRNSU
0,32,19.45,674.55,0,0.028834037506485805,1,1,1,1,1,0,0,0,1,1,0,1,0,1,0,1,0,1,0,1,0,0,0,1,1,0,0,0,1,0,2171-UDMFD
1,2,81.5,162.55,0,0.50138418948016,3,0,0,0,1,0,0,1,0,0,0,0,0,0,0,0,0,0,1,0,0,0,0,0,0,0,1,0,0,0,9050-IKDZA
1,7,84.8,546.95,1,0.15504159429563943,4,1,0,0,1,0,1,1,0,0,0,0,0,0,0,0,0,0,1,0,0,0,0,1,0,1,0,0,0,0,2205-YMZZJ
0,72,109.55,7887.25,0,0.013889505214111381,8,0,1,1,1,0,1,1,0,0,1,0,1,0,1,0,0,0,1,0,1,0,1,0,1,0,0,0,0,1,9802-CAQUT
1,31,99.95,3186.65,1,0.03136522680557953,6,0,0,0,1,0,1,1,0,0,0,0,1,0,0,0,0,0,1,0,1,0,0,1,0,1,0,0,1,0,1254-IZEYF
0,27,74.4,1972.35,0,0.037721499733820066,3,0,1,1,1,0,0,1,0,0,1,0,0,0,0,0,0,0,0,0,0,0,0,0,0,0,1,0,1,0,0187-WZNAB
0,18,90.0,1527.35,1,0.058925590074311716,5,0,0,0,1,0,1,1,0,0,0,0,1,0,0,0,0,0,1,0,0,0,0,1,1,0,0,1,0,0,9492-TOKRI
0,7,74.9,490.55,0,0.15268576088064417,3,1,0,0,1,0,0,1,0,0,0,0,0,0,1,0,0,0,0,0,0,0,0,1,0,1,0,0,0,0,1475-VWVDO
1,14,104.85,1531.4,1,0.06846676243959775,7,0,0,0,1,0,1,1,0,0,0,0,1,0,1,0,0,0,1,0,1,0,0,1,0,1,0,1,0,0,9221-OTIVJ
0,11,59.65,683.25,0,0.08730332967435053,4,1,1,1,1,0,0,0,0,0,0,0,0,0,1,0,0,0,1,0,0,0,0,1,0,0,0,0,0,0,1357-MVDOZ
0,72,110.45,8058.85,0,0.013705429434720834,8,0,1,1,1,0,1,1,0,0,1,0,0,0,1,0,1,0,1,0,1,0,1,1,0,0,0,0,0,1,7602-MVRMB
0,28,106.1,2847.4,1,0.03726206363700217,7,1,1,1,1,0,1,1,0,0,1,0,1,0,0,0,0,0,1,0,1,1,0,0,0,1,0,0,1,0,3325-FUYCG
1,15,74.2,1133.9,1,0.0654378693006438,3,1,0,0,1,0,1,1,0,0,0,0,0,0,0,0,0,0,0,0,0,0,0,1,1,0,0,1,0,0,5908-QMGOE
1,4,74.45,294.45,0,0.25284428595686875,3,0,0,0,1,0,1,1,0,0,0,0,0,0,0,0,0,0,0,0,0,0,0,1,0,1,0,0,0,0,1197-BVMVG
0,71,24.55,1719.15,0,0.0142803129453509,2,0,0,0,1,0,1,0,1,1,0,1,0,1,0,1,0,1,0,1,0,0,1,0,0,1,0,0,0,1,5406-KGRMX
0,5,89.35,461.7,1,0.19352393329001516,5,0,0,0,1,0,0,1,0,0,0,0,1,0,0,0,1,0,0,0,1,0,0,1,0,1,0,0,0,0,8481-YYXWG
0,47,24.55,1160.45,0,0.021155586195010557,2,1,1,1,1,0,1,0,1,1,0,1,0,1,0,1,0,1,0,1,0,0,1,0,0,0,1,0,1,0,5968-HYJRZ
1,57,90.65,5199.8,0,0.017433362821646987,5,1,1,0,1,0,0,1,0,0,0,0,1,0,1,0,0,0,1,0,0,1,0,1,0,1,0,0,0,1,5198-EFNBM
1,50,105.05,5163.3,0,0.020345515464915847,7,1,1,0,1,0,1,1,0,0,1,0,0,0,1,0,0,0,1,0,1,0,1,1,1,0,0,0,0,1,7516-GMHUV
0,8,20.45,162.3,0,0.1260012322858903,1,1,0,0,1,0,0,0,1,1,0,1,0,1,0,1,0,1,0,1,0,0,0,1,1,0,0,0,0,0,7140-ADSMJ
0,48,19.55,883.35,0,0.022131657893247298,1,0,1,1,1,0,0,0,1,1,0,1,0,1,0,1,0,1,0,1,0,0,1,0,0,0,1,0,1,0,2230-XTUWL
0,70,19.7,1341.5,0,0.014685054043980619,1,0,0,0,1,0,0,0,1,1,0,1,0,1,0,1,0,1,0,1,0,1,0,0,0,0,0,0,0,1,7706-YLMQA
0,1,70.45,70.45,0,1.0,6,1,0,1,1,0,0,0,0,0,1,0,1,0,0,0,1,0,0,0,1,0,0,1,0,0,0,0,0,0,2585-KTFRE
0,8,85.65,659.45,0,0.1298809614072333,4,1,1,0,1,0,1,1,0,0,0,0,0,0,0,0,0,0,0,0,1,0,0,1,0,0,0,0,0,0,7994-UYIVZ
0,1,77.15,77.15,1,1.0,3,0,0,0,1,0,1,1,0,0,0,0,0,0,0,0,0,0,0,0,0,0,0,1,0,1,0,0,0,0,2609-IAICY
0,1,35.25,35.25,1,1.0,2,1,0,0,0,1,0,0,0,0,0,0,0,0,0,0,0,0,0,0,1,0,0,1,0,0,0,0,0,0,1740-CSDJP
0,60,20.55,1205.05,0,0.017053234305630473,1,1,1,1,1,0,0,0,1,1,0,1,0,1,0,1,0,1,0,1,0,0,1,0,0,0,1,0,0,1,7717-BICXI
0,49,97.95,4917.9,0,0.01991703776001952,6,1,1,1,1,0,1,1,0,0,0,0,0,0,0,0,1,0,1,0,1,1,0,1,0,1,0,0,0,1,6559-RAKOZ
0,4,48.55,201.0,1,0.2415422885572139,4,1,1,0,0,1,0,0,0,0,0,0,1,0,0,0,0,0,1,0,1,0,0,1,0,1,0,0,0,0,2636-OHFMN
0,29,20.0,599.3,0,0.03337226764558652,1,0,0,0,1,0,0,0,1,1,0,1,0,1,0,1,0,1,0,1,0,1,0,0,0,0,1,0,1,0,4716-MRVEN
0,67,25.25,1733.15,0,0.014568848628220292,2,0,1,0,1,0,1,0,1,1,0,1,0,1,0,1,0,1,0,1,0,0,1,1,1,0,0,0,0,1,2143-LJULT
0,53,98.4,5149.5,1,0.019108651325371397,6,0,1,0,1,0,1,1,0,0,0,0,1,0,0,0,0,0,1,0,1,0,0,1,1,0,0,0,0,1,1323-OOEPC
0,67,70.9,4677.1,0,0.015158966025956256,7,1,1,0,1,0,1,0,0,0,1,0,1,0,1,0,1,0,0,0,0,0,1,0,1,0,0,0,0,1,3200-MNQTF
0,6,19.85,119.3,0,0.1663872590108969,1,0,1,1,1,0,0,0,1,1,0,1,0,1,0,1,0,1,0,1,0,0,0,0,0,0,1,0,0,0,6164-HXUGH
0,47,106.35,4849.1,0,0.021931904889567134,7,0,0,0,1,0,1,1,0,0,0,0,1,0,1,0,0,0,1,0,1,0,0,1,0,1,0,0,1,0,5630-IXDXV
0,53,99.5,5424.25,0,0.018343549799511454,7,0,0,0,1,0,0,1,0,0,1,0,1,0,1,0,1,0,0,0,1,0,1,0,0,0,1,0,0,1,0320-DWVTU
0,69,84.7,5878.9,0,0.014407457177363114,8,1,1,0,1,0,0,0,0,0,1,0,1,0,1,0,1,0,1,0,1,0,1,1,0,0,1,0,0,1,9135-MGVPY
0,3,86.05,244.85,0,0.351439656932816,4,1,0,0,1,0,0,1,0,0,1,0,0,0,0,0,0,0,0,0,1,0,0,1,0,0,1,0,0,0,1212-GLHMD
0,4,44.55,220.75,0,0.2018120045300113,2,1,0,0,1,0,0,0,0,0,0,0,0,0,0,0,0,0,0,0,0,0,0,0,0,0,1,0,0,0,7878-JGDKK
0,56,75.85,4261.2,0,0.017800150192434055,7,1,1,1,1,0,1,0,0,0,1,0,1,0,0,0,1,0,0,0,1,0,1,1,1,0,0,0,0,1,1088-AUUZZ
1,59,93.85,5574.75,1,0.01683483564285394,5,1,1,0,1,0,1,1,0,0,0,0,0,0,0,0,0,0,1,0,1,0,0,1,0,0,0,0,0,1,0397-GZBBC
1,61,25.0,1501.75,0,0.0166472448809722,2,1,1,0,1,0,1,0,1,1,0,1,0,1,0,1,0,1,0,1,0,0,1,0,0,0,0,0,0,1,6614-YWYSC
0,2,45.0,89.75,0,0.5013927576601671,2,0,1,0,1,0,0,0,0,0,0,0,0,0,0,0,0,0,0,0,0,0,0,1,0,1,0,0,0,0,9588-OZDMQ
1,46,100.7,4541.2,1,0.02217475557121466,7,1,1,1,1,0,1,1,0,0,1,0,1,0,1,0,0,0,1,0,0,0,0,1,0,1,0,0,1,0,7641-EUYET
0,12,20.5,255.5,0,0.08023483365949119,1,1,1,1,1,0,0,0,1,1,0,1,0,1,0,1,0,1,0,1,0,0,0,0,0,0,1,0,0,0,6476-EPYZR
0,14,80.45,1072.0,1,0.07504664179104478,4,0,0,0,1,0,1,1,0,0,0,0,0,0,1,0,0,0,0,0,0,0,0,1,0,1,0,1,0,0,9921-ZVRHG
0,28,90.45,2509.25,0,0.03604662747833018,5,0,1,1,1,0,1,1,0,0,0,0,0,0,0,0,1,0,0,0,1,1,0,1,0,1,0,0,1,0,1174-FGIFN
0,24,60.45,1440.75,0,0.04195731389901093,5,1,0,0,1,0,0,0,0,0,1,0,1,0,0,0,1,0,0,0,0,0,0,0,0,0,0,1,0,0,6620-HVDUJ
0,31,55.25,1715.65,1,0.032203538017660946,4,1,0,0,1,0,0,0,0,0,0,0,0,0,1,0,1,0,0,0,0,0,0,1,0,1,0,0,1,0,4701-MLJPN
0,68,78.45,5333.35,0,0.01470932903334677,8,0,1,1,1,0,1,0,0,0,1,0,1,0,1,0,1,0,0,0,1,1,0,1,0,1,0,0,0,1,1032-MAELW
0,39,100.55,3895.35,0,0.025812828115573696,6,1,0,1,1,0,1,1,0,0,0,0,0,0,0,0,1,0,1,0,1,0,1,0,0,0,1,0,1,0,7641-TQFHN
0,42,20.35,869.9,0,0.023393493505000577,1,0,1,0,1,0,0,0,1,1,0,1,0,1,0,1,0,1,0,1,0,0,0,0,1,0,0,0,1,0,1552-TKMXS
0,13,54.45,706.85,1,0.07703190210087006,5,1,1,0,0,1,0,0,0,0,1,0,0,0,0,0,1,0,1,0,1,0,0,1,0,1,0,1,0,0,9206-GVPEQ
0,6,90.75,512.25,0,0.17715959004392387,5,0,1,0,1,0,1,1,0,0,0,0,1,0,0,0,0,0,0,0,1,0,0,1,0,1,0,0,0,0,8622-ZLFKO
0,35,75.35,2636.05,1,0.02858443504485878,3,1,0,0,1,0,1,1,0,0,0,0,0,0,0,0,0,0,0,0,0,0,0,0,1,0,0,0,1,0,1596-BBVTG
0,38,20.25,814.75,0,0.024854249769868057,1,0,1,0,1,0,0,0,1,1,0,1,0,1,0,1,0,1,0,1,0,1,0,1,1,0,0,0,1,0,6188-UXBBR
0,18,20.05,388.6,0,0.05159547092125579,1,1,0,0,1,0,0,0,1,1,0,1,0,1,0,1,0,1,0,1,0,0,1,0,1,0,0,1,0,0,2333-KWEWW
0,4,19.6,93.45,0,0.20973782771535582,1,0,1,0,1,0,0,0,1,1,0,1,0,1,0,1,0,1,0,1,0,0,0,0,0,0,1,0,0,0,5702-SKUOB
0,27,53.8,1389.85,0,0.03870921322444868,4,1,1,0,1,0,0,0,0,0,0,0,1,0,0,0,1,0,0,0,0,0,0,1,0,1,0,0,1,0,1134-YWTYF
0,41,70.2,2894.55,0,0.02425247447789812,6,1,0,1,1,0,0,0,0,0,1,0,1,0,1,0,0,0,1,0,0,1,0,0,0,0,1,0,1,0,6061-GWWAV
0,50,75.5,4025.6,0,0.018754968203497615,6,1,1,1,1,0,0,0,0,0,1,0,0,0,0,0,1,0,1,0,1,1,0,0,0,1,0,0,0,1,0679-TDGAK
0,72,20.35,1354.4,0,0.01502510336680449,1,1,1,1,1,0,0,0,1,1,0,1,0,1,0,1,0,1,0,1,0,0,1,0,0,1,0,0,0,1,6585-WCEWR
0,70,26.05,1856.4,0,0.014032536091359621,2,0,0,0,1,0,1,0,1,1,0,1,0,1,0,1,0,1,0,1,0,1,0,0,1,0,0,0,0,1,9067-YGSCA
0,44,20.6,926.0,0,0.022246220302375812,1,1,1,1,1,0,0,0,1,1,0,1,0,1,0,1,0,1,0,1,0,1,0,0,0,0,0,0,1,0,9067-SQTNS
0,2,75.7,189.2,1,0.40010570824524316,3,1,0,0,1,0,0,1,0,0,1,0,0,0,0,0,0,0,0,0,0,0,0,1,0,1,0,0,0,0,8433-WXGNA
0,34,20.1,682.1,0,0.029467819967746667,1,0,1,1,1,0,0,0,1,1,0,1,0,1,0,1,0,1,0,1,0,1,0,1,0,0,0,0,1,0,1776-SPBWV
1,72,24.3,1778.7,0,0.013661663012312362,2,0,1,0,1,0,1,0,1,1,0,1,0,1,0,1,0,1,0,1,0,0,1,0,0,0,0,0,0,1,8735-SDUFN
0,71,24.5,1816.2,0,0.013489703777117057,2,1,1,0,1,0,1,0,1,1,0,1,0,1,0,1,0,1,0,1,0,0,1,1,0,1,0,0,0,1,9668-PUGNU
0,64,110.5,7069.25,0,0.015631078261484598,8,0,0,0,1,0,1,1,0,0,0,0,1,0,1,0,1,0,1,0,1,0,1,1,1,0,0,0,0,1,9405-GPBBG
0,72,25.25,1841.2,0,0.01371388225070606,2,0,1,0,1,0,1,0,1,1,0,1,0,1,0,1,0,1,0,1,0,0,1,1,0,0,0,0,0,1,1926-QUZNN
0,1,74.25,74.25,1,1.0,3,1,0,0,1,0,1,1,0,0,0,0,0,0,0,0,0,0,0,0,0,0,0,1,0,0,1,0,0,0,3707-GNWHM
1,29,90.1,2656.7,0,0.033914254526292015,5,1,1,0,1,0,0,1,0,0,1,0,0,0,1,0,0,0,0,0,1,1,0,0,0,0,0,0,1,0,7016-NVRIC
0,23,68.75,1689.45,0,0.04069371689011216,6,0,1,0,1,0,0,0,0,0,1,0,0,0,1,0,1,0,0,0,1,1,0,1,0,0,0,1,0,0,5829-NVSQN
0,52,19.2,1054.75,0,0.018203365726475466,1,1,1,1,1,0,0,0,1,1,0,1,0,1,0,1,0,1,0,1,0,0,1,0,0,0,1,0,0,1,9565-AXSMR
1,25,89.7,2187.55,1,0.0410047770336678,5,0,0,0,1,0,1,1,0,0,0,0,1,0,0,0,0,0,0,0,1,0,0,1,0,1,0,0,1,0,8922-LIEGH
0,64,115.1,7334.05,0,0.015693920821374274,9,0,0,0,1,0,1,1,0,0,1,0,1,0,1,0,1,0,1,0,1,0,1,1,0,0,0,0,0,1,8869-LIHMK
1,16,96.4,1581.2,1,0.06096635466734126,5,0,0,0,1,0,1,1,0,0,0,0,0,0,0,0,0,0,1,0,1,0,0,1,0,1,0,1,0,0,8245-UMPYT
1,1,69.5,69.5,1,1.0,2,1,0,0,1,0,0,1,0,0,0,0,0,0,0,0,0,0,0,0,0,0,0,1,0,0,0,0,0,0,5186-SAMNZ
0,24,99.65,2404.85,0,0.041437095868765206,6,1,0,0,1,0,1,1,0,0,0,0,1,0,0,0,0,0,1,0,1,0,0,1,0,0,0,1,0,0,0447-RXSGD
0,2,91.45,171.45,0,0.5333916593759114,5,1,1,0,1,0,1,1,0,0,0,0,0,0,1,0,0,0,1,0,0,0,0,1,0,1,0,0,0,0,4927-WWOOZ
0,34,84.75,2839.45,0,0.029847329588476645,8,0,1,1,1,0,0,0,0,0,1,0,1,0,1,0,1,0,1,0,1,0,1,0,0,0,1,0,1,0,5788-YPOEG
1,36,85.25,3132.75,1,0.027212512967839757,4,1,1,0,1,0,1,1,0,0,0,0,0,0,0,0,0,0,0,0,1,0,0,1,1,0,0,0,1,0,5373-SFODM
0,53,78.75,3942.45,0,0.019974888711334324,7,1,1,1,1,0,1,0,0,0,0,0,0,0,1,0,1,0,1,0,1,1,0,1,0,0,1,0,0,1,0661-KBKPA
0,47,20.25,873.4,0,0.023185253034119533,1,0,1,1,1,0,0,0,1,1,0,1,0,1,0,1,0,1,0,1,0,0,1,0,1,0,0,0,1,0,9081-WWXKP
0,72,19.9,1529.65,0,0.013009511979864673,1,1,0,1,1,0,0,0,1,1,0,1,0,1,0,1,0,1,0,1,0,0,1,0,1,0,0,0,0,1,0784-ZQJZX
0,72,97.75,6991.6,0,0.013981062989873562,7,1,1,1,1,0,1,1,0,0,1,0,1,0,0,0,1,0,0,0,1,0,1,1,1,0,0,0,0,1,3133-PZNSR
0,1,19.4,19.4,1,1.0,1,1,0,0,1,0,0,0,1,1,0,1,0,1,0,1,0,1,0,1,0,0,0,0,0,0,1,0,0,0,5766-ZJYBB
0,9,83.3,803.3,1,0.10369724884849994,4,0,0,0,1,0,1,1,0,0,0,0,0,0,0,0,0,0,0,0,1,0,0,1,0,1,0,0,0,0,8931-GJJIQ
0,8,80.1,679.3,1,0.1179155012512881,3,0,0,0,1,0,0,1,0,0,0,0,0,0,0,0,0,0,1,0,0,0,0,1,0,0,0,0,0,0,4277-PVRAN
1,45,62.7,2791.5,1,0.02246104245029554,5,1,0,0,1,0,0,0,0,0,1,0,0,0,1,0,0,0,0,0,1,1,0,0,1,0,0,0,1,0,0022-TCJCI
0,7,100.4,715.0,0,0.14041958041958041,6,0,0,0,1,0,0,1,0,0,0,0,0,0,1,0,1,0,1,0,1,0,0,1,0,1,0,0,0,0,0722-SVSFK
0,71,24.45,1681.6,0,0.014539724072312084,2,0,1,0,1,0,1,0,1,1,0,1,0,1,0,1,0,1,0,1,0,0,1,1,1,0,0,0,0,1,3612-YVGSJ
1,41,101.1,4016.2,0,0.0251730491509387,6,0,0,0,1,0,0,1,0,0,0,0,0,0,1,0,1,0,1,0,1,1,0,1,0,0,0,0,1,0,9825-YCXWZ
0,67,50.9,3281.65,0,0.015510490149772217,4,1,1,1,0,1,0,0,0,0,1,0,0,0,0,0,0,0,1,0,1,0,1,0,1,0,0,0,0,1,5397-NSKQG
0,69,107.2,7317.1,0,0.014650612947752524,8,1,1,0,1,0,1,1,0,0,1,0,1,0,1,0,1,0,0,0,1,1,0,1,1,0,0,0,0,1,8565-HBFNN
1,70,92.2,6474.45,0,0.014240591864946058,9,0,1,0,1,0,1,0,0,0,1,0,1,0,1,0,1,0,1,0,1,0,1,1,0,0,0,0,0,1,2000-DHJUY
0,25,25.3,676.35,1,0.0374066681451911,2,1,0,0,1,0,1,0,1,1,0,1,0,1,0,1,0,1,0,1,0,1,0,0,0,0,0,0,1,0,0203-HHYIJ
0,72,113.4,8164.1,0,0.013890079739346651,9,1,0,0,1,0,1,1,0,0,1,0,1,0,1,0,1,0,1,0,1,0,1,0,0,0,0,0,0,1,8670-ERCJH
0,34,40.55,1325.85,0,0.030584153561865973,3,1,1,1,0,1,0,0,0,0,0,0,0,0,0,0,1,0,1,0,0,0,1,1,0,1,0,0,1,0,7758-UJWYS
0,65,26.0,1654.85,0,0.01571139378191377,2,0,1,1,1,0,1,0,1,1,0,1,0,1,0,1,0,1,0,1,0,0,1,0,1,0,0,0,0,1,2050-ONYDQ
0,70,111.95,7795.95,0,0.014360020266933473,9,0,0,0,1,0,1,1,0,0,1,0,1,0,1,0,1,0,1,0,1,0,1,1,1,0,0,0,0,1,7055-JCGNI
0,72,53.8,3952.45,0,0.013611810396083442,5,0,1,1,0,1,0,0,0,0,1,0,0,0,1,0,0,0,1,0,1,0,1,1,1,0,0,0,0,1,0739-UUAJR
0,35,72.1,2495.15,0,0.028896058353205214,5,1,0,1,1,0,0,0,0,0,0,0,0,0,0,0,1,0,1,0,1,1,0,1,0,0,1,0,1,0,4826-DXMUP
0,13,98.15,1230.25,1,0.07978053241211136,6,1,0,0,1,0,1,1,0,0,1,0,0,0,0,0,0,0,1,0,1,0,0,0,0,0,1,1,0,0,0952-KMEEH
0,12,78.85,876.75,0,0.08993441688052466,7,0,1,0,1,0,1,0,0,0,1,0,0,0,1,0,0,0,1,0,1,1,0,0,0,1,0,0,0,0,7285-KLOTR
0,62,70.75,4263.45,0,0.01659454197891379,6,0,1,1,1,0,0,0,0,0,1,0,0,0,1,0,1,0,1,0,0,1,0,1,0,0,0,0,0,1,0654-PQKDW
0,25,76.15,1992.95,0,0.0382096891542688,6,0,0,0,1,0,0,0,0,0,1,0,0,0,0,0,1,0,1,0,1,0,0,1,1,0,0,0,1,0,7175-NTIXE
0,52,39.1,1982.1,0,0.01972655264618334,4,0,0,0,0,1,0,0,0,0,1,0,1,0,0,0,1,0,0,0,0,0,1,0,0,0,1,0,0,1,7963-SHNDT
1,8,69.95,562.7,0,0.1243113559623245,2,1,0,0,1,0,0,1,0,0,0,0,0,0,0,0,0,0,0,0,0,0,0,1,1,0,0,0,0,0,9796-BPKIW
0,2,20.05,33.7,0,0.5949554896142433,1,1,0,0,1,0,0,0,1,1,0,1,0,1,0,1,0,1,0,1,0,0,0,0,0,0,1,0,0,0,0188-GWFLE
0,56,20.05,1090.1,0,0.018392807999266125,1,0,1,1,1,0,0,0,1,1,0,1,0,1,0,1,0,1,0,1,0,0,1,0,0,0,1,0,0,1,8129-GMVGI
0,12,19.45,227.45,0,0.08551329962629149,1,0,0,0,1,0,0,0,1,1,0,1,0,1,0,1,0,1,0,1,0,0,0,0,0,0,0,0,0,0,2882-DDZPG
0,47,26.9,1250.85,0,0.021505376344086023,2,0,1,0,1,0,1,0,1,1,0,1,0,1,0,1,0,1,0,1,0,1,0,0,0,1,0,0,1,0,3547-LQRIK
1,2,19.2,37.2,0,0.5161290322580645,1,1,0,0,1,0,0,0,1,1,0,1,0,1,0,1,0,1,0,1,0,0,0,0,0,1,0,0,0,0,9137-NOQKA
0,18,50.0,892.7,0,0.05600985773496135,3,0,0,0,1,0,0,0,0,0,0,0,0,0,1,0,0,0,0,0,0,0,0,1,0,0,1,1,0,0,5843-TTHGI
0,8,60.0,487.75,0,0.1230138390568939,4,0,0,0,1,0,0,0,0,0,1,0,0,0,0,0,0,0,1,0,0,0,0,1,0,1,0,0,0,0,1849-RJYIG
0,45,84.55,3713.95,0,0.022765519191157664,5,1,1,0,1,0,1,1,0,0,1,0,0,0,1,0,0,0,0,0,0,0,0,1,0,0,1,0,1,0,8868-GAGIO
0,3,45.45,141.7,0,0.3207480592801694,2,1,0,0,1,0,0,0,0,0,0,0,0,0,0,0,0,0,0,0,0,0,0,0,0,0,1,0,0,0,4061-UKJWL
0,38,20.05,678.2,0,0.029563550575051608,1,0,0,0,1,0,0,0,1,1,0,1,0,1,0,1,0,1,0,1,0,1,0,0,0,0,1,0,1,0,5380-XPJNZ
0,72,115.55,8425.3,0,0.013714645175839436,9,1,1,0,1,0,1,1,0,0,1,0,1,0,1,0,1,0,1,0,1,0,1,1,0,1,0,0,0,1,8263-QMNTJ
0,46,93.7,4154.8,1,0.022552228747472803,6,1,0,0,1,0,1,1,0,0,1,0,1,0,0,0,0,0,0,0,1,0,0,1,0,1,0,0,1,0,8178-EYZUO
0,71,99.0,7061.65,0,0.014019386404027388,7,0,1,1,1,0,1,1,0,0,1,0,1,0,1,0,0,0,1,0,0,0,1,1,1,0,0,0,0,1,3230-JCNZS
0,66,50.55,3364.55,0,0.015024297454340103,4,1,1,1,0,1,0,0,0,0,0,0,0,0,0,0,1,0,1,0,1,0,1,0,0,0,0,0,0,1,0277-ORXQS
1,25,105.95,2655.25,1,0.039902080783353736,7,1,0,0,1,0,1,1,0,0,0,0,1,0,1,0,0,0,1,0,1,0,0,0,0,0,1,0,1,0,5130-IEKQT
0,18,82.0,1425.45,1,0.05752569364060472,7,1,0,0,1,0,1,0,0,0,0,0,0,0,1,0,1,0,1,0,1,1,0,1,1,0,0,1,0,0,3230-WYKIR
0,13,25.0,332.5,0,0.07518796992481203,2,0,1,1,1,0,1,0,1,1,0,1,0,1,0,1,0,1,0,1,0,0,1,1,0,0,0,1,0,0,7996-BPXHY
0,65,91.55,5963.95,0,0.015350564642560719,9,0,1,1,1,0,1,0,0,0,1,0,1,0,1,0,1,0,1,0,1,0,1,0,0,0,0,0,0,1,3227-WLKLI
0,60,95.75,5742.9,1,0.016672761148548643,6,1,1,0,1,0,1,1,0,0,0,0,1,0,1,0,0,0,1,0,0,0,0,1,0,1,0,0,0,1,0407-BDJKB
0,15,19.35,278.85,0,0.06939214631522324,1,1,1,1,1,0,0,0,1,1,0,1,0,1,0,1,0,1,0,1,0,0,1,0,0,0,1,1,0,0,2266-FUBDZ
0,72,24.85,1871.85,0,0.013275636402489518,2,0,1,0,1,0,1,0,1,1,0,1,0,1,0,1,0,1,0,1,0,0,1,0,1,0,0,0,0,1,8237-ULIXL
0,30,94.05,2866.45,1,0.032810619407280785,5,1,1,0,1,0,1,1,0,0,0,0,0,0,0,0,0,0,1,0,1,0,0,1,1,0,0,0,1,0,9600-UDOPK
0,42,100.4,4303.65,0,0.02332903465662868,6,0,1,1,1,0,0,1,0,0,0,0,0,0,1,0,1,0,1,0,1,0,1,1,0,1,0,0,1,0,8216-AZUUZ
0,71,25.0,1753.0,0,0.01426126640045636,2,0,1,0,1,0,1,0,1,1,0,1,0,1,0,1,0,1,0,1,0,0,1,0,0,0,0,0,0,1,9153-BTBVV
0,1,54.75,54.75,1,1.0,3,0,0,0,1,0,0,0,0,0,0,0,0,0,0,0,0,0,0,0,1,0,0,1,0,0,1,0,0,0,4074-SJFFA
1,39,95.65,3759.05,1,0.025445258775488488,5,1,0,0,1,0,1,1,0,0,0,0,0,0,0,0,0,0,1,0,1,0,0,1,0,0,0,0,1,0,3269-ATYWD
0,35,19.25,617.65,0,0.03116651825467498,1,0,0,0,1,0,0,0,1,1,0,1,0,1,0,1,0,1,0,1,0,0,0,0,0,0,0,0,1,0,5186-PEIZU
0,53,108.25,5935.1,0,0.018238951323482334,7,0,1,1,1,0,0,1,0,0,0,0,1,0,1,0,1,0,1,0,1,0,0,1,0,0,0,0,0,1,1074-AMIOH
0,1,94.6,94.6,1,1.0,5,0,0,0,1,0,1,1,0,0,0,0,0,0,0,0,0,0,1,0,1,0,0,1,0,1,0,0,0,0,4910-GMJOT
1,31,98.9,2911.3,1,0.033971078212482395,6,0,1,1,1,0,0,1,0,0,0,0,0,0,1,0,1,0,1,0,1,0,0,1,0,1,0,0,1,0,0354-WYROK
0,48,20.15,982.95,0,0.020499516760771146,1,1,0,0,1,0,0,0,1,1,0,1,0,1,0,1,0,1,0,1,0,0,1,0,1,0,0,0,1,0,4361-FEBGN
1,30,101.3,2974.5,0,0.034056143889729364,6,0,0,1,1,0,1,1,0,0,0,0,0,0,0,0,1,0,1,0,1,0,0,1,0,1,0,0,1,0,7748-UMTRK
0,10,20.0,198.7,0,0.10065425264217413,1,1,0,0,1,0,0,0,1,1,0,1,0,1,0,1,0,1,0,1,0,0,0,0,1,0,0,0,0,0,0380-ZCSBI
0,12,105.3,1275.65,0,0.08254615294163758,7,0,0,1,1,0,1,1,0,0,0,0,1,0,1,0,0,0,1,0,1,0,0,1,0,1,0,0,0,0,7145-FEJWU
1,57,69.85,4003.0,0,0.017449412940294777,6,0,0,0,1,0,0,0,0,0,1,0,0,0,1,0,1,0,1,0,0,0,1,0,0,0,0,0,0,1,6463-MVYRY
0,58,65.25,3791.6,0,0.017209093786264375,5,0,1,0,1,0,0,0,0,0,1,0,1,0,0,0,0,0,1,0,0,0,0,1,1,0,0,0,0,1,3969-JQABI
0,37,19.8,813.3,0,0.024345260051641462,1,0,0,0,1,0,0,0,1,1,0,1,0,1,0,1,0,1,0,1,0,0,1,0,0,0,1,0,1,0,9624-EGDEQ
0,44,19.6,780.25,0,0.025120153796859983,1,0,1,1,1,0,0,0,1,1,0,1,0,1,0,1,0,1,0,1,0,0,0,0,0,0,1,0,1,0,1051-EQPZR
0,27,20.05,552.9,0,0.03626333875926931,1,1,0,1,1,0,0,0,1,1,0,1,0,1,0,1,0,1,0,1,0,1,0,0,1,0,0,0,1,0,5849-ASHZJ
0,8,49.4,408.25,0,0.12100428658909981,3,0,0,0,1,0,0,0,0,0,0,0,0,0,0,0,1,0,0,0,0,0,0,0,0,1,0,0,0,0,5780-INQIK
1,3,76.05,231.8,1,0.32808455565142364,3,1,0,0,1,0,1,1,0,0,0,0,0,0,0,0,0,0,0,0,0,0,0,1,0,1,0,0,0,0,7576-OYWBN
1,25,88.4,2191.15,0,0.04034411153960249,5,0,1,0,1,0,0,1,0,0,0,0,1,0,1,0,0,0,0,0,1,0,0,0,0,0,0,0,1,0,4526-ZJJTM
0,57,100.6,5611.7,0,0.017926831441452677,6,0,1,1,1,0,1,1,0,0,0,0,1,0,0,0,0,0,1,0,1,0,0,1,0,1,0,0,0,1,8384-FZBJK
0,12,19.45,246.25,0,0.07898477157360406,1,0,0,0,1,0,0,0,1,1,0,1,0,1,0,1,0,1,0,1,0,0,0,0,0,0,1,0,0,0,3750-RNQKR
0,62,20.3,1296.15,0,0.015661767542336922,1,0,1,1,1,0,0,0,1,1,0,1,0,1,0,1,0,1,0,1,0,0,1,0,0,0,0,0,0,1,0962-CQPWQ
0,65,107.65,7082.85,0,0.015198684145506399,8,0,1,0,1,0,1,1,0,0,0,0,1,0,1,0,1,0,1,0,1,0,1,1,0,0,0,0,0,1,3096-YXENJ
0,71,80.45,5662.25,0,0.01420813280939556,7,0,1,0,1,0,1,0,0,0,0,0,0,0,1,0,1,0,1,0,1,0,1,1,0,0,0,0,0,1,1265-BCFEO
0,21,58.85,1215.45,0,0.04841828129499362,4,0,1,1,1,0,0,0,0,0,0,0,1,0,0,0,0,0,1,0,0,1,0,1,1,0,0,1,0,0,5837-LXSDN
0,71,109.6,7854.15,0,0.013954406269297124,8,1,1,0,1,0,1,1,0,0,1,0,1,0,1,0,0,0,1,0,1,1,0,1,0,1,0,0,0,1,5945-AZYHT
0,7,75.15,525.0,0,0.14314285714285716,3,0,0,0,1,0,0,1,0,0,0,0,0,0,1,0,0,0,0,0,0,0,0,1,0,1,0,0,0,0,8325-QRPZR
0,72,73.0,5265.2,0,0.013864620527235434,7,0,0,0,1,0,0,0,0,0,1,0,1,0,1,0,1,0,0,0,1,0,1,1,1,0,0,0,0,1,6384-VMJHP
0,1,70.1,70.1,0,1.0,2,0,0,0,1,0,0,1,0,0,0,0,0,0,0,0,0,0,0,0,0,0,0,0,0,1,0,0,0,0,2262-SLNVK
0,72,98.65,7129.45,0,0.013836971996437315,7,0,1,1,1,0,1,1,0,0,0,0,1,0,1,0,1,0,0,0,1,0,1,1,0,0,0,0,0,1,7730-CLDSV
0,64,111.45,7266.95,0,0.015336557978243969,8,0,1,1,1,0,1,1,0,0,0,0,1,0,1,0,1,0,1,0,1,1,0,1,0,1,0,0,0,1,1135-HIORI
0,72,114.9,8496.7,0,0.013522897124766085,9,0,0,0,1,0,1,1,0,0,1,0,1,0,1,0,1,0,1,0,1,0,1,1,0,1,0,0,0,1,0164-APGRB
0,29,100.55,2878.75,0,0.034928354320451584,6,0,0,0,1,0,1,1,0,0,0,0,0,0,1,0,0,0,1,0,1,0,0,0,0,0,0,0,1,0,6481-ESCNL
0,13,20.4,261.3,0,0.07807118254879448,1,0,0,0,1,0,0,0,1,1,0,1,0,1,0,1,0,1,0,1,0,0,1,1,0,0,1,1,0,0,1790-NESIO
0,31,104.35,3205.6,0,0.03255240828550037,7,0,0,0,1,0,1,1,0,0,1,0,1,0,0,0,0,0,1,0,1,0,0,0,0,1,0,0,1,0,1550-EENBN
1,1,69.75,69.75,1,1.0,2,1,0,0,1,0,0,1,0,0,0,0,0,0,0,0,0,0,0,0,0,0,0,1,0,1,0,0,0,0,5539-TMZLF
0,7,34.5,279.25,1,0.12354521038495972,3,1,1,1,0,1,0,0,0,0,1,0,0,0,0,0,1,0,0,0,0,0,0,1,0,1,0,0,0,0,4323-SADQS
0,61,105.55,6281.45,1,0.01680344506443576,7,1,1,0,1,0,1,1,0,0,0,0,1,0,1,0,0,0,1,0,1,0,0,1,0,1,0,0,0,1,4446-BZKHU
0,39,30.1,1131.3,1,0.026606558826129233,2,0,0,1,0,1,0,0,0,0,0,0,0,0,1,0,0,0,0,0,0,0,0,0,1,0,0,0,1,0,5202-IVJNU
0,10,70.3,738.2,1,0.09523164454077485,2,1,1,0,1,0,0,1,0,0,0,0,0,0,0,0,0,0,0,0,0,0,0,1,0,1,0,0,0,0,5976-JCJRH
0,14,80.45,1137.05,0,0.07075326502792315,7,0,1,1,1,0,1,0,0,0,0,0,1,0,0,0,1,0,1,0,1,0,0,0,1,0,0,1,0,0,8198-RKSZG
0,1,80.2,80.2,1,1.0,4,0,0,0,1,0,1,1,0,0,0,0,1,0,0,0,0,0,0,0,0,0,0,1,0,0,1,0,0,0,0137-OCGAB
0,67,94.35,6341.45,1,0.014878300704097644,6,0,1,1,1,0,1,1,0,0,1,0,0,0,0,0,1,0,0,0,1,1,0,1,1,0,0,0,0,1,3351-NQLDI
0,72,91.35,6697.2,0,0.013640028668697365,9,0,0,0,1,0,1,0,0,0,1,0,1,0,1,0,1,0,1,0,1,0,1,1,0,0,0,0,0,1,9297-EONCV
0,6,44.6,260.8,1,0.1710122699386503,2,1,1,1,1,0,0,0,0,0,0,0,0,0,0,0,0,0,0,0,0,0,0,1,0,0,0,0,0,0,7593-JNWRU
0,1,19.6,19.6,1,1.0,1,0,0,0,1,0,0,0,1,1,0,1,0,1,0,1,0,1,0,1,0,0,0,1,0,0,1,0,0,0,4588-YBNIB
0,25,19.9,505.45,0,0.039370857651597584,1,1,1,1,1,0,0,0,1,1,0,1,0,1,0,1,0,1,0,1,0,1,0,0,0,1,0,0,1,0,1069-QJOEE
1,33,110.45,3655.45,1,0.03021515818845833,8,0,0,0,1,0,1,1,0,0,0,0,1,0,1,0,1,0,1,0,1,0,0,1,0,1,0,0,1,0,3336-JORSO
0,18,68.35,1299.8,0,0.05258501307893522,6,1,0,0,1,0,0,0,0,0,1,0,0,0,1,0,1,0,1,0,0,0,0,1,0,1,0,1,0,0,7799-DSEWS
0,71,79.1,5564.85,0,0.014214219610591479,7,1,1,0,1,0,0,0,0,0,0,0,1,0,1,0,1,0,1,0,1,0,1,1,1,0,0,0,0,1,8766-PAFNE
1,28,51.0,1381.8,0,0.03690838037342597,3,1,1,1,1,0,1,0,0,0,0,0,0,0,0,0,0,0,0,0,0,1,0,1,0,1,0,0,1,0,5315-CKEQK
0,2,80.55,188.1,0,0.42822966507177035,4,0,0,1,1,0,1,1,0,0,1,0,0,0,0,0,0,0,0,0,0,0,0,0,1,0,0,0,0,0,3130-ICDUP
0,17,66.7,1077.05,0,0.06192841557959241,6,1,1,1,1,0,1,0,0,0,0,0,1,0,1,0,1,0,0,0,0,0,0,1,0,0,1,1,0,0,0820-FNRNX
0,56,86.4,4922.4,0,0.01755241345685032,5,1,0,0,1,0,1,1,0,0,1,0,1,0,0,0,0,0,0,0,0,0,0,1,0,1,0,0,0,1,0880-FVFWF
0,60,50.05,2911.5,0,0.017190451657221363,5,0,1,0,0,1,0,0,0,0,1,0,1,0,1,0,0,0,0,0,1,1,0,0,0,1,0,0,0,1,4611-ANLQC
0,33,25.7,826.1,0,0.03111003510470887,2,0,0,0,1,0,1,0,1,1,0,1,0,1,0,1,0,1,0,1,0,0,1,0,1,0,0,0,1,0,4213-HKBJO
0,1,83.4,83.4,0,1.0,5,0,0,0,1,0,0,1,0,0,1,0,1,0,0,0,1,0,0,0,0,0,0,1,0,0,1,0,0,0,2792-LSHWX
0,2,70.7,140.7,1,0.5024875621890548,2,1,0,0,1,0,0,1,0,0,0,0,0,0,0,0,0,0,0,0,0,0,0,0,1,0,0,0,0,0,5028-GZLDO
0,63,84.65,5377.8,0,0.0157406374353825,5,1,1,0,1,0,1,1,0,0,1,0,0,0,0,0,1,0,0,0,0,0,1,1,1,0,0,0,0,1,0014-BMAQU
1,7,99.25,665.45,1,0.14914719362837175,6,1,1,0,1,0,1,1,0,0,0,0,0,0,1,0,0,0,1,0,1,0,0,1,0,1,0,0,0,0,6861-XWTWQ
0,55,64.75,3617.1,0,0.017901080976472864,5,0,0,0,1,0,0,0,0,0,0,0,1,0,1,0,0,0,0,0,1,0,1,1,0,0,1,0,0,1,9018-PCIOK
0,65,100.15,6643.5,0,0.01507488522616091,7,0,1,0,1,0,1,1,0,0,1,0,1,0,0,0,1,0,1,0,0,1,0,1,0,0,0,0,0,1,4837-QUSFT
0,1,84.8,84.8,1,1.0,4,1,1,0,1,0,0,1,0,0,0,0,0,0,0,0,1,0,1,0,0,0,0,1,0,1,0,0,0,0,6877-TJMBR
0,63,25.25,1559.3,0,0.016193163599050858,2,1,0,0,1,0,1,0,1,1,0,1,0,1,0,1,0,1,0,1,0,0,1,0,0,0,1,0,0,1,9953-ZMKSM
1,70,113.0,7987.6,0,0.01414692773799389,9,0,1,0,1,0,1,1,0,0,1,0,1,0,1,0,1,0,1,0,1,0,1,1,1,0,0,0,0,1,0907-HQNTS
0,36,40.65,1547.35,0,0.026270720909942806,4,0,1,1,0,1,0,0,0,0,1,0,0,0,1,0,1,0,0,0,0,0,1,0,1,0,0,0,1,0,7665-NKLAV
0,52,105.0,5426.85,1,0.01934824069211421,7,1,0,0,1,0,0,1,0,0,0,0,1,0,1,0,1,0,1,0,1,1,0,1,0,0,0,0,0,1,6769-DCQLI
0,22,54.45,1127.35,1,0.04829910852885085,4,1,0,0,1,0,1,0,0,0,1,0,0,0,0,0,0,0,0,0,0,0,0,1,0,1,0,1,0,0,2433-KMEAS
0,22,94.95,2142.8,0,0.04431118163151017,6,1,0,0,1,0,0,1,0,0,0,0,1,0,1,0,1,0,0,0,1,0,0,1,0,0,0,1,0,0,4391-LNRXK
1,5,59.9,287.85,0,0.20809449365989227,5,0,0,0,1,0,0,0,0,0,1,0,1,0,0,0,1,0,0,0,0,0,0,0,1,0,0,0,0,0,8250-ZNGGW
0,47,85.3,4045.65,1,0.021084374575160974,4,0,1,0,1,0,0,1,0,0,0,0,0,0,1,0,0,0,0,0,1,0,0,1,0,1,0,0,1,0,2195-ZRVAX
0,33,83.35,2757.85,1,0.030222818499918414,4,0,0,0,1,0,1,1,0,0,0,0,0,0,0,0,0,0,0,0,1,0,0,1,0,1,0,0,1,0,3550-SAHFP
0,18,33.5,600.0,1,0.05583333333333333,3,1,0,0,0,1,0,0,0,0,0,0,1,0,1,0,0,0,0,0,0,0,0,1,1,0,0,1,0,0,2011-TRQYE
0,1,19.8,19.8,0,1.0,1,0,0,0,1,0,0,0,1,1,0,1,0,1,0,1,0,1,0,1,0,0,0,0,1,0,0,0,0,0,8562-GHPPI
0,56,81.8,4534.45,0,0.018039674050877173,7,1,0,0,1,0,0,0,0,0,0,0,1,0,1,0,1,0,1,0,1,0,1,1,1,0,0,0,0,1,5893-PYOLZ
0,2,20.0,40.9,0,0.48899755501222497,1,0,0,0,1,0,0,0,1,1,0,1,0,1,0,1,0,1,0,1,0,0,0,1,0,0,1,0,0,0,4986-MXSFP
0,35,59.6,2094.9,0,0.028450045348226646,5,1,0,0,1,0,1,0,0,0,1,0,0,0,1,0,0,0,0,0,0,0,0,1,0,1,0,0,1,0,6131-FOYAS
0,64,25.0,1584.8,0,0.015774861181221605,2,0,1,0,1,0,1,0,1,1,0,1,0,1,0,1,0,1,0,1,0,0,1,0,1,0,0,0,0,1,3027-YNWZU
0,15,84.35,1302.65,0,0.06475261965992399,5,0,0,0,1,0,1,1,0,0,1,0,0,0,1,0,0,0,0,0,0,0,0,1,1,0,0,1,0,0,5609-IMCGG
0,24,90.35,2238.5,1,0.040361849452758544,4,1,0,0,1,0,0,1,0,0,0,0,0,0,0,0,0,0,1,0,1,0,0,1,0,1,0,1,0,0,4873-ILOLJ
0,1,55.55,55.55,0,1.0,3,1,0,0,1,0,0,0,0,0,0,0,0,0,0,0,0,0,0,0,1,0,0,0,0,0,1,0,0,0,4727-MCYZG
0,70,75.35,5437.75,0,0.013856834168543974,6,0,1,1,1,0,0,0,0,0,1,0,0,0,0,0,1,0,1,0,1,0,1,0,1,0,0,0,0,1,9481-WHGWY
0,1,90.75,90.75,1,1.0,4,1,1,0,1,0,0,1,0,0,0,0,0,0,0,0,0,0,1,0,1,0,0,1,0,1,0,0,0,0,2725-KXXWT
0,4,89.6,365.65,1,0.24504307397784766,5,0,0,1,1,0,1,1,0,0,0,0,1,0,0,0,0,0,1,0,0,0,0,0,0,0,1,0,0,0,9565-DJPIB
0,39,59.3,2209.15,0,0.026842903379127717,4,0,0,0,1,0,0,0,0,0,0,0,0,0,0,0,1,0,0,0,1,1,0,0,0,1,0,0,1,0,4328-VUFWD
0,29,66.1,1912.15,0,0.034568417749653524,5,0,0,0,1,0,1,0,0,0,1,0,0,0,0,0,0,0,0,0,1,0,0,1,0,1,0,0,1,0,3301-LSLWQ
0,14,18.8,255.55,0,0.0735668166699276,1,0,1,1,1,0,0,0,1,1,0,1,0,1,0,1,0,1,0,1,0,0,1,0,0,0,1,1,0,0,7473-ZBDSN
0,61,86.45,5175.3,0,0.016704345641798544,8,0,0,0,1,0,1,0,0,0,1,0,0,0,1,0,1,0,1,0,1,0,1,0,1,0,0,0,0,1,3166-PNEOF
0,13,52.1,670.65,0,0.07768582718258407,3,1,0,1,1,0,0,0,0,0,1,0,0,0,0,0,0,0,0,0,0,0,0,1,1,0,0,1,0,0,5639-NTUPK
0,66,47.4,3177.25,0,0.014918561649224959,5,0,0,0,0,1,0,0,0,0,1,0,1,0,1,0,1,0,0,0,0,0,1,1,0,0,1,0,0,1,8780-YRMTT
0,2,49.25,90.35,1,0.5451023796347537,4,1,0,0,0,1,0,0,0,0,0,0,0,0,1,0,0,0,1,0,1,0,0,1,0,1,0,0,0,0,8348-HFYIV
0,59,109.15,6557.75,0,0.016644428348137702,8,0,1,0,1,0,1,1,0,0,1,0,1,0,1,0,0,0,1,0,1,1,0,1,1,0,0,0,0,1,5140-FOMCQ
0,62,94.95,5791.85,0,0.016393725666237903,6,1,1,1,1,0,1,1,0,0,1,0,1,0,0,0,0,0,1,0,0,1,0,1,1,0,0,0,0,1,6242-SGYTS
1,33,93.55,3055.5,0,0.030616920307641956,6,1,1,0,1,0,0,1,0,0,1,0,1,0,0,0,1,0,0,0,1,1,0,1,0,1,0,0,1,0,8166-ORCHU
0,66,79.5,5196.1,0,0.01529993649082966,7,1,0,1,1,0,0,0,0,0,0,0,1,0,1,0,1,0,1,0,1,0,1,1,1,0,0,0,0,1,8414-OOEEL
0,72,115.05,8405.0,0,0.013688280785246877,9,0,0,0,1,0,1,1,0,0,1,0,1,0,1,0,1,0,1,0,1,0,1,0,1,0,0,0,0,1,8454-AATJP
0,1,19.75,19.75,1,1.0,1,1,0,1,1,0,0,0,1,1,0,1,0,1,0,1,0,1,0,1,0,0,0,0,0,0,1,0,0,0,6849-WLEYG
0,19,95.15,1789.25,1,0.05317870616179964,6,0,0,0,1,0,1,1,0,0,1,0,1,0,0,0,0,0,0,0,1,0,0,1,0,1,0,1,0,0,4659-NZRUF
0,51,95.15,5000.05,0,0.019029809701902982,6,0,1,1,1,0,1,1,0,0,1,0,0,0,0,0,1,0,1,0,0,1,0,1,0,0,1,0,0,1,4531-AUZNK
0,63,105.4,6713.2,0,0.015700411130310434,7,1,0,0,1,0,1,1,0,0,0,0,1,0,0,0,1,0,1,0,1,0,0,0,0,1,0,0,0,1,4191-XOVOM
0,27,20.1,562.6,0,0.0357269818698898,1,1,0,0,1,0,0,0,1,1,0,1,0,1,0,1,0,1,0,1,0,1,0,0,0,0,0,0,1,0,2150-OEGBV
0,22,101.35,2317.1,1,0.04374001985240171,6,1,0,0,1,0,1,1,0,0,1,0,0,0,0,0,0,0,1,0,1,0,0,1,0,0,0,1,0,0,8429-XIBUM
1,4,20.05,91.45,0,0.2192454893384363,1,0,0,0,1,0,0,0,1,1,0,1,0,1,0,1,0,1,0,1,0,0,0,0,0,0,1,0,0,0,1855-CFULU
0,42,20.7,828.85,0,0.024974362067925436,1,1,1,1,1,0,0,0,1,1,0,1,0,1,0,1,0,1,0,1,0,0,1,0,0,0,1,0,1,0,4878-BUNFV
0,29,20.35,617.35,0,0.0329634729083988,1,0,0,0,1,0,0,0,1,1,0,1,0,1,0,1,0,1,0,1,0,1,0,0,0,0,1,0,1,0,1872-EBWSC
0,4,70.05,266.9,1,0.26245784938179095,2,0,0,0,1,0,0,1,0,0,0,0,0,0,0,0,0,0,0,0,0,0,0,1,1,0,0,0,0,0,2608-BHKFN
0,30,19.7,625.05,0,0.03151747860171186,1,1,0,0,1,0,0,0,1,1,0,1,0,1,0,1,0,1,0,1,0,1,0,0,0,0,1,0,1,0,7026-YMSBE
0,4,74.65,301.4,1,0.2476775049767751,3,1,1,0,1,0,1,1,0,0,0,0,0,0,0,0,0,0,0,0,0,0,0,1,0,1,0,0,0,0,7341-LXCAF
0,71,85.45,6029.9,0,0.014171047612729897,8,1,1,1,1,0,0,0,0,0,1,0,1,0,1,0,1,0,1,0,1,0,1,0,0,0,0,0,0,1,6997-UVGOX
0,46,40.4,1842.7,0,0.021924350138383893,4,1,1,0,0,1,0,0,0,0,1,0,0,0,1,0,1,0,0,0,0,0,1,0,1,0,0,0,1,0,9674-EHPPG
0,4,50.4,206.6,1,0.24394966118102615,3,1,0,0,1,0,1,0,0,0,0,0,0,0,0,0,0,0,0,0,0,0,0,0,0,0,1,0,0,0,9462-MJUAW
0,7,79.65,604.7,1,0.13171820737555812,4,0,0,0,1,0,1,1,0,0,1,0,0,0,0,0,0,0,0,0,0,0,0,1,0,0,1,0,0,0,8128-YVJRG
0,69,105.2,7386.05,0,0.014243066320969937,7,1,0,0,1,0,1,1,0,0,0,0,1,0,0,0,1,0,1,0,1,1,0,1,0,0,0,0,0,1,5440-VHLUL
0,72,100.65,7334.05,0,0.013723658824251268,7,0,1,0,1,0,1,1,0,0,1,0,1,0,1,0,0,0,1,0,0,0,1,0,0,0,0,0,0,1,5781-BKHOP
1,19,79.85,1471.75,1,0.0542551384406319,4,1,0,0,1,0,1,1,0,0,0,0,0,0,1,0,0,0,0,0,0,0,0,1,0,1,0,1,0,0,4283-FUTGF
0,28,91.0,2626.15,0,0.03465148601565029,5,1,0,0,1,0,0,1,0,0,0,0,0,0,1,0,1,0,0,0,1,0,0,0,0,1,0,0,1,0,5213-TWWJU
0,5,78.75,412.1,1,0.1910943945644261,4,1,1,0,1,0,1,1,0,0,0,0,1,0,0,0,0,0,0,0,0,0,0,1,0,1,0,0,0,0,1569-TTNYJ
1,72,116.75,8277.05,0,0.014105266973136566,9,0,1,0,1,0,1,1,0,0,1,0,1,0,1,0,1,0,1,0,1,0,1,1,1,0,0,0,0,1,8628-MFKAX
1,8,80.45,583.45,1,0.1378867083726112,3,1,1,1,1,0,0,1,0,0,0,0,0,0,0,0,0,0,1,0,0,0,0,1,1,0,0,0,0,0,2397-BRLOM
0,7,59.1,369.25,0,0.16005416384563304,4,0,0,0,1,0,0,0,0,0,1,0,0,0,0,0,0,0,0,0,1,1,0,1,0,1,0,0,0,0,7629-WIXZF
0,22,49.8,1049.05,0,0.047471521853105186,3,0,0,0,1,0,0,0,0,0,1,0,0,0,0,0,0,0,0,0,0,0,0,1,0,1,0,1,0,0,5445-GLVOT
0,72,19.3,1414.8,0,0.013641504099519367,1,1,0,0,1,0,0,0,1,1,0,1,0,1,0,1,0,1,0,1,0,0,1,0,0,0,0,0,0,1,3976-HXHCE
0,8,19.65,169.75,0,0.11575846833578791,1,1,1,1,1,0,0,0,1,1,0,1,0,1,0,1,0,1,0,1,0,0,0,0,1,0,0,0,0,0,2466-NEJOJ
0,52,81.4,4354.45,0,0.018693520421637636,8,1,1,0,1,0,1,0,0,0,1,0,1,0,1,0,1,0,0,0,1,1,0,1,1,0,0,0,0,1,0254-KCJGT
0,68,38.9,2719.2,0,0.014305678140629597,4,0,0,0,0,1,0,0,0,0,1,0,0,0,1,0,1,0,0,0,0,0,1,0,0,0,1,0,0,1,5472-CVMDX
0,71,87.95,6365.35,0,0.013816993566732386,9,0,1,0,1,0,1,0,0,0,1,0,1,0,1,0,1,0,1,0,1,0,1,0,0,0,0,0,0,1,6461-SZMCV
0,2,19.85,51.6,0,0.3846899224806202,1,1,0,0,1,0,0,0,1,1,0,1,0,1,0,1,0,1,0,1,0,0,0,0,0,0,1,0,0,0,8150-QUDFX
1,34,96.35,3190.25,0,0.030201394875009793,6,0,0,0,1,0,1,1,0,0,0,0,1,0,0,0,1,0,1,0,0,0,0,1,0,1,0,0,1,0,9508-ILZDG
0,35,24.15,812.5,0,0.02972307692307692,1,0,0,0,0,1,0,0,0,0,0,0,0,0,0,0,0,0,0,0,0,0,0,0,0,1,0,0,1,0,2346-DJQTB
0,61,19.1,1143.8,0,0.01669872355306872,1,0,1,1,1,0,0,0,1,1,0,1,0,1,0,1,0,1,0,1,0,1,0,0,1,0,0,0,0,1,1697-LYYYX
0,1,44.0,44.0,0,1.0,2,1,0,0,1,0,0,0,0,0,0,0,0,0,0,0,0,0,0,0,0,0,0,0,0,1,0,0,0,0,1942-OQFRW
0,1,50.1,50.1,1,1.0,3,0,0,0,1,0,1,0,0,0,0,0,0,0,0,0,0,0,0,0,0,0,0,1,0,0,1,0,0,0,4749-VFKVB
0,53,60.6,3297.0,0,0.018380345768880802,4,0,1,1,1,0,0,0,0,0,0,0,0,0,1,0,0,0,0,0,1,1,0,0,1,0,0,0,0,1,9640-ZSLDC
0,72,25.65,1887.0,0,0.013593004769475357,2,0,1,0,1,0,1,0,1,1,0,1,0,1,0,1,0,1,0,1,0,0,1,0,0,0,0,0,0,1,4231-LZUYM
0,2,76.4,151.8,1,0.5032938076416338,3,1,1,0,1,0,0,1,0,0,0,0,0,0,1,0,0,0,0,0,0,0,0,0,0,1,0,0,0,0,7598-UAASY
0,3,98.7,293.65,1,0.3361144219308701,6,1,0,0,1,0,0,1,0,0,0,0,0,0,1,0,1,0,1,0,1,0,0,1,0,1,0,0,0,0,7938-OUHIO
1,13,100.8,1308.1,1,0.0770583288739393,6,0,0,0,1,0,1,1,0,0,1,0,0,0,0,0,0,0,1,0,1,0,0,1,0,1,0,1,0,0,8510-AWCXC
1,41,53.95,2215.4,0,0.02435226144262887,5,1,1,0,0,1,0,0,0,0,0,0,1,0,1,0,0,0,1,0,1,0,0,1,0,1,0,0,1,0,6128-AQBMT
0,24,20.4,482.8,0,0.04225352112676056,1,0,1,0,1,0,0,0,1,1,0,1,0,1,0,1,0,1,0,1,0,1,0,0,1,0,0,1,0,0,3594-BDSOA
0,28,90.1,2598.95,1,0.03466784663036996,4,0,1,1,1,0,0,1,0,0,0,0,0,0,0,0,0,0,1,0,1,1,0,1,0,0,0,0,1,0,0431-APWVY
0,8,29.35,216.45,0,0.1355971355971356,2,1,0,0,0,1,0,0,0,0,1,0,0,0,0,0,0,0,0,0,0,0,0,0,0,0,1,0,0,0,5133-VRSAB
0,1,20.45,20.45,0,1.0,1,1,0,0,1,0,0,0,1,1,0,1,0,1,0,1,0,1,0,1,0,0,0,1,0,0,1,0,0,0,5996-DAOQL
0,54,95.1,5064.85,0,0.018776469194546726,6,0,0,0,1,0,1,1,0,0,0,0,0,0,1,0,1,0,0,0,1,0,1,1,0,0,0,0,0,1,6838-YAUVY
0,41,25.25,996.45,0,0.02533995684680616,2,1,0,0,1,0,1,0,1,1,0,1,0,1,0,1,0,1,0,1,0,0,0,1,0,0,0,0,1,0,0484-JPBRU
0,19,44.9,839.65,0,0.05347466206157327,2,0,1,0,1,0,0,0,0,0,0,0,0,0,0,0,0,0,0,0,0,0,0,0,0,0,1,1,0,0,7883-ROJOC
0,72,92.65,6733.0,0,0.013760582207039953,9,0,1,1,1,0,1,0,0,0,1,0,1,0,1,0,1,0,1,0,1,0,1,0,0,0,0,0,0,1,0244-LGNFY
0,62,43.7,2618.3,0,0.016690218844288278,5,1,0,0,0,1,0,0,0,0,1,0,1,0,1,0,1,0,0,0,0,0,1,1,0,0,0,0,0,1,7274-CGTOD
1,56,72.6,4084.35,0,0.017775166183113592,6,0,1,1,1,0,0,0,0,0,1,0,0,0,0,0,1,0,1,0,1,0,1,1,1,0,0,0,0,1,4295-YURET
0,15,51.55,765.5,1,0.06734160679294578,3,1,0,0,1,0,1,0,0,0,0,0,0,0,0,0,0,0,0,0,0,0,0,0,0,1,0,1,0,0,3426-NIYYL
1,10,79.25,793.55,1,0.09986768319576587,3,1,0,0,1,0,0,1,0,0,0,0,0,0,0,0,0,0,0,0,1,0,0,1,0,1,0,0,0,0,8225-BTJAU
0,32,18.95,613.95,0,0.030865705676358005,1,1,1,1,1,0,0,0,1,1,0,1,0,1,0,1,0,1,0,1,0,0,1,0,0,0,1,0,1,0,4635-EJYPD
0,21,20.5,402.85,0,0.05088742708204046,1,1,0,0,1,0,0,0,1,1,0,1,0,1,0,1,0,1,0,1,0,0,0,0,1,0,0,1,0,0,1866-ZSLJM
0,62,19.95,1244.8,0,0.016026670951156813,1,1,1,1,1,0,0,0,1,1,0,1,0,1,0,1,0,1,0,1,0,1,0,0,0,0,0,0,0,1,4636-TVXVG
0,2,24.5,46.4,0,0.5280172413793104,1,0,0,0,0,1,0,0,0,0,0,0,0,0,0,0,0,0,0,0,0,0,0,0,0,1,0,0,0,0,4236-UJPWO
0,27,20.6,581.85,0,0.03540431382658761,1,1,0,1,1,0,0,0,1,1,0,1,0,1,0,1,0,1,0,1,0,0,1,0,0,0,1,0,1,0,9392-XBGTD
0,5,94.85,462.8,1,0.20494814174589454,5,1,0,0,1,0,1,1,0,0,0,0,0,0,0,0,0,0,1,0,1,0,0,1,0,0,0,0,0,0,3387-VATUS
0,25,61.05,1540.2,0,0.03963770938839112,6,0,0,0,0,1,0,0,0,0,1,0,1,0,1,0,0,0,1,0,1,1,0,0,0,1,0,0,1,0,6402-SSEJG
0,2,85.7,169.8,1,0.5047114252061249,4,0,0,0,1,0,1,1,0,0,0,0,0,0,0,0,0,0,0,0,1,0,0,1,0,1,0,0,0,0,1143-NMNQJ
0,49,106.65,5168.1,0,0.0206362105996401,7,1,0,0,1,0,1,1,0,0,0,0,1,0,0,0,1,0,1,0,1,1,0,1,0,0,0,0,0,1,1169-SAOCL
0,63,108.25,6780.1,0,0.015965841211781535,8,0,0,0,1,0,1,1,0,0,1,0,1,0,1,0,0,0,1,0,1,0,0,0,1,0,0,0,0,1,1110-KYLGQ
0,4,20.4,94.5,0,0.21587301587301586,1,0,0,1,1,0,0,0,1,1,0,1,0,1,0,1,0,1,0,1,0,0,0,0,1,0,0,0,0,0,9929-PLVPA
0,1,55.3,55.3,0,1.0,3,0,1,0,1,0,0,0,0,0,0,0,0,0,0,0,0,0,1,0,0,0,0,1,0,0,1,0,0,0,3518-PZXZQ
0,11,20.25,208.0,0,0.09735576923076923,1,1,0,0,1,0,0,0,1,1,0,1,0,1,0,1,0,1,0,1,0,0,0,0,0,0,1,0,0,0,2371-JUNGC
1,52,72.95,3829.75,0,0.019048240746785038,3,1,0,0,1,0,1,1,0,0,0,0,0,0,0,0,0,0,0,0,0,0,0,1,0,0,0,0,0,1,7693-QPEFS
1,60,89.45,5294.6,0,0.016894571827900124,5,0,1,0,1,0,1,1,0,0,0,0,1,0,0,0,0,0,0,0,1,0,0,0,0,1,0,0,0,1,0924-BJCRC
0,64,104.65,6889.8,0,0.015189120148625505,7,1,0,0,1,0,1,1,0,0,0,0,0,0,1,0,1,0,1,0,1,1,0,1,1,0,0,0,0,1,5074-FBGHB
0,43,75.2,3254.35,0,0.023107532994299938,6,0,1,1,1,0,0,0,0,0,1,0,0,0,1,0,0,0,1,0,1,0,1,0,0,0,0,0,1,0,2351-BKRZW
0,61,101.15,6383.9,0,0.01584454643713091,6,0,1,0,1,0,1,1,0,0,0,0,0,0,0,0,1,0,1,0,1,1,0,0,0,0,0,0,0,1,4455-BFSPD
0,1,44.4,44.4,1,1.0,2,0,0,0,1,0,0,0,0,0,0,0,0,0,0,0,0,0,0,0,0,0,0,0,0,0,1,0,0,0,0415-MOSGF
1,5,89.5,477.7,1,0.1873560812225246,4,1,0,0,1,0,0,1,0,0,0,0,0,0,0,0,0,0,1,0,1,0,0,1,0,1,0,0,0,0,1724-BQUHA
0,66,68.75,4447.55,0,0.015457948758305133,7,1,0,0,1,0,1,0,0,0,1,0,1,0,1,0,1,0,0,0,0,0,1,0,0,0,0,0,0,1,3948-KXDUF
0,67,111.05,7321.05,0,0.01516858920510036,8,1,1,0,1,0,0,1,0,0,1,0,1,0,1,0,1,0,1,0,1,0,1,1,0,1,0,0,0,1,2323-ARSVR
0,42,99.0,4135.0,0,0.023941958887545346,6,0,1,0,1,0,0,1,0,0,0,0,0,0,1,0,1,0,1,0,1,0,1,1,1,0,0,0,1,0,0815-MFZGM
1,1,86.05,86.05,1,1.0,4,1,1,0,1,0,1,1,0,0,0,0,0,0,0,0,0,0,1,0,0,0,0,1,0,1,0,0,0,0,4826-XTSOH
0,31,21.0,697.7,0,0.030098896373799627,1,0,1,1,1,0,0,0,1,1,0,1,0,1,0,1,0,1,0,1,0,0,1,0,0,0,1,0,1,0,5480-XTFFL
0,7,19.4,168.65,0,0.11503112955825673,1,1,0,0,1,0,0,0,1,1,0,1,0,1,0,1,0,1,0,1,0,0,0,1,0,0,1,0,0,0,8295-FHIVV
0,4,44.55,174.3,1,0.2555938037865748,3,1,0,0,0,1,0,0,0,0,0,0,0,0,0,0,0,0,1,0,1,0,0,1,0,1,0,0,0,0,2495-INZWQ
0,34,77.2,2753.8,0,0.02803398939647033,6,1,1,1,1,0,1,0,0,0,0,0,0,0,1,0,0,0,1,0,1,1,0,0,0,0,0,0,1,0,9086-YJYXS
0,3,19.45,69.25,0,0.2808664259927798,1,1,0,0,1,0,0,0,1,1,0,1,0,1,0,1,0,1,0,1,0,1,0,1,0,0,1,0,0,0,1179-INLAT
0,19,24.85,434.8,0,0.05715271389144434,1,0,1,1,0,1,0,0,0,0,0,0,0,0,0,0,0,0,0,0,0,0,0,1,0,0,1,1,0,0,7909-FIOIY
0,31,35.4,1077.5,1,0.0328538283062645,3,1,1,1,0,1,0,0,0,0,1,0,0,0,0,0,1,0,0,0,0,0,0,0,0,0,0,0,1,0,4139-SUGLD
0,1,95.65,95.65,1,1.0,5,0,0,0,1,0,1,1,0,0,0,0,0,0,0,0,0,0,1,0,1,0,0,0,0,0,1,0,0,0,6857-VWJDT
0,3,41.35,107.25,0,0.38554778554778557,4,1,0,0,0,1,0,0,0,0,1,0,0,0,1,0,1,0,0,0,0,0,0,0,0,0,1,0,0,0,6351-SCJKT
0,46,19.6,851.2,0,0.023026315789473683,1,1,1,0,1,0,0,0,1,1,0,1,0,1,0,1,0,1,0,1,0,0,0,0,0,1,0,0,1,0,5468-BPMMO
0,1,20.95,20.95,1,1.0,1,0,0,0,1,0,0,0,1,1,0,1,0,1,0,1,0,1,0,1,0,0,0,0,0,0,1,0,0,0,5624-BQSSA
0,69,84.45,5848.6,0,0.014439353007557363,5,0,1,1,1,0,1,1,0,0,1,0,0,0,1,0,0,0,0,0,0,1,0,0,0,0,0,0,0,1,0197-PNKNK
0,5,20.25,109.8,0,0.18442622950819673,1,1,0,0,1,0,0,0,1,1,0,1,0,1,0,1,0,1,0,1,0,0,0,0,0,0,1,0,0,0,2439-QKJUL
0,1,19.65,19.65,0,1.0,1,1,0,0,1,0,0,0,1,1,0,1,0,1,0,1,0,1,0,1,0,0,0,0,0,0,0,0,0,0,1194-SPVSP
0,26,20.65,595.5,0,0.034676742233417296,1,1,0,0,1,0,0,0,1,1,0,1,0,1,0,1,0,1,0,1,0,1,0,1,1,0,0,0,1,0,9534-NSXEM
1,10,34.7,329.8,1,0.1052152819890843,2,0,0,0,0,1,0,0,0,0,0,0,0,0,0,0,0,0,0,0,1,0,0,1,0,1,0,0,0,0,2408-WITXK
0,25,99.3,2513.5,0,0.03950666401432266,6,1,0,0,1,0,0,1,0,0,0,0,0,0,1,0,1,0,1,0,1,0,1,0,0,0,0,0,1,0,8929-KSWIH
0,64,81.05,5135.35,0,0.015782760668698333,4,1,1,1,1,0,0,1,0,0,1,0,1,0,0,0,0,0,0,0,0,0,0,0,0,1,0,0,0,1,2250-IVBWA
0,30,67.6,2000.2,0,0.0337966203379662,7,1,1,1,1,0,1,0,0,0,1,0,1,0,1,0,1,0,0,0,0,0,0,0,0,1,0,0,1,0,1810-MVMAI
0,13,70.15,931.75,0,0.07528843573920044,2,1,0,0,1,0,0,1,0,0,0,0,0,0,0,0,0,0,0,0,0,0,0,1,0,1,0,1,0,0,9506-UXUSK
0,64,115.0,7396.15,0,0.015548630030488836,9,0,1,0,1,0,1,1,0,0,1,0,1,0,1,0,1,0,1,0,1,1,0,1,0,1,0,0,0,1,1229-RCALF
0,46,84.8,3958.85,0,0.021420361973805525,5,0,0,1,1,0,1,1,0,0,0,0,0,0,1,0,1,0,0,0,0,0,0,1,0,0,0,0,1,0,3572-UOLYZ
0,12,19.7,260.9,0,0.07550785741663472,1,0,0,0,1,0,0,0,1,1,0,1,0,1,0,1,0,1,0,1,0,1,0,0,0,0,1,0,0,0,1429-UYJSV
0,15,19.75,297.3,1,0.06643121426168853,1,0,0,0,1,0,0,0,1,1,0,1,0,1,0,1,0,1,0,1,0,0,0,0,0,0,0,1,0,0,5577-OTWWW
0,17,92.55,1515.1,1,0.06108507689261435,5,1,1,1,1,0,1,1,0,0,0,0,0,0,0,0,0,0,1,0,1,0,0,1,0,1,0,1,0,0,6100-QQHEB
0,13,63.15,816.8,0,0.07731390793339864,5,0,1,1,1,0,0,0,0,0,1,0,0,0,1,0,0,0,0,0,1,0,0,1,0,0,1,1,0,0,6366-XIVKZ
0,67,74.0,4868.4,0,0.015200065730013968,7,0,1,1,1,0,1,0,0,0,1,0,1,0,0,0,1,0,1,0,0,0,1,0,1,0,0,0,0,1,3470-OBUET
0,24,29.1,688.0,0,0.04229651162790698,2,1,1,0,0,1,0,0,0,0,0,0,0,0,1,0,0,0,0,0,0,0,0,0,0,1,0,1,0,0,2770-NSVDG
0,6,50.05,288.35,0,0.1735737818623201,3,1,0,0,1,0,0,0,0,0,0,0,0,0,0,0,1,0,0,0,0,0,0,0,0,0,1,0,0,0,9375-MHRRS
1,53,60.05,3229.65,1,0.018593346028207388,5,1,1,0,1,0,1,0,0,0,1,0,0,0,0,0,1,0,0,0,0,1,0,1,0,1,0,0,0,1,2634-HCZGT
1,16,74.3,1178.25,1,0.06305962232123913,3,1,1,0,1,0,0,1,0,0,0,0,1,0,0,0,0,0,0,0,0,0,0,1,1,0,0,1,0,0,7503-QQRVF
0,10,20.0,185.4,0,0.10787486515641855,1,1,0,0,1,0,0,0,1,1,0,1,0,1,0,1,0,1,0,1,0,0,0,0,0,1,0,0,0,0,4860-YZGZM
0,13,74.65,966.25,0,0.07725743855109962,3,0,0,0,1,0,0,1,0,0,0,0,1,0,0,0,0,0,0,0,0,1,0,1,0,0,1,1,0,0,6599-GZWCM
0,9,85.35,758.6,1,0.1125098866332718,4,1,0,0,1,0,1,1,0,0,0,0,0,0,0,0,0,0,1,0,0,0,0,1,0,1,0,0,0,0,2691-NZETQ
0,25,74.3,1863.8,1,0.03986479235969525,7,0,0,0,1,0,0,0,0,0,1,0,1,0,1,0,1,0,1,0,0,1,0,0,0,0,1,0,1,0,4404-HIBDJ
1,7,44.4,265.8,0,0.16704288939051917,4,1,0,0,0,1,0,0,0,0,0,0,1,0,0,0,1,0,0,0,1,0,0,1,0,1,0,0,0,0,5533-NHFRF
0,38,85.4,3297.0,0,0.025902335456475585,8,1,1,1,1,0,1,0,0,0,1,0,0,0,1,0,1,0,1,0,1,0,1,1,0,0,0,0,1,0,7037-MTYVW
0,43,94.1,4107.3,0,0.022910427774937306,6,0,1,0,1,0,1,1,0,0,1,0,1,0,0,0,0,0,0,0,1,0,0,1,0,1,0,0,1,0,4760-THGOT
0,4,98.1,396.3,1,0.24753974261922784,6,0,0,1,1,0,0,1,0,0,0,0,0,0,1,0,1,0,1,0,1,0,0,1,0,0,0,0,0,0,7295-JOMMD
0,25,108.9,2809.05,0,0.03876755486730389,8,0,0,0,1,0,1,1,0,0,0,0,1,0,1,0,1,0,1,0,1,0,1,0,0,1,0,0,1,0,4016-BJKTZ
0,27,56.2,1567.55,0,0.03585212592899748,4,1,0,1,1,0,0,0,0,0,1,0,1,0,0,0,0,0,0,0,0,1,0,0,0,0,1,0,1,0,6584-VQMYT
0,72,26.1,1851.45,0,0.014097059061816415,2,1,1,1,1,0,1,0,1,1,0,1,0,1,0,1,0,1,0,1,0,0,1,0,0,0,1,0,0,1,9838-BFCQT
0,71,85.45,6028.95,0,0.014173280587830387,5,1,0,1,1,0,1,1,0,0,1,0,1,0,0,0,0,0,0,0,0,1,0,1,1,0,0,0,0,1,2790-XUYMV
0,24,88.95,2072.75,0,0.04291400313593053,5,0,0,0,1,0,1,1,0,0,0,0,0,0,1,0,0,0,1,0,0,0,0,1,1,0,0,1,0,0,0581-MDMPW
0,50,109.65,5551.15,1,0.01975266386244292,8,0,0,0,1,0,1,1,0,0,1,0,1,0,0,0,1,0,1,0,1,0,1,1,0,1,0,0,0,1,5013-SBUIH
0,57,74.35,4317.35,0,0.01722121208611764,6,1,0,0,1,0,0,0,0,0,1,0,0,0,1,0,0,0,1,0,1,0,1,1,0,0,0,0,0,1,1023-BQXZE
0,15,48.85,736.8,0,0.06630021715526602,3,0,0,0,1,0,0,0,0,0,0,0,1,0,0,0,0,0,0,0,0,0,0,0,0,1,0,1,0,0,9163-GHAYE
0,4,80.1,336.15,0,0.23828647925033467,4,1,0,0,1,0,1,1,0,0,1,0,0,0,0,0,0,0,0,0,0,0,0,1,0,1,0,0,0,0,3904-UKFRE
0,28,56.05,1522.65,0,0.03681082323580599,4,0,0,0,1,0,0,0,0,0,1,0,1,0,0,0,0,0,0,0,0,0,0,0,0,1,0,0,1,0,5353-WILCI
1,9,74.55,622.9,1,0.11968213196339701,3,0,0,0,1,0,1,1,0,0,0,0,0,0,0,0,0,0,0,0,0,0,0,1,0,1,0,0,0,0,0709-TVGUR
0,55,89.8,4959.6,0,0.018106298895072183,5,0,1,0,1,0,1,1,0,0,1,0,0,0,0,0,0,0,1,0,0,0,0,1,0,0,0,0,0,1,0058-EVZWM
0,3,100.95,329.95,1,0.3059554477951205,6,1,0,0,1,0,1,1,0,0,0,0,0,0,1,0,0,0,1,0,1,0,0,1,0,1,0,0,0,0,6023-YEBUP
0,10,94.9,1048.85,1,0.09048004957810937,5,1,0,0,1,0,0,1,0,0,0,0,0,0,1,0,0,0,1,0,1,0,0,1,0,1,0,0,0,0,7209-JCUDS
0,55,19.1,1001.5,0,0.01907139291063405,1,1,0,1,1,0,0,0,1,1,0,1,0,1,0,1,0,1,0,1,0,1,0,0,0,0,0,0,0,1,7009-PCARS
0,20,20.35,442.6,0,0.04597830998644374,1,0,1,1,1,0,0,0,1,1,0,1,0,1,0,1,0,1,0,1,0,0,0,0,0,0,1,1,0,0,0519-DRGTI
0,62,106.05,6703.5,0,0.01582009398075632,7,0,1,1,1,0,1,1,0,0,0,0,1,0,0,0,1,0,1,0,1,1,0,1,1,0,0,0,0,1,1017-FBQMM
1,32,104.9,3351.55,1,0.031298951231519746,7,1,1,0,1,0,1,1,0,0,0,0,0,0,1,0,1,0,1,0,1,0,0,1,0,1,0,0,1,0,3001-CBHLQ
0,43,19.65,779.25,0,0.02521655437921078,1,0,0,0,1,0,0,0,1,1,0,1,0,1,0,1,0,1,0,1,0,0,1,1,0,0,0,0,1,0,1985-MBRYP
0,9,24.1,259.8,1,0.09276366435719785,1,1,1,0,0,1,0,0,0,0,0,0,0,0,0,0,0,0,0,0,0,1,0,0,0,0,0,0,0,0,6158-DWPZT
0,60,59.85,3483.45,0,0.017181242733496964,5,0,1,0,1,0,0,0,0,0,1,0,1,0,0,0,1,0,0,0,0,0,1,0,0,0,0,0,0,1,9372-TXXPS
0,58,86.1,4890.5,0,0.017605561803496574,8,1,1,0,1,0,1,0,0,0,1,0,1,0,1,0,0,0,1,0,1,0,1,1,0,1,0,0,0,1,3259-QMXUN
0,7,19.45,136.75,0,0.14223034734917733,1,1,0,1,1,0,0,0,1,1,0,1,0,1,0,1,0,1,0,1,0,1,0,0,0,0,1,0,0,0,1015-JPFYW
0,2,97.1,184.15,0,0.5272875373336953,5,1,1,1,1,0,0,1,0,0,1,0,0,0,0,0,0,0,1,0,1,0,0,0,0,1,0,0,0,0,6645-MXQJT
1,37,36.65,1315.0,0,0.027870722433460074,3,1,0,0,0,1,0,0,0,0,0,0,1,0,1,0,0,0,0,0,0,0,0,0,0,1,0,0,1,0,4360-QRAVE
1,65,103.9,6767.1,0,0.015353696561303956,7,0,1,1,1,0,1,1,0,0,0,0,0,0,1,0,1,0,1,0,1,1,0,1,0,0,0,0,0,1,8433-WPJTV
0,39,19.75,757.95,0,0.026057127778877233,1,0,1,1,1,0,0,0,1,1,0,1,0,1,0,1,0,1,0,1,0,0,1,0,0,0,1,0,1,0,5804-JMYIO
0,66,104.05,6890.0,1,0.015101596516690855,7,1,1,0,1,0,1,1,0,0,0,0,1,0,0,0,1,0,1,0,1,1,0,1,0,1,0,0,0,1,3763-GCZHZ
0,68,24.55,1657.4,0,0.014812356703270182,2,1,0,0,1,0,1,0,1,1,0,1,0,1,0,1,0,1,0,1,0,0,1,0,0,0,1,0,0,1,6484-LATFU
0,62,48.7,3008.55,0,0.016187199813863823,5,0,1,1,0,1,0,0,0,0,1,0,1,0,0,0,1,0,1,0,0,0,1,0,0,0,0,0,0,1,7599-NTMDP
0,3,88.35,262.05,1,0.33714939896966223,5,1,0,0,1,0,0,1,0,0,0,0,0,0,1,0,1,0,1,0,0,0,0,1,0,0,1,0,0,0,0772-GYEQQ
0,72,109.55,8165.1,0,0.013416859560813706,8,0,1,0,1,0,1,1,0,0,1,0,1,0,1,0,0,0,1,0,1,0,1,1,0,1,0,0,0,1,0536-ACXIP
0,41,20.65,875.55,0,0.0235851750328365,1,0,1,0,1,0,0,0,1,1,0,1,0,1,0,1,0,1,0,1,0,0,1,0,1,0,0,0,1,0,0936-NQLJU
0,29,94.65,2649.15,1,0.03572844119812015,5,1,1,1,1,0,0,1,0,0,1,0,0,0,0,0,0,0,1,0,1,0,0,0,1,0,0,0,1,0,4831-EOBFE
0,4,55.2,220.65,0,0.2501699524133243,4,0,0,0,1,0,0,0,0,0,1,0,1,0,0,0,0,0,0,0,0,0,0,0,0,1,0,0,0,0,1575-KRZZE
0,53,24.05,1301.9,0,0.018473000998540594,2,1,0,0,1,0,1,0,1,1,0,1,0,1,0,1,0,1,0,1,0,1,0,0,0,0,0,0,0,1,3251-YMVWZ
1,1,74.4,74.4,1,1.0,3,1,1,0,1,0,1,1,0,0,0,0,0,0,0,0,0,0,0,0,0,0,0,1,0,1,0,0,0,0,4102-OQUPX
0,41,79.9,3326.2,1,0.024021405808430044,8,0,1,1,1,0,1,0,0,0,1,0,1,0,1,0,1,0,0,0,1,0,0,0,1,0,0,0,1,0,9170-GYZJC
0,39,20.45,790.0,0,0.025886075949367086,1,1,1,0,1,0,0,0,1,1,0,1,0,1,0,1,0,1,0,1,0,0,1,1,0,0,0,0,1,0,4884-LEVMQ
0,63,19.25,1237.65,0,0.01555367026219044,1,1,1,0,1,0,0,0,1,1,0,1,0,1,0,1,0,1,0,1,0,0,1,0,0,0,1,0,0,1,8857-CUPFQ
0,15,26.35,378.6,0,0.06959852086634971,2,1,0,0,1,0,1,0,1,1,0,1,0,1,0,1,0,1,0,1,0,0,0,1,0,1,0,1,0,0,7610-TVOPG
0,13,43.8,592.65,0,0.07390534042014679,2,0,1,0,1,0,0,0,0,0,0,0,0,0,0,0,0,0,0,0,0,1,0,0,0,1,0,1,0,0,3638-DIMPH
0,1,50.15,50.15,0,1.0,3,1,0,0,1,0,0,0,0,0,0,0,1,0,0,0,0,0,0,0,0,0,0,1,0,0,1,0,0,0,1845-ZLLIG
0,1,20.45,20.45,0,1.0,1,1,0,0,1,0,0,0,1,1,0,1,0,1,0,1,0,1,0,1,0,0,1,0,0,0,1,0,0,0,8559-WNQZS
1,8,69.7,560.85,1,0.12427565302665597,2,1,0,0,1,0,0,1,0,0,0,0,0,0,0,0,0,0,0,0,0,0,0,1,0,1,0,0,0,0,3999-QGRJH
0,60,61.4,3638.25,0,0.016876245447674017,5,1,0,0,1,0,0,0,0,0,1,0,1,0,1,0,0,0,0,0,0,0,1,0,0,1,0,0,0,1,1699-UOTXU
1,12,98.1,1060.2,1,0.09252971137521221,6,0,1,0,1,0,1,1,0,0,0,0,1,0,1,0,0,0,1,0,0,0,0,1,0,1,0,0,0,0,2454-RPBRZ
0,40,70.75,2921.75,0,0.024214939676563702,6,1,1,0,1,0,1,0,0,0,0,0,1,0,0,0,1,0,1,0,0,1,0,0,1,0,0,0,1,0,0635-WKOLD
0,66,61.15,4017.45,0,0.01522109796014885,5,0,0,0,1,0,0,0,0,0,1,0,1,0,1,0,0,0,0,0,0,0,1,1,0,0,0,0,0,1,5993-JSUWV
0,42,20.25,854.9,0,0.023686980933442507,1,1,1,1,1,0,0,0,1,1,0,1,0,1,0,1,0,1,0,1,0,1,0,0,0,0,1,0,1,0,4518-FZBSX
1,66,63.85,4174.35,0,0.015295794554840873,6,0,0,0,1,0,1,0,0,0,1,0,1,0,0,0,1,0,0,0,0,1,0,1,1,0,0,0,0,1,5387-ASZNZ
0,49,98.7,4920.55,0,0.02005873327168711,6,1,0,0,1,0,1,1,0,0,0,0,1,0,0,0,0,0,1,0,1,0,0,0,0,1,0,0,0,1,6988-CJEYV
0,1,20.5,20.5,1,1.0,1,0,0,0,1,0,0,0,1,1,0,1,0,1,0,1,0,1,0,1,0,0,0,0,0,0,1,0,0,0,2002-MZHWP
0,41,20.0,810.3,0,0.024682216463038382,1,0,0,0,1,0,0,0,1,1,0,1,0,1,0,1,0,1,0,1,0,0,1,0,0,0,1,0,1,0,3097-FQTVJ
0,41,19.3,772.4,0,0.02498705334023822,1,0,1,1,1,0,0,0,1,1,0,1,0,1,0,1,0,1,0,1,0,0,1,0,0,0,0,0,1,0,5465-BUBFA
0,23,84.4,1936.85,0,0.04357590933732607,5,0,1,1,1,0,0,1,0,0,1,0,1,0,0,0,1,0,0,0,0,0,0,0,0,0,1,1,0,0,7299-GNVPL
0,3,25.1,79.8,0,0.31453634085213034,1,1,0,0,0,1,0,0,0,0,0,0,0,0,0,0,0,0,0,0,0,0,0,0,0,1,0,0,0,0,9743-DQKQW
0,4,48.25,202.25,0,0.23856613102595797,5,0,0,0,0,1,0,0,0,0,1,0,0,0,1,0,1,0,0,0,1,0,0,0,0,0,1,0,0,0,1215-VFYVK
0,52,19.85,1070.5,0,0.018542737038766934,1,0,1,1,1,0,0,0,1,1,0,1,0,1,0,1,0,1,0,1,0,0,1,0,0,0,1,0,0,1,9371-BITHB
1,4,99.6,347.65,1,0.2864950381130447,6,0,1,0,1,0,1,1,0,0,1,0,0,0,0,0,0,0,1,0,1,0,0,1,0,1,0,0,0,0,2265-CYWIV
0,11,94.2,999.9,0,0.09420942094209421,6,0,0,0,1,0,0,1,0,0,0,0,1,0,1,0,1,0,0,0,1,0,0,1,0,1,0,0,0,0,9093-FPDLG
0,2,62.15,113.1,0,0.5495137046861185,4,0,1,0,1,0,0,0,0,0,1,0,0,0,0,0,0,0,0,0,1,0,0,1,0,0,1,0,0,0,0541-FITGH
0,26,79.3,2015.8,0,0.03933922016073023,4,0,1,0,1,0,1,1,0,0,0,0,1,0,0,0,0,0,0,0,0,0,0,0,0,0,0,0,1,0,6985-HAYWX
0,24,56.25,1454.25,0,0.038679731820526045,4,1,1,1,1,0,0,0,0,0,1,0,0,0,1,0,0,0,0,0,0,1,0,1,1,0,0,1,0,0,7508-KBIMB
0,12,20.3,246.7,0,0.0822861775435752,1,0,0,0,1,0,0,0,1,1,0,1,0,1,0,1,0,1,0,1,0,0,0,0,0,0,1,0,0,0,6838-HVLXG
1,60,99.0,6017.9,0,0.01645092141777032,6,1,1,0,1,0,1,1,0,0,0,0,0,0,0,0,1,0,1,0,1,0,0,1,0,1,0,0,0,1,2277-DJJDL
0,64,90.6,5817.45,0,0.015573833896294768,9,0,1,1,1,0,1,0,0,0,1,0,1,0,1,0,1,0,1,0,1,0,1,1,0,0,1,0,0,1,1897-OKVMW
0,66,85.9,5595.3,0,0.015352170571729846,8,1,1,0,1,0,0,0,0,0,1,0,1,0,1,0,1,0,1,0,1,0,1,1,0,0,0,0,0,1,5485-ITNPC
0,60,79.2,4765.0,0,0.016621196222455406,4,0,0,0,1,0,1,1,0,0,0,0,0,0,1,0,0,0,0,0,0,1,0,1,0,0,0,0,0,1,0233-FTHAV
0,17,70.35,1201.65,0,0.05854450131069778,6,1,1,1,1,0,1,0,0,0,1,0,0,0,1,0,0,0,1,0,0,1,0,1,0,0,0,1,0,0,4644-PIZRT
0,42,19.35,867.3,0,0.022310619162919407,1,1,1,1,1,0,0,0,1,1,0,1,0,1,0,1,0,1,0,1,0,0,1,0,0,0,1,0,1,0,8922-NPKBJ
0,1,50.15,50.15,0,1.0,3,1,0,0,1,0,1,0,0,0,0,0,0,0,0,0,0,0,0,0,0,0,0,1,0,1,0,0,0,0,2740-TVLFN
0,47,63.8,3007.25,0,0.02121539612602876,5,0,1,1,1,0,0,0,0,0,0,0,1,0,0,0,1,0,0,0,1,0,1,0,0,0,0,0,1,0,7771-CFQRQ
0,10,20.55,252.75,0,0.08130563798219585,1,0,1,0,1,0,0,0,1,1,0,1,0,1,0,1,0,1,0,1,0,0,0,1,0,0,1,0,0,0,9512-PHSMG
1,70,88.55,6306.5,0,0.014041068738603028,9,1,1,0,1,0,1,0,0,0,1,0,1,0,1,0,1,0,1,0,1,0,1,1,1,0,0,0,0,1,6963-EZQEE
1,67,101.4,6841.05,0,0.014822286052579648,6,1,0,0,1,0,1,1,0,0,0,0,0,0,1,0,0,0,1,0,1,0,0,1,1,0,0,0,0,1,2452-KDRRH
0,1,81.95,81.95,1,1.0,3,0,0,0,1,0,0,1,0,0,0,0,0,0,0,0,0,0,0,0,1,0,0,1,0,1,0,0,0,0,2004-OCQXK
0,7,69.35,451.1,1,0.15373531367767676,2,1,1,0,1,0,0,1,0,0,0,0,0,0,0,0,0,0,0,0,0,0,0,1,0,1,0,0,0,0,5027-QPKTE
0,1,44.6,44.6,0,1.0,2,1,0,0,1,0,0,0,0,0,0,0,0,0,0,0,0,0,0,0,0,0,0,0,0,0,1,0,0,0,4146-SVFUD
0,4,63.75,226.2,0,0.28183023872679047,5,1,0,0,1,0,0,0,0,0,0,0,1,0,0,0,1,0,1,0,0,0,0,1,0,0,0,0,0,0,1564-HJUVY
0,66,109.25,7082.5,0,0.015425344158136251,8,0,1,1,1,0,1,1,0,0,1,0,1,0,1,0,0,0,1,0,1,0,1,0,0,0,0,0,0,1,3617-XLSGQ
0,12,84.6,1017.35,0,0.08315722219491817,4,0,0,0,1,0,0,1,0,0,0,0,1,0,0,0,0,0,0,0,1,0,0,1,0,1,0,0,0,0,7517-LDMPS
0,24,20.45,527.35,0,0.03877879965867071,1,0,0,0,1,0,0,0,1,1,0,1,0,1,0,1,0,1,0,1,0,1,0,0,1,0,0,1,0,0,7244-KXYZN
0,26,85.75,2146.5,0,0.03994875378523177,4,1,0,0,1,0,0,1,0,0,0,0,1,0,0,0,0,0,1,0,0,0,0,1,0,1,0,0,1,0,5226-NOZFC
0,6,91.1,455.3,1,0.2000878541620909,4,0,0,0,1,0,0,1,0,0,0,0,0,0,0,0,0,0,1,0,1,0,0,1,0,1,0,0,0,0,2672-HUYVI
0,57,107.95,5969.85,0,0.018082531386885765,7,1,1,0,1,0,1,1,0,0,0,0,0,0,1,0,1,0,1,0,1,0,1,0,0,1,0,0,0,1,1400-WIVLL
0,14,86.1,1235.55,1,0.06968556513293675,4,1,1,0,1,0,1,1,0,0,0,0,0,0,0,0,0,0,1,0,0,0,0,1,0,1,0,1,0,0,7508-MYBOG
0,42,22.95,1014.25,0,0.022627557308355927,2,0,1,1,1,0,1,0,1,1,0,1,0,1,0,1,0,1,0,1,0,0,1,0,0,1,0,0,1,0,8148-NLEGT
0,25,94.7,2362.1,1,0.04009144405401973,5,1,0,0,1,0,1,1,0,0,0,0,0,0,0,0,0,0,1,0,1,0,0,1,0,0,0,0,1,0,0148-DCDOS
0,64,19.45,1225.65,0,0.015869130665361234,1,0,1,0,1,0,0,0,1,1,0,1,0,1,0,1,0,1,0,1,0,0,1,0,1,0,0,0,0,1,8347-GDTMP
0,22,85.1,1873.7,1,0.04541815658856807,4,1,1,0,1,0,1,1,0,0,0,0,0,0,0,0,0,0,0,0,1,0,0,1,0,1,0,1,0,0,9992-RRAMN
0,19,19.7,386.5,0,0.05097024579560155,1,1,0,0,1,0,0,0,1,1,0,1,0,1,0,1,0,1,0,1,0,1,0,1,1,0,0,1,0,0,6746-WAUWT
0,61,99.15,6010.05,1,0.016497366910425037,6,0,1,1,1,0,1,1,0,0,0,0,1,0,0,0,0,0,1,0,1,0,0,1,0,1,0,0,0,1,0310-MVLET
0,22,87.0,1850.65,0,0.04701050982087374,4,1,1,0,1,0,0,1,0,0,0,0,0,0,1,0,0,0,1,0,0,0,0,1,0,0,0,1,0,0,0428-IKYCP
1,70,102.95,7101.5,1,0.014496937266774625,7,1,1,0,1,0,1,1,0,0,0,0,1,0,1,0,0,0,1,0,1,0,0,1,0,1,0,0,0,1,4550-VBOFE
0,12,79.95,1043.4,0,0.07662449683726279,3,1,0,0,1,0,0,1,0,0,0,0,0,0,0,0,0,0,0,0,1,0,0,1,0,0,0,0,0,0,2187-PKZAY
0,31,64.0,1910.75,0,0.03349470103362554,5,0,1,0,1,0,0,0,0,0,1,0,0,0,0,0,1,0,0,0,1,1,0,1,0,1,0,0,1,0,4003-OCTMP
0,11,64.9,716.1,0,0.09062980030721966,4,0,0,0,1,0,0,0,0,0,0,0,0,0,0,0,0,0,1,0,1,0,0,1,0,1,0,0,0,0,6652-YFFJO
0,68,25.75,1686.15,0,0.015271476440411588,2,1,1,1,1,0,1,0,1,1,0,1,0,1,0,1,0,1,0,1,0,0,1,0,0,0,1,0,0,1,7225-IILWY
1,72,90.15,6716.45,0,0.0134222692047138,9,0,1,1,1,0,1,0,0,0,1,0,1,0,1,0,1,0,1,0,1,0,1,1,0,0,0,0,0,1,5248-RPYWW
1,67,116.1,7839.85,0,0.014808956804020484,9,1,0,0,1,0,1,1,0,0,1,0,1,0,1,0,1,0,1,0,1,0,1,1,1,0,0,0,0,1,7923-IYJWY
0,60,104.95,6236.75,0,0.016827674670301038,7,0,0,0,1,0,0,1,0,0,1,0,0,0,1,0,1,0,1,0,1,0,0,1,0,0,0,0,0,1,3170-GWYKC
0,1,45.05,45.05,1,1.0,2,1,0,0,1,0,0,0,0,0,0,0,0,0,0,0,0,0,0,0,0,0,0,1,0,0,1,0,0,0,5696-QURRL
1,1,71.0,71.0,1,1.0,2,0,0,1,1,0,0,1,0,0,0,0,0,0,0,0,0,0,0,0,0,0,0,1,0,1,0,0,0,0,7409-KIUTL
0,58,50.0,2919.85,0,0.01712416733736322,5,1,1,1,0,1,0,0,0,0,1,0,1,0,1,0,0,0,1,0,0,1,0,0,0,0,1,0,0,1,9830-ECLEN
1,47,70.55,3309.25,1,0.02131902999168996,2,0,1,1,1,0,0,1,0,0,0,0,0,0,0,0,0,0,0,0,0,0,0,0,0,0,0,0,1,0,1732-VHUBQ
0,1,79.7,79.7,1,1.0,3,0,0,0,1,0,0,1,0,0,0,0,0,0,0,0,0,0,0,0,1,0,0,1,0,1,0,0,0,0,0495-RVCBF
0,1,20.45,20.45,0,1.0,1,1,0,0,1,0,0,0,1,1,0,1,0,1,0,1,0,1,0,1,0,0,0,0,0,0,1,0,0,0,2668-TZSPS
0,22,59.0,1254.7,1,0.04702319279509046,5,1,0,0,1,0,1,0,0,0,1,0,1,0,0,0,0,0,0,0,0,0,0,0,0,1,0,1,0,0,7854-EDSSA
0,48,60.35,2896.4,1,0.02083621046816738,5,0,0,0,1,0,0,0,0,0,1,0,0,0,1,0,1,0,0,0,0,1,0,1,1,0,0,0,1,0,8869-TORSS
0,37,19.85,717.5,0,0.027665505226480838,1,0,1,0,1,0,0,0,1,1,0,1,0,1,0,1,0,1,0,1,0,1,0,1,0,0,0,0,1,0,7446-SFAOA
0,13,19.95,253.8,0,0.07860520094562647,1,1,0,0,1,0,0,0,1,1,0,1,0,1,0,1,0,1,0,1,0,1,0,1,0,1,0,1,0,0,9522-ZSINC
0,43,26.45,1110.05,0,0.023827755506508716,2,1,0,0,1,0,1,0,1,1,0,1,0,1,0,1,0,1,0,1,0,0,1,0,0,0,0,0,1,0,8234-GSZYK
0,6,63.4,348.8,0,0.18176605504587154,7,0,0,0,0,1,0,0,0,0,1,0,1,0,1,0,1,0,1,0,1,0,1,1,0,0,1,0,0,0,6505-OZNPG
0,71,53.95,3888.65,0,0.01387370938500508,6,1,0,0,0,1,0,0,0,0,1,0,1,0,1,0,1,0,1,0,0,0,1,0,0,0,0,0,0,1,6164-HAQTX
1,1,69.25,69.25,1,1.0,2,0,1,1,1,0,0,1,0,0,0,0,0,0,0,0,0,0,0,0,0,0,0,1,0,1,0,0,0,0,0679-IDSTG
0,72,95.1,6843.15,0,0.013897108787619737,6,0,1,1,1,0,1,1,0,0,1,0,1,0,0,0,0,0,1,0,0,0,1,1,0,1,0,0,0,1,7765-LWVVH
1,6,74.1,450.9,0,0.16433799068529606,3,0,0,0,1,0,0,1,0,0,1,0,0,0,0,0,0,0,0,0,0,0,0,1,0,1,0,0,0,0,1658-TJVOA
0,12,35.5,432.25,0,0.0821283979178716,3,1,1,1,0,1,0,0,0,0,0,0,1,0,0,0,1,0,0,0,0,0,0,0,0,0,1,0,0,0,0953-LGOVU
0,25,70.95,1767.35,1,0.040144849633632275,2,1,0,0,1,0,0,1,0,0,0,0,0,0,0,0,0,0,0,0,0,0,0,0,0,0,1,0,1,0,2115-BFTIW
0,21,79.2,1742.45,0,0.04545324112600075,4,0,1,0,1,0,0,1,0,0,0,0,0,0,1,0,1,0,0,0,0,1,0,0,0,1,0,1,0,0,4692-NNQRU
0,6,48.8,297.35,0,0.1641163611905162,3,0,1,1,1,0,0,0,0,0,0,0,0,0,0,0,1,0,0,0,0,0,0,1,0,0,1,0,0,0,7742-MYPGI
0,20,89.0,1820.45,1,0.04888901095882886,4,1,1,0,1,0,0,1,0,0,0,0,0,0,0,0,0,0,1,0,1,0,0,1,0,0,1,1,0,0,0611-DFXKO
0,18,99.4,1742.95,1,0.05702974841504346,6,1,1,0,1,0,1,1,0,0,1,0,0,0,0,0,0,0,1,0,1,0,0,1,0,1,0,1,0,0,7780-OTDSO
0,43,55.45,2444.25,0,0.02268589546895776,4,0,0,0,1,0,0,0,0,0,0,0,1,0,0,0,1,0,0,0,0,1,0,0,0,1,0,0,1,0,9619-GSATL
0,35,25.4,949.8,0,0.026742472099389344,2,0,1,1,1,0,1,0,1,1,0,1,0,1,0,1,0,1,0,1,0,0,1,1,1,0,0,0,1,0,5622-UEJFI
0,1,73.5,73.5,1,1.0,3,0,0,0,1,0,0,1,0,0,0,0,0,0,1,0,0,0,0,0,0,0,0,0,0,0,0,0,0,0,9747-DDZOS
1,32,93.5,2970.8,0,0.03147300390467214,6,1,1,0,1,0,1,1,0,0,0,0,1,0,1,0,0,0,0,0,1,0,0,1,0,1,0,0,1,0,0674-DGMAQ
0,52,63.9,3334.95,0,0.019160707057077318,7,1,0,0,0,1,0,0,0,0,1,0,1,0,1,0,1,0,1,0,1,0,1,0,1,0,0,0,0,1,6203-HBZPA
0,32,64.85,2010.95,0,0.03224843979213804,4,1,0,0,1,0,0,0,0,0,0,0,0,0,0,0,0,0,1,0,1,1,0,1,0,0,0,0,1,0,0484-FFVBJ
0,72,63.8,4684.3,0,0.013619964562474648,7,0,1,1,0,1,0,0,0,0,1,0,1,0,1,0,1,0,1,0,1,0,1,1,0,0,0,0,0,1,0301-FIDRB
0,51,44.45,2181.55,0,0.020375421145515802,4,1,0,0,0,1,0,0,0,0,1,0,0,0,0,0,1,0,0,0,1,0,0,1,1,0,0,0,0,1,4139-JPIAM
0,68,19.95,1303.25,0,0.01530788413581431,1,1,1,1,1,0,0,0,1,1,0,1,0,1,0,1,0,1,0,1,0,0,1,1,0,0,0,0,0,1,2181-TIDSV
1,8,43.35,371.4,0,0.1167205169628433,4,1,1,0,0,1,0,0,0,0,0,0,1,0,1,0,0,0,0,0,1,0,0,1,0,0,1,0,0,0,2761-XECQW
0,49,49.65,2409.9,0,0.020602514627162952,4,1,1,0,0,1,0,0,0,0,0,0,1,0,0,0,0,0,1,0,1,0,1,0,1,0,0,0,0,1,1936-CZAKF
0,72,85.1,6155.4,0,0.013825259122071677,8,0,1,0,1,0,0,0,0,0,1,0,1,0,1,0,1,0,1,0,1,0,1,0,0,0,1,0,0,1,9453-PATOS
0,9,95.5,829.1,1,0.11518514051381015,5,1,0,0,1,0,1,1,0,0,0,0,0,0,0,0,0,0,1,0,1,0,0,1,0,1,0,0,0,0,0564-JJHGS
0,28,92.35,2602.9,1,0.0354796573053133,5,0,1,0,1,0,0,1,0,0,1,0,0,0,0,0,0,0,1,0,1,0,0,1,0,0,1,0,1,0,3348-CFRNX
0,54,89.8,4667.0,0,0.019241482751232053,5,1,0,0,1,0,0,1,0,0,1,0,0,0,1,0,0,0,1,0,0,0,0,0,0,0,1,0,0,1,4402-FTBXC
0,11,74.55,824.75,1,0.09039102758411639,3,1,0,0,1,0,0,1,0,0,0,0,1,0,0,0,0,0,0,0,0,0,0,1,0,1,0,0,0,0,1428-GTBJJ
0,50,103.05,5153.5,0,0.019996119142330456,6,0,1,1,1,0,0,1,0,0,0,0,0,0,1,0,1,0,1,0,1,1,0,0,0,0,1,0,0,1,2931-XIQBR
0,69,116.0,8182.85,0,0.014175990027924256,9,0,1,0,1,0,1,1,0,0,1,0,1,0,1,0,1,0,1,0,1,0,1,1,0,1,0,0,0,1,0106-UGRDO
0,1,69.9,69.9,0,1.0,2,1,0,0,1,0,0,1,0,0,0,0,0,0,0,0,0,0,0,0,0,0,0,1,0,1,0,0,0,0,5542-TBBWB
0,68,95.1,6683.4,0,0.014229284495915253,6,1,1,1,1,0,0,1,0,0,1,0,1,0,0,0,1,0,0,0,1,0,1,0,0,0,0,0,0,1,1930-QPBVZ
0,40,40.25,1564.05,0,0.025734471404366868,4,1,0,1,0,1,0,0,0,0,1,0,1,0,0,0,1,0,0,0,0,1,0,0,0,0,1,0,1,0,2606-PKWJB
0,31,25.75,755.6,0,0.0340788777130757,2,1,1,1,1,0,1,0,1,1,0,1,0,1,0,1,0,1,0,1,0,0,1,0,0,0,1,0,1,0,5322-ZSMZY
1,33,105.35,3465.05,0,0.03040360167962944,7,0,0,1,1,0,1,1,0,0,0,0,1,0,1,0,0,0,1,0,1,0,0,1,0,0,0,0,1,0,8059-UDZFY
1,55,113.6,6292.7,0,0.018052664198197912,8,1,1,0,1,0,1,1,0,0,0,0,1,0,1,0,1,0,1,0,1,0,1,1,0,1,0,0,0,1,7740-BTPUX
0,68,24.0,1664.3,0,0.01442047707744998,2,1,1,1,1,0,1,0,1,1,0,1,0,1,0,1,0,1,0,1,0,0,1,1,0,0,0,0,0,1,5220-AGAAX
0,12,19.4,198.1,0,0.09793033821302372,1,0,1,1,1,0,0,0,1,1,0,1,0,1,0,1,0,1,0,1,0,0,0,0,0,0,0,0,0,0,0208-BPQEJ
0,71,86.1,6045.9,0,0.014241055922195206,8,1,1,0,1,0,0,0,0,0,1,0,1,0,1,0,1,0,1,0,1,0,1,1,0,0,0,0,0,1,9435-JMLSX
0,40,102.65,4108.15,0,0.024986916251840855,7,1,0,0,1,0,1,1,0,0,0,0,1,0,1,0,0,0,1,0,1,0,0,1,0,0,1,0,1,0,3352-ALMCK
0,64,92.85,5980.75,0,0.015524808761442962,6,0,1,1,1,0,1,1,0,0,0,0,1,0,1,0,0,0,0,0,1,1,0,1,0,1,0,0,0,1,5312-IRCFR
0,53,97.75,5043.2,0,0.019382534898477157,6,1,1,0,1,0,1,1,0,0,0,0,1,0,0,0,1,0,0,0,1,1,0,0,0,0,0,0,0,1,5294-IMHHT
1,12,83.8,1029.75,1,0.0813789754794853,5,1,0,0,1,0,0,1,0,0,0,0,1,0,1,0,1,0,0,0,0,0,0,1,0,0,1,0,0,0,8802-UNOJF
1,53,54.45,2854.55,1,0.019074810390429315,5,1,0,0,0,1,0,0,0,0,0,0,1,0,1,0,0,0,1,0,1,0,0,1,0,1,0,0,0,1,6313-GIDIT
0,72,97.95,7114.25,0,0.013768141406332361,7,1,1,0,1,0,1,1,0,0,1,0,1,0,1,0,0,0,1,0,0,0,1,1,1,0,0,0,0,1,6176-YJWAS
0,46,19.95,907.05,0,0.02199437737721184,1,1,0,0,1,0,0,0,1,1,0,1,0,1,0,1,0,1,0,1,0,0,1,0,0,1,0,0,1,0,5310-NOOVA
0,40,24.6,973.95,0,0.02525797012166949,2,1,0,0,1,0,1,0,1,1,0,1,0,1,0,1,0,1,0,1,0,0,1,1,0,0,1,0,1,0,4526-EXKKN
0,12,50.95,605.75,0,0.08411060668592654,5,1,0,0,0,1,0,0,0,0,1,0,1,0,0,0,1,0,1,0,0,0,0,1,0,0,0,0,0,0,5311-IHLEI
0,9,75.6,661.55,0,0.1142770765626181,3,1,0,0,1,0,0,1,0,0,1,0,0,0,0,0,0,0,0,0,0,0,0,0,0,1,0,0,0,0,3987-KQDDU
0,51,80.75,4116.9,0,0.01961427287522165,4,0,1,1,1,0,1,1,0,0,0,0,0,0,0,0,1,0,0,0,0,0,0,1,0,1,0,0,0,1,3404-JNXAX
0,49,90.4,4494.65,0,0.020112800774253838,5,1,1,1,1,0,0,1,0,0,0,0,1,0,1,0,0,0,1,0,0,0,0,1,1,0,0,0,0,1,5131-PONJI
1,41,99.8,4259.3,1,0.023431080224450025,6,1,1,0,1,0,1,1,0,0,0,0,0,0,1,0,0,0,1,0,1,0,0,1,0,1,0,0,1,0,2845-AFFTX
0,56,60.25,3282.75,0,0.018353514583809308,5,0,0,0,1,0,0,0,0,0,1,0,0,0,1,0,1,0,0,0,0,1,0,1,1,0,0,0,0,1,3489-VSFRD
0,4,20.2,55.7,0,0.3626570915619389,1,1,0,0,1,0,0,0,1,1,0,1,0,1,0,1,0,1,0,1,0,0,0,1,0,1,0,0,0,0,3345-JHUEO
0,20,64.15,1274.45,0,0.05033543881674448,5,1,1,0,1,0,0,0,0,0,1,0,0,0,0,0,1,0,0,0,1,1,0,1,0,0,1,1,0,0,5815-HGGHV
0,26,20.25,493.95,0,0.040996052232007286,1,0,1,1,1,0,0,0,1,1,0,1,0,1,0,1,0,1,0,1,0,0,0,1,1,0,0,0,1,0,5260-UMPWX
0,20,105.85,2239.65,1,0.04726184894961266,7,0,1,1,1,0,1,1,0,0,0,0,1,0,1,0,0,0,1,0,1,0,0,1,0,0,0,1,0,0,2249-YPRNG
0,7,75.45,480.75,1,0.15694227769110766,3,0,0,0,1,0,1,1,0,0,0,0,0,0,0,0,0,0,0,0,0,0,0,0,0,0,1,0,0,0,7410-YTJIK
0,7,93.85,635.6,1,0.14765575833857772,5,1,0,0,1,0,1,1,0,0,0,0,0,0,0,0,0,0,1,0,1,0,0,1,0,1,0,0,0,0,4626-GYCZP
0,51,99.0,5038.15,0,0.019650069966158215,6,1,0,0,1,0,0,1,0,0,0,0,1,0,1,0,0,0,1,0,1,0,0,1,0,1,0,0,0,1,5649-RXQTV
0,4,80.3,324.2,0,0.24768661320172733,4,0,0,0,1,0,1,1,0,0,0,0,1,0,0,0,0,0,0,0,0,0,0,1,0,0,1,0,0,0,2674-MIAHT
0,1,19.55,19.55,0,1.0,1,0,0,0,1,0,0,0,1,1,0,1,0,1,0,1,0,1,0,1,0,0,0,0,1,0,0,0,0,0,2576-HXMPA
0,27,100.75,2793.55,0,0.036065221671350074,7,1,1,1,1,0,1,1,0,0,1,0,1,0,0,0,1,0,1,0,0,0,0,0,0,1,0,0,1,0,7587-AOVVU
0,22,100.75,2095.0,1,0.048090692124105015,6,1,0,0,1,0,1,1,0,0,1,0,0,0,0,0,0,0,1,0,1,0,0,1,0,1,0,1,0,0,5590-BYNII
0,12,53.75,648.65,0,0.08286441069914438,4,1,0,0,1,0,0,0,0,0,0,0,1,0,0,0,1,0,0,0,0,0,0,1,0,0,1,0,0,0,6898-MDLZW
0,3,31.0,95.05,1,0.3261441346659653,2,0,1,1,0,1,0,0,0,0,0,0,0,0,0,0,1,0,0,0,0,0,0,1,0,0,1,0,0,0,3237-AJGEH
0,34,25.6,917.15,0,0.02791255519816824,2,0,1,1,1,0,1,0,1,1,0,1,0,1,0,1,0,1,0,1,0,1,0,1,1,0,0,0,1,0,4707-YNOQA
0,24,58.35,1346.9,0,0.043321701685351544,5,1,1,0,1,0,1,0,0,0,1,0,0,0,0,0,1,0,0,0,0,1,0,1,0,1,0,1,0,0,9357-UJRUN
0,51,80.0,4242.35,1,0.018857472862917956,4,1,0,0,1,0,1,1,0,0,0,0,0,0,1,0,0,0,0,0,0,0,0,0,1,0,0,0,0,1,1591-NFNLQ
1,14,46.35,672.7,0,0.06890144195034933,3,0,0,0,0,1,0,0,0,0,0,0,0,0,0,0,0,0,1,0,1,0,0,1,0,1,0,1,0,0,8648-PFRMP
0,59,113.75,6561.25,0,0.017336635549628502,9,1,1,0,1,0,1,1,0,0,1,0,1,0,1,0,1,0,1,0,1,0,1,0,0,1,0,0,0,1,7663-CUXZB
0,3,90.4,268.45,0,0.33674799776494696,5,1,0,0,1,0,0,1,0,0,0,0,1,0,1,0,0,0,0,0,1,0,0,0,0,1,0,0,0,0,0258-NOKBL
0,65,109.3,7337.55,0,0.014895980265892566,8,0,1,1,1,0,1,1,0,0,1,0,0,0,1,0,1,0,1,0,1,0,1,0,0,1,0,0,0,1,1163-VIPRI
1,5,70.25,331.9,1,0.21166013859596267,2,1,0,0,1,0,0,1,0,0,0,0,0,0,0,0,0,0,0,0,0,0,0,1,0,0,1,0,0,0,2815-CPTUL
0,59,90.3,5194.05,0,0.0173852773846998,9,0,1,1,1,0,1,0,0,0,1,0,1,0,1,0,1,0,1,0,1,0,1,0,1,0,0,0,0,1,9348-ROUAI
0,72,65.25,4478.85,0,0.014568471817542448,7,1,1,1,0,1,0,0,0,0,1,0,1,0,1,0,1,0,1,0,1,0,1,1,1,0,0,0,0,1,9443-JUBUO
0,62,100.15,6283.3,1,0.01593907659987586,6,0,1,1,1,0,0,1,0,0,0,0,1,0,1,0,0,0,1,0,1,0,0,1,0,1,0,0,0,1,0596-BQCEQ
0,28,94.5,2659.4,1,0.035534331052117014,6,1,0,0,1,0,1,1,0,0,1,0,1,0,0,0,0,0,0,0,1,0,0,1,1,0,0,0,1,0,1481-ZUWZA
0,3,60.65,196.9,0,0.30802437785678005,4,1,0,0,1,0,0,0,0,0,0,0,0,0,0,0,1,0,0,0,1,0,0,0,0,0,1,0,0,0,3043-TYBNO
0,19,24.1,439.2,0,0.05487249544626594,2,1,0,1,1,0,1,0,1,1,0,1,0,1,0,1,0,1,0,1,0,0,0,1,1,0,0,1,0,0,4830-FAXFM
0,1,19.5,19.5,0,1.0,1,1,0,0,1,0,0,0,1,1,0,1,0,1,0,1,0,1,0,1,0,0,0,1,0,0,1,0,0,0,5906-BFOZT
0,24,85.95,2107.15,0,0.04078969223833139,5,1,0,0,1,0,0,1,0,0,0,0,1,0,1,0,1,0,0,0,0,0,0,1,0,1,0,1,0,0,2960-NKRSO
1,57,53.5,3035.8,0,0.017623031820278013,4,1,0,0,1,0,0,0,0,0,0,0,0,0,1,0,1,0,0,0,0,1,0,1,0,1,0,0,0,1,8996-ZROXE
0,72,25.45,1866.45,0,0.013635511264700367,2,0,0,0,1,0,1,0,1,1,0,1,0,1,0,1,0,1,0,1,0,0,1,0,1,0,0,0,0,1,5598-IKHQQ
0,67,20.5,1430.95,0,0.01432614696530277,1,1,0,0,1,0,0,0,1,1,0,1,0,1,0,1,0,1,0,1,0,0,1,0,0,0,0,0,0,1,0397-ZXWQF
0,52,20.85,1071.6,0,0.01945688689809631,1,1,1,1,1,0,0,0,1,1,0,1,0,1,0,1,0,1,0,1,0,1,0,1,1,0,0,0,0,1,5266-PFRQK
0,71,89.9,6457.15,0,0.01392255097062946,9,1,1,1,1,0,1,0,0,0,1,0,1,0,1,0,1,0,1,0,1,0,1,0,1,0,0,0,0,1,4674-HGNUA
0,26,26.0,684.05,0,0.038008917476792636,2,0,1,0,1,0,1,0,1,1,0,1,0,1,0,1,0,1,0,1,0,1,0,0,0,0,1,0,1,0,6765-MBQNU
0,35,113.2,3914.05,0,0.028921449649340198,9,0,0,0,1,0,1,1,0,0,1,0,1,0,1,0,1,0,1,0,1,0,1,1,0,0,1,0,1,0,9786-IJYDL
0,55,69.05,3842.6,0,0.01796960391401655,2,0,1,1,1,0,0,1,0,0,0,0,0,0,0,0,0,0,0,0,0,0,1,1,1,0,0,0,0,1,1303-SRDOK
0,33,20.1,670.35,0,0.029984336540613114,1,0,1,1,1,0,0,0,1,1,0,1,0,1,0,1,0,1,0,1,0,0,1,0,0,0,1,0,1,0,3769-MHZNV
0,72,109.65,7880.25,0,0.01391453316836395,8,1,1,0,1,0,1,1,0,0,1,0,1,0,1,0,0,0,1,0,1,0,1,1,0,1,0,0,0,1,6295-OSINB
0,1,19.2,19.2,0,1.0,1,1,0,1,1,0,0,0,1,1,0,1,0,1,0,1,0,1,0,1,0,0,0,1,0,0,1,0,0,0,3308-MHOOC
0,10,33.9,298.45,1,0.11358686547160328,2,1,0,0,0,1,0,0,0,0,0,0,0,0,0,0,0,0,0,0,1,0,0,1,0,0,1,0,0,0,2309-OSFEU
1,37,90.0,3371.75,0,0.0266923704307852,5,0,1,0,1,0,0,1,0,0,0,0,0,0,1,0,1,0,1,0,0,0,0,0,0,1,0,0,1,0,2207-QPJED
0,12,34.0,442.45,0,0.07684484122499717,3,1,0,0,0,1,0,0,0,0,0,0,1,0,0,0,1,0,0,0,0,0,0,0,0,0,1,0,0,0,4177-JPDFU
0,1,20.4,20.4,0,1.0,1,1,1,1,1,0,0,0,1,1,0,1,0,1,0,1,0,1,0,1,0,1,0,0,0,0,1,0,0,0,2239-CFOUJ
0,62,38.6,2345.55,0,0.016456694591886763,4,1,1,0,0,1,0,0,0,0,1,0,1,0,0,0,1,0,0,0,0,0,1,1,1,0,0,0,0,1,8046-DNVTL
0,1,25.25,25.25,0,1.0,1,0,0,0,0,1,0,0,0,0,0,0,0,0,0,0,0,0,0,0,0,0,0,0,0,0,0,0,0,0,2209-XADXF
0,18,60.6,1156.35,0,0.05240627837592425,5,0,0,0,1,0,1,0,0,0,1,0,0,0,1,0,0,0,0,0,0,0,0,1,0,0,1,1,0,0,6620-JDYNW
1,69,89.95,6143.15,1,0.01464232519147343,5,1,1,0,1,0,1,1,0,0,0,0,1,0,0,0,0,0,1,0,0,0,0,1,0,1,0,0,0,1,1891-FZYSA
0,2,74.75,144.8,0,0.5162292817679558,3,1,0,0,1,0,0,1,0,0,0,0,1,0,0,0,0,0,0,0,0,0,0,1,0,1,0,0,0,0,4770-UEZOX
0,19,20.6,414.95,0,0.049644535486203165,1,1,1,1,1,0,0,0,1,1,0,1,0,1,0,1,0,1,0,1,0,0,0,0,0,0,1,1,0,0,1038-RQOST
0,12,84.45,1059.55,1,0.07970364777499883,4,1,0,0,1,0,1,1,0,0,0,0,0,0,0,0,0,0,1,0,0,0,0,1,0,1,0,0,0,0,7613-LLQFO
0,9,20.4,181.8,0,0.1122112211221122,1,1,0,0,1,0,0,0,1,1,0,1,0,1,0,1,0,1,0,1,0,0,0,0,0,0,1,0,0,0,4568-TTZRT
0,27,81.7,2212.55,0,0.0369257191927866,7,1,0,0,1,0,0,0,0,0,1,0,0,0,1,0,1,0,1,0,1,1,0,0,0,1,0,0,1,0,9513-DXHDA
0,27,79.5,2180.55,1,0.036458691614500924,4,1,0,1,1,0,1,1,0,0,0,0,0,0,0,0,1,0,0,0,0,0,0,1,0,1,0,0,1,0,2640-PMGFL
0,1,89.15,89.15,1,1.0,4,1,1,1,1,0,0,1,0,0,0,0,0,0,0,0,0,0,1,0,1,0,0,0,0,0,1,0,0,0,3801-HMYNL
1,24,20.3,459.95,0,0.044135232090444614,1,0,0,0,1,0,0,0,1,1,0,1,0,1,0,1,0,1,0,1,0,0,0,1,0,0,1,1,0,0,0516-QREYC
1,14,74.95,1036.75,1,0.07229322401736195,3,1,0,0,1,0,1,1,0,0,0,0,0,0,0,0,0,0,0,0,0,0,0,1,0,1,0,1,0,0,9685-WKZGT
1,32,74.4,2276.95,1,0.03267528931245746,3,0,0,0,1,0,0,1,0,0,0,0,1,0,0,0,0,0,0,0,0,0,0,1,0,1,0,0,1,0,6022-UGGSO
0,11,20.0,211.95,0,0.09436187780136825,1,0,0,0,1,0,0,0,1,1,0,1,0,1,0,1,0,1,0,1,0,1,0,0,0,0,1,0,0,0,8084-OIVBS
0,1,25.0,25.0,0,1.0,2,1,0,0,1,0,1,0,1,1,0,1,0,1,0,1,0,1,0,1,0,0,0,1,0,0,1,0,0,0,8896-BQTTI
1,38,80.45,3162.65,0,0.025437528654767363,4,1,0,1,1,0,1,1,0,0,1,0,0,0,0,0,0,0,0,0,0,0,0,1,0,0,1,0,1,0,3865-QBWSJ
0,9,19.75,210.65,0,0.09375741751720863,1,0,1,1,1,0,0,0,1,1,0,1,0,1,0,1,0,1,0,1,0,0,1,0,0,0,1,0,0,0,3352-RICWQ
0,54,65.65,3566.7,0,0.01840637003392492,6,1,1,1,1,0,1,0,0,0,1,0,1,0,0,0,1,0,0,0,0,0,1,1,1,0,0,0,0,1,2160-GPFXD
0,29,71.0,2080.1,0,0.03413297437623191,5,0,0,0,1,0,1,0,0,0,0,0,0,0,0,0,0,0,1,0,1,1,0,1,1,0,0,0,1,0,2065-MMKGR
1,44,89.2,4040.2,0,0.022078114944804713,5,1,1,0,1,0,1,1,0,0,0,0,0,0,1,0,0,0,1,0,0,0,0,1,0,1,0,0,1,0,5857-TYBCJ
0,59,86.75,5186.0,0,0.016727728499807172,8,1,1,1,1,0,0,0,0,0,1,0,1,0,1,0,1,0,1,0,1,0,1,1,0,1,0,0,0,1,1498-NHTLT
0,3,55.3,196.15,1,0.2819270966097374,3,0,0,0,1,0,0,0,0,0,0,0,0,0,0,0,0,0,0,0,1,0,0,1,0,1,0,0,0,0,4484-CGXFK
0,18,61.5,1087.45,0,0.05655432433675111,5,0,1,1,1,0,0,0,0,0,1,0,1,0,0,0,1,0,0,0,0,1,0,1,0,0,1,1,0,0,1402-PTHGN
1,67,25.1,1672.15,0,0.01501061507639865,2,1,0,0,1,0,1,0,1,1,0,1,0,1,0,1,0,1,0,1,0,0,1,0,1,0,0,0,0,1,4176-RELJR
0,22,55.15,1206.05,1,0.04572778906347166,4,0,1,1,1,0,0,0,0,0,0,0,1,0,0,0,1,0,0,0,0,0,0,0,0,1,0,1,0,0,6214-EDAKZ
0,33,34.05,1113.95,0,0.030566901566497596,3,1,0,1,0,1,0,0,0,0,1,0,0,0,0,0,1,0,0,0,0,1,0,0,1,0,0,0,1,0,5199-FPUSP
0,5,19.95,107.05,0,0.18636151331153666,1,1,0,0,1,0,0,0,1,1,0,1,0,1,0,1,0,1,0,1,0,0,0,0,0,0,1,0,0,0,6377-KSLXC
0,2,19.95,38.15,0,0.5229357798165137,1,0,0,0,1,0,0,0,1,1,0,1,0,1,0,1,0,1,0,1,0,0,0,0,0,0,1,0,0,0,1796-JANOW
0,72,89.7,6339.3,0,0.014149827267994889,9,1,1,1,1,0,1,0,0,0,1,0,1,0,1,0,1,0,1,0,1,0,1,0,1,0,0,0,0,1,0238-WHBIQ
0,9,20.4,184.1,0,0.11080934274850625,1,1,0,1,1,0,0,0,1,1,0,1,0,1,0,1,0,1,0,1,0,0,0,0,0,0,1,0,0,0,8735-NBLWT
0,67,26.3,1688.9,0,0.015572265971934394,2,1,1,1,1,0,1,0,1,1,0,1,0,1,0,1,0,1,0,1,0,0,1,0,0,0,1,0,0,1,6651-RLGGM
0,16,84.95,1378.25,1,0.061636132777072375,4,0,1,0,1,0,1,1,0,0,0,0,0,0,0,0,0,0,1,0,0,0,0,1,0,1,0,1,0,0,6127-ISGTU
0,8,20.7,137.6,0,0.1504360465116279,1,0,0,0,1,0,0,0,1,1,0,1,0,1,0,1,0,1,0,1,0,0,0,1,0,0,1,0,0,0,1614-JBEBI
0,5,43.25,219.0,1,0.19748858447488585,5,1,0,0,0,1,0,0,0,0,1,0,1,0,1,0,1,0,0,0,0,0,0,1,0,0,1,0,0,0,8740-XLHDR
0,23,48.35,1067.15,1,0.04530759499601743,3,1,1,1,1,0,1,0,0,0,0,0,0,0,0,0,0,0,0,0,0,1,0,1,1,0,0,1,0,0,1208-DNHLN
0,1,79.55,79.55,1,1.0,3,1,0,0,1,0,0,1,0,0,0,0,0,0,0,0,0,0,1,0,0,0,0,1,0,1,0,0,0,0,1761-AEZZR
1,50,71.05,3444.85,1,0.020624990928487453,2,0,1,0,1,0,0,1,0,0,0,0,0,0,0,0,0,0,0,0,0,0,0,1,0,1,0,0,0,1,3923-CSIHK
0,17,19.45,369.05,0,0.05270288578783362,1,1,0,0,1,0,0,0,1,1,0,1,0,1,0,1,0,1,0,1,0,0,1,0,1,0,0,1,0,0,5696-EXCYS
0,68,110.8,7553.6,0,0.014668502435924591,8,0,1,0,1,0,1,1,0,0,1,0,1,0,1,0,0,0,1,0,1,0,1,1,0,0,0,0,0,1,5795-KTGUD
0,1,84.5,84.5,1,1.0,4,1,0,0,1,0,1,1,0,0,0,0,0,0,0,0,0,0,1,0,0,0,0,0,0,1,0,0,0,0,7120-RFMVS
1,25,69.3,1813.1,0,0.03822183001489162,2,0,1,0,1,0,0,1,0,0,0,0,0,0,0,0,0,0,0,0,0,0,0,1,0,1,0,0,1,0,7924-GJZFI
0,67,49.35,3321.35,0,0.014858416005539917,5,1,0,0,0,1,0,0,0,0,1,0,0,0,1,0,1,0,1,0,0,1,0,1,0,0,0,0,0,1,4702-HDRKD
0,32,20.35,707.5,0,0.028763250883392228,1,1,0,0,1,0,0,0,1,1,0,1,0,1,0,1,0,1,0,1,0,1,0,0,1,0,0,0,1,0,8512-WIWYV
1,67,105.6,7112.15,0,0.014847830824715452,7,0,1,0,1,0,1,1,0,0,1,0,1,0,0,0,0,0,1,0,1,1,0,1,0,1,0,0,0,1,5897-ZYEKH
1,72,64.45,4641.1,0,0.013886794078989894,7,1,1,0,0,1,0,0,0,0,1,0,1,0,1,0,1,0,1,0,1,0,1,1,1,0,0,0,0,1,5456-ITGIC
0,71,108.6,7690.9,1,0.01412058406688424,8,1,1,0,1,0,1,1,0,0,0,0,1,0,1,0,1,0,1,0,1,0,1,1,1,0,0,0,0,1,7317-GGVPB
0,1,49.9,49.9,0,1.0,3,1,0,1,1,0,0,0,0,0,0,0,1,0,0,0,0,0,0,0,0,0,0,1,0,1,0,0,0,0,1406-PUQVY
0,46,30.3,1380.1,1,0.02195493080211579,2,1,0,0,0,1,0,0,0,0,0,0,1,0,0,0,0,0,0,0,0,0,0,0,0,0,0,0,1,0,1322-AGOQM
1,2,30.4,78.65,1,0.3865225683407501,2,0,0,0,0,1,0,0,0,0,0,0,0,0,1,0,0,0,0,0,0,0,0,1,0,1,0,0,0,0,3677-IYRBF
0,1,45.4,45.4,1,1.0,2,0,0,0,1,0,0,0,0,0,0,0,0,0,0,0,0,0,0,0,0,0,0,1,0,0,1,0,0,0,5692-FPTAH
0,48,65.65,3094.65,0,0.021214030665826507,5,0,1,0,1,0,0,0,0,0,0,0,1,0,1,0,0,0,0,0,1,1,0,1,0,1,0,0,1,0,9114-AAFQH
0,61,103.3,6518.35,0,0.015847568786579426,7,0,1,0,1,0,1,1,0,0,0,0,0,0,1,0,1,0,1,0,1,1,0,1,0,0,0,0,0,1,8715-KKTFG
0,32,84.15,2585.95,1,0.03254123242908796,4,0,1,0,1,0,0,1,0,0,0,0,1,0,0,0,0,0,0,0,1,0,0,0,0,0,0,0,1,0,1550-LOAHA
0,2,44.45,82.7,0,0.5374848851269649,2,0,0,0,1,0,0,0,0,0,0,0,0,0,0,0,0,0,0,0,0,0,0,0,0,1,0,0,0,0,1728-BQDMA
0,3,19.75,58.85,1,0.33559898045879355,1,0,0,0,1,0,0,0,1,1,0,1,0,1,0,1,0,1,0,1,0,0,0,0,0,1,0,0,0,0,0268-QKIWO
0,5,85.4,425.9,1,0.20051655318149803,4,0,0,0,1,0,0,1,0,0,0,0,0,0,0,0,1,0,0,0,1,0,0,1,1,0,0,0,0,0,0876-WDUUZ
0,71,89.9,6342.7,0,0.014173774575496241,9,0,1,1,1,0,1,0,0,0,1,0,1,0,1,0,1,0,1,0,1,0,1,0,0,0,0,0,0,1,5117-ZSMHQ
0,37,55.05,2030.75,0,0.02710821125200049,4,1,1,0,1,0,1,0,0,0,1,0,0,0,0,0,0,0,0,0,0,0,0,1,0,0,1,0,1,0,5151-HQRDG
0,65,104.1,6700.05,0,0.015537197483600867,7,1,1,1,1,0,1,1,0,0,0,0,0,0,1,0,1,0,1,0,1,0,1,1,0,0,0,0,0,1,0960-HUWBM
0,67,106.6,7244.7,0,0.014714204867006225,7,0,0,1,1,0,1,1,0,0,0,0,1,0,0,0,1,0,1,0,1,1,0,1,0,0,0,0,0,1,6465-GSRCL
0,49,75.2,3678.3,1,0.020444226952668353,3,1,0,1,1,0,1,1,0,0,0,0,0,0,0,0,0,0,0,0,0,0,0,0,1,0,0,0,0,1,0617-FHSGK
0,50,70.5,3486.65,0,0.020219981931079975,6,1,1,1,1,0,1,0,0,0,1,0,0,0,0,0,1,0,1,0,0,0,1,1,1,0,0,0,0,1,0263-FJTQO
0,25,19.6,411.15,0,0.04767116624103126,1,1,1,1,1,0,0,0,1,1,0,1,0,1,0,1,0,1,0,1,0,1,0,0,0,1,0,0,1,0,7319-ZNRTR
0,17,55.85,937.5,1,0.05957333333333333,4,0,0,1,1,0,1,0,0,0,0,0,0,0,1,0,0,0,0,0,0,1,0,1,0,0,1,1,0,0,2858-MOFSQ
0,64,24.05,1559.15,0,0.01542507135298079,2,0,1,1,1,0,1,0,1,1,0,1,0,1,0,1,0,1,0,1,0,0,1,1,0,0,1,0,0,1,7503-EPSZW
0,25,38.1,970.4,0,0.039262159934047816,3,1,1,0,0,1,0,0,0,0,0,0,0,0,1,0,0,0,1,0,0,1,0,1,1,0,0,0,1,0,7089-XXAYG
1,23,106.4,2483.5,1,0.042842762230722774,7,1,0,0,1,0,1,1,0,0,0,0,1,0,1,0,0,0,1,0,1,0,0,1,0,1,0,1,0,0,8118-LSUEL
1,24,34.25,828.2,0,0.04135474523062062,3,1,1,0,0,1,0,0,0,0,0,0,0,0,1,0,1,0,0,0,0,0,0,0,0,0,1,1,0,0,8070-AAWZP
0,37,100.05,3810.55,0,0.026256052275918172,6,0,0,0,1,0,1,1,0,0,0,0,0,0,1,0,0,0,1,0,1,0,0,1,0,1,0,0,1,0,1666-JXLKU
0,21,68.65,1493.2,0,0.04597508706134477,2,0,0,0,1,0,0,1,0,0,0,0,0,0,0,0,0,0,0,0,0,0,0,1,0,1,0,1,0,0,7855-DIWPO
0,1,45.8,45.8,0,1.0,2,1,0,0,1,0,0,0,0,0,0,0,0,0,0,0,0,0,0,0,0,0,0,1,0,0,1,0,0,0,5133-POWUA
0,10,75.75,777.3,0,0.0974527209571594,3,0,0,0,1,0,1,1,0,0,0,0,0,0,0,0,0,0,0,0,0,0,0,1,0,0,1,0,0,0,5652-MSDEY
0,6,84.4,556.35,1,0.15170306461759683,4,1,0,0,1,0,0,1,0,0,0,0,1,0,0,0,0,0,0,0,1,0,0,1,0,1,0,0,0,0,7005-CCBKV
0,51,96.4,4911.05,0,0.019629203530813166,6,1,1,0,1,0,1,1,0,0,1,0,1,0,0,0,0,0,0,0,1,1,0,1,1,0,0,0,0,1,1810-BOHSY
0,10,20.55,187.35,0,0.10968775020016014,1,0,0,0,1,0,0,0,1,1,0,1,0,1,0,1,0,1,0,1,0,0,0,1,0,0,1,0,0,0,1784-BXEFA
0,6,50.95,307.6,0,0.1656371911573472,5,0,0,0,0,1,0,0,0,0,1,0,1,0,0,0,1,0,0,0,1,0,0,0,1,0,0,0,0,0,7351-MHQVU
0,47,90.5,4318.35,0,0.0209570785137842,9,1,1,1,1,0,1,0,0,0,1,0,1,0,1,0,1,0,1,0,1,0,1,1,0,0,1,0,1,0,9224-VTYID
0,61,79.4,4820.55,0,0.016471149557623094,8,0,1,1,1,0,1,0,0,0,1,0,1,0,1,0,1,0,0,0,1,1,0,1,0,1,0,0,0,1,9500-IWPXQ
0,52,58.75,3038.55,0,0.019334880123743233,6,0,0,0,0,1,0,0,0,0,1,0,1,0,1,0,0,0,1,0,1,0,1,1,0,0,0,0,0,1,5762-TJXGK
0,35,59.45,2136.9,0,0.027820674809303197,5,0,1,1,1,0,1,0,0,0,1,0,1,0,0,0,0,0,0,0,0,0,0,1,1,0,0,0,1,0,4504-YOULA
0,71,105.7,7472.15,0,0.014145861632863367,7,1,1,0,1,0,1,1,0,0,0,0,1,0,1,0,0,0,1,0,1,1,0,1,0,0,0,0,0,1,5569-IDSEY
0,6,56.25,389.1,1,0.14456437933693136,4,0,0,0,1,0,0,0,0,0,1,0,1,0,0,0,0,0,0,0,0,0,0,0,0,1,0,0,0,0,4250-FDVOU
0,45,53.3,2296.25,0,0.02321175830157866,4,1,1,0,1,0,0,0,0,0,1,0,0,0,1,0,0,0,0,0,0,0,1,0,1,0,0,0,1,0,7284-ZZLOH
1,2,85.55,187.45,1,0.4563883702320619,4,0,0,0,1,0,1,1,0,0,0,0,0,0,0,0,0,0,1,0,0,0,0,1,0,1,0,0,0,0,5277-ZLOOR
0,4,68.65,261.25,1,0.2627751196172249,5,0,0,0,1,0,0,0,0,0,0,0,1,0,0,0,0,0,1,0,1,0,0,1,0,0,0,0,0,0,2141-RRYGO
0,2,24.3,38.45,0,0.6319895968790636,1,1,0,0,0,1,0,0,0,0,0,0,0,0,0,0,0,0,0,0,0,0,0,0,0,0,1,0,0,0,1777-JYQPJ
0,4,77.85,299.2,1,0.2601938502673797,3,1,0,0,1,0,0,1,0,0,0,0,0,0,0,0,0,0,1,0,0,0,0,0,0,1,0,0,0,0,6376-GAHQE
0,51,59.9,3043.6,0,0.01968064134577474,5,1,0,0,1,0,1,0,0,0,1,0,0,0,0,0,1,0,0,0,0,1,0,0,1,0,0,0,0,1,3401-URHDA
0,60,23.95,1506.4,0,0.015898831651619753,2,1,1,1,1,0,1,0,1,1,0,1,0,1,0,1,0,1,0,1,0,1,0,0,1,0,0,0,0,1,1599-EAHXY
0,9,20.15,163.7,0,0.12309102015882713,1,1,0,0,1,0,0,0,1,1,0,1,0,1,0,1,0,1,0,1,0,1,0,1,0,0,1,0,0,0,8631-XVRZL
0,3,105.35,323.25,1,0.32590873936581594,7,1,0,0,1,0,1,1,0,0,0,0,1,0,1,0,0,0,1,0,1,0,0,1,0,0,0,0,0,0,5052-PNLOS
0,17,95.65,1640.0,0,0.05832317073170732,6,1,0,0,1,0,1,1,0,0,0,0,0,0,1,0,1,0,0,0,1,0,0,1,0,0,0,1,0,0,3853-LYGAM
0,8,87.05,762.1,1,0.1142238551371211,4,0,0,0,1,0,1,1,0,0,0,0,0,0,0,0,0,0,1,0,0,0,0,1,0,1,0,0,0,0,6979-ZNSFF
0,46,81.0,3846.35,0,0.021058925994774266,7,1,1,1,1,0,0,0,0,0,1,0,0,0,1,0,1,0,1,0,1,0,1,0,0,0,1,0,1,0,5751-USDBL
0,68,82.45,5646.6,0,0.014601707222045124,8,0,0,0,1,0,0,0,0,0,1,0,1,0,1,0,1,0,1,0,1,0,1,1,1,0,0,0,0,1,5680-LQOGP
0,1,53.5,53.5,1,1.0,3,1,0,0,1,0,0,0,0,0,0,0,0,0,0,0,0,0,1,0,0,0,0,1,0,0,1,0,0,0,2386-LAHRK
0,4,20.5,79.05,0,0.2593295382669197,1,0,1,0,1,0,0,0,1,1,0,1,0,1,0,1,0,1,0,1,0,1,0,0,0,0,0,0,0,0,8189-DUKMV
0,1,25.1,25.1,1,1.0,1,0,0,0,0,1,0,0,0,0,0,0,0,0,0,0,0,0,0,0,0,0,0,1,0,0,1,0,0,0,6032-IGALN
0,28,54.4,1516.6,0,0.035869708558617965,4,1,0,1,1,0,0,0,0,0,0,0,1,0,0,0,1,0,0,0,0,1,0,1,1,0,0,0,1,0,9931-DCEZH
0,39,58.6,2224.5,0,0.026342998426612724,4,0,0,0,1,0,0,0,0,0,0,0,1,0,0,0,0,0,1,0,0,1,0,1,1,0,0,0,1,0,1898-JSNDC
0,11,84.8,888.75,0,0.09541490857946554,4,1,0,0,1,0,0,1,0,0,0,0,0,0,1,0,0,0,0,0,1,0,0,0,0,1,0,0,0,0,0315-LVCRK
0,71,61.4,4310.35,0,0.01424478290626051,6,0,1,0,0,1,0,0,0,0,0,0,1,0,1,0,1,0,1,0,1,0,1,1,1,0,0,0,0,1,3911-RSNHI
0,2,20.4,42.9,0,0.4755244755244755,1,1,0,1,1,0,0,0,1,1,0,1,0,1,0,1,0,1,0,1,0,0,0,0,0,0,1,0,0,0,2410-CIYFZ
1,30,79.65,2365.15,1,0.03367651100353043,4,1,1,0,1,0,0,1,0,0,0,0,1,0,1,0,0,0,0,0,0,0,0,1,0,0,1,0,1,0,4248-HCETZ
0,17,20.15,353.65,0,0.056977237381591966,1,0,0,0,1,0,0,0,1,1,0,1,0,1,0,1,0,1,0,1,0,1,0,0,0,0,1,1,0,0,5505-OVWQW
0,55,94.45,5073.1,0,0.01861780765212592,6,0,1,0,1,0,1,1,0,0,0,0,1,0,1,0,0,0,1,0,0,0,0,1,1,0,0,0,0,1,7271-AJDTL
0,58,79.8,4526.85,0,0.01762815202624341,4,0,0,0,1,0,1,1,0,0,1,0,0,0,0,0,0,0,0,0,0,0,0,1,0,0,0,0,0,1,1867-TJHTS
0,5,54.2,308.25,1,0.17583130575831307,4,0,0,0,1,0,0,0,0,0,1,0,0,0,0,0,1,0,0,0,0,0,0,0,0,1,0,0,0,0,0516-WJVXC
1,1,19.45,19.45,1,1.0,1,0,0,0,1,0,0,0,1,1,0,1,0,1,0,1,0,1,0,1,0,0,0,1,0,1,0,0,0,0,9174-FKWZE
1,9,74.05,678.45,0,0.10914584715159553,3,1,0,0,1,0,1,1,0,0,0,0,0,0,0,0,0,0,0,0,0,0,0,1,0,1,0,0,0,0,6860-YRJZP
0,26,49.15,1237.3,0,0.03972359169158652,3,1,0,0,1,0,0,0,0,0,0,0,0,0,0,0,1,0,0,0,0,0,0,0,0,0,0,0,1,0,4429-WYGFR
0,50,19.4,1023.95,0,0.018946237609258263,1,0,0,0,1,0,0,0,1,1,0,1,0,1,0,1,0,1,0,1,0,0,1,0,1,0,0,0,0,1,2817-LVCPP
0,72,113.65,8182.75,0,0.013888973755766705,9,0,1,0,1,0,1,1,0,0,1,0,1,0,1,0,1,0,1,0,1,0,1,1,0,0,0,0,0,1,5038-ETMLM
0,43,106.0,4532.3,0,0.023387683957372635,7,0,0,1,1,0,0,1,0,0,1,0,1,0,0,0,1,0,1,0,1,1,0,1,1,0,0,0,1,0,5056-FIMPT
0,56,25.95,1444.05,0,0.01797029188740002,2,1,0,0,1,0,1,0,1,1,0,1,0,1,0,1,0,1,0,1,0,0,1,1,0,0,0,0,0,1,4521-WFJAI
0,1,19.1,19.1,0,1.0,1,0,0,0,1,0,0,0,1,1,0,1,0,1,0,1,0,1,0,1,0,0,0,0,0,0,1,0,0,0,6569-KTMDU
0,72,103.4,7372.65,1,0.01402480790489173,7,1,1,1,1,0,1,1,0,0,0,0,1,0,1,0,0,0,1,0,1,0,1,1,0,1,0,0,0,1,8809-RIHDD
0,72,100.55,7325.1,0,0.013726775061091314,7,1,1,0,1,0,1,1,0,0,1,0,1,0,0,0,1,0,0,0,1,0,1,1,0,0,0,0,0,1,8809-XKHMD
0,36,95.4,3474.2,0,0.027459559035173567,5,1,1,0,1,0,1,1,0,0,0,0,0,0,0,0,0,0,1,0,1,0,0,1,0,1,0,0,1,0,0396-YCHWO
0,5,75.15,392.65,0,0.19139182478033875,6,1,0,0,1,0,0,0,0,0,0,0,0,0,1,0,1,0,1,0,1,0,0,0,0,0,0,0,0,0,0867-LDTTC
0,13,84.45,1058.6,1,0.07977517475911582,5,0,0,0,1,0,1,1,0,0,0,0,1,0,1,0,0,0,0,0,0,0,0,1,0,1,0,1,0,0,4822-NGOCH
1,44,89.15,3990.75,0,0.022339159305894883,5,0,0,0,1,0,0,1,0,0,0,0,1,0,1,0,0,0,0,0,1,1,0,0,1,0,0,0,1,0,9391-DXGGG
1,70,107.9,7475.85,0,0.014433141381916438,8,0,1,1,1,0,1,1,0,0,0,0,1,0,1,0,1,0,1,0,1,1,0,1,0,1,0,0,0,1,9844-FELAJ
0,44,19.5,835.5,0,0.02333931777378815,1,1,0,0,1,0,0,0,1,1,0,1,0,1,0,1,0,1,0,1,0,1,0,0,1,0,0,0,1,0,2122-SZZZD
1,32,85.95,2628.6,1,0.03269801415202009,4,0,1,0,1,0,1,1,0,0,0,0,0,0,0,0,0,0,1,0,0,0,0,1,1,0,0,0,1,0,5307-DZCVC
0,69,24.95,1718.35,0,0.014519742776500713,2,0,1,0,1,0,1,0,1,1,0,1,0,1,0,1,0,1,0,1,0,0,1,1,1,0,0,0,0,1,3148-AOIQT
1,16,59.4,1023.9,1,0.05801347787869909,4,0,0,0,1,0,0,0,0,0,0,0,0,0,0,0,1,0,1,0,0,0,0,0,0,1,0,1,0,0,8679-JOEVF
1,68,19.5,1193.55,0,0.016337815759708434,1,1,1,1,1,0,0,0,1,1,0,1,0,1,0,1,0,1,0,1,0,1,0,0,0,0,0,0,0,1,8395-ETZKQ
0,16,69.95,1205.5,0,0.05802571547075902,2,1,0,0,1,0,0,1,0,0,0,0,0,0,0,0,0,0,0,0,0,0,0,1,1,0,0,1,0,0,6692-YQHXC
0,68,82.85,5776.45,0,0.014342719144111001,7,1,1,1,1,0,0,0,0,0,1,0,1,0,0,0,1,0,1,0,1,0,1,0,0,0,0,0,0,1,3889-VWBID
0,4,19.0,78.9,0,0.24081115335868186,1,1,0,0,1,0,0,0,1,1,0,1,0,1,0,1,0,1,0,1,0,0,0,0,0,0,1,0,0,0,5222-JCXZT
0,26,38.85,1025.15,0,0.03789689313758962,4,0,1,1,0,1,0,0,0,0,1,0,1,0,0,0,1,0,0,0,0,0,0,0,1,0,0,0,1,0,9754-CLVZW
0,29,30.6,856.35,1,0.03573305307409354,2,0,0,0,0,1,0,0,0,0,0,0,1,0,0,0,0,0,0,0,0,0,0,1,0,1,0,0,1,0,1432-FPAXX
0,5,20.35,122.0,0,0.1668032786885246,1,1,0,1,1,0,0,0,1,1,0,1,0,1,0,1,0,1,0,1,0,0,0,0,1,0,0,0,0,0,2739-CCZMB
0,70,95.0,6602.9,0,0.014387617561980343,6,1,1,0,1,0,1,1,0,0,0,0,1,0,1,0,0,0,1,0,0,1,0,1,0,0,0,0,0,1,7080-TNUWP
0,24,74.4,1712.9,0,0.04343511004728823,6,1,1,0,1,0,0,0,0,0,1,0,0,0,0,0,1,0,1,0,1,1,0,0,0,0,0,1,0,0,0496-AHOOK
1,72,78.45,5682.25,0,0.013806150732544327,8,0,1,0,1,0,1,0,0,0,1,0,1,0,1,0,1,0,0,0,1,0,1,0,0,0,0,0,0,1,8336-TAVKX
0,1,74.3,74.3,0,1.0,3,1,0,0,1,0,0,1,0,0,0,0,0,0,0,0,1,0,0,0,0,0,0,1,0,0,1,0,0,0,2468-SJFLM
0,70,51.05,3635.15,0,0.01404343699709778,5,1,1,0,0,1,0,0,0,0,0,0,1,0,1,0,1,0,0,0,1,1,0,1,0,0,0,0,0,1,3181-VTHOE
0,36,19.2,702.9,0,0.02731540759709774,1,0,1,1,1,0,0,0,1,1,0,1,0,1,0,1,0,1,0,1,0,0,0,0,0,0,0,0,1,0,7168-HDQHG
1,38,99.55,3734.25,1,0.02665863292495146,6,0,0,0,1,0,1,1,0,0,0,0,0,0,0,0,1,0,1,0,1,0,0,1,0,1,0,0,1,0,4803-AXVYP
0,17,70.0,1144.5,1,0.06116207951070336,2,0,0,0,1,0,0,1,0,0,0,0,0,0,0,0,0,0,0,0,0,0,0,1,0,1,0,1,0,0,3884-HCSWG
0,41,109.1,4454.25,0,0.024493461301004656,8,0,1,1,1,0,1,1,0,0,0,0,1,0,1,0,1,0,1,0,1,1,0,1,0,0,0,0,1,0,4567-AKPIA
0,1,45.3,45.3,1,1.0,2,0,0,0,1,0,0,0,0,0,0,0,0,0,0,0,0,0,0,0,0,0,0,1,0,1,0,0,0,0,5077-DXTCG
0,2,29.85,75.6,1,0.3948412698412699,2,1,0,0,0,1,0,0,0,0,0,0,0,0,0,0,1,0,0,0,0,0,0,0,0,0,0,0,0,0,1142-WACZW
0,14,76.45,1117.55,0,0.06840857232338599,3,1,0,0,1,0,0,1,0,0,0,0,0,0,1,0,0,0,0,0,0,0,0,0,0,1,0,1,0,0,7901-HXJVA
1,2,95.1,180.25,1,0.5276005547850208,6,1,0,0,1,0,0,1,0,0,0,0,1,0,1,0,1,0,0,0,1,0,0,1,1,0,0,0,0,0,5649-ANRML
0,1,19.8,19.8,1,1.0,1,1,0,0,1,0,0,0,1,1,0,1,0,1,0,1,0,1,0,1,0,0,0,0,0,0,1,0,0,0,4892-VLANZ
0,13,72.8,930.05,0,0.07827536153970217,7,1,1,1,1,0,1,0,0,0,0,0,1,0,1,0,1,0,1,0,0,0,0,1,0,1,0,1,0,0,5924-IFQTT
0,6,18.95,110.15,0,0.17203812982296868,1,1,0,0,1,0,0,0,1,1,0,1,0,1,0,1,0,1,0,1,0,0,0,0,0,0,1,0,0,0,7968-QUXNS
0,4,76.65,333.6,1,0.22976618705035973,3,0,0,0,1,0,0,1,0,0,0,0,1,0,0,0,0,0,0,0,0,0,0,1,0,0,0,0,0,0,2919-HBCJO
0,5,99.15,465.05,1,0.213202881410601,6,0,1,1,1,0,0,1,0,0,0,0,1,0,0,0,1,0,1,0,1,0,0,1,0,0,1,0,0,0,4236-XPXAV
0,15,101.75,1669.4,0,0.060950041931232775,6,0,1,0,1,0,0,1,0,0,1,0,0,0,1,0,0,0,1,0,1,0,0,0,0,1,0,1,0,0,8903-WMRNW
0,47,75.45,3545.1,0,0.021282897520521284,3,0,0,0,1,0,0,1,0,0,1,0,0,0,0,0,0,0,0,0,0,0,0,0,1,0,0,0,1,0,2452-SNHFZ
0,8,64.1,504.05,0,0.12716992361868862,5,0,0,0,1,0,0,0,0,0,0,0,0,0,1,0,1,0,0,0,1,0,0,0,0,0,1,0,0,0,3629-WEAAM
0,17,25.65,440.2,0,0.05826896865061336,1,1,0,0,0,1,0,0,0,0,0,0,0,0,0,0,0,0,0,0,0,0,0,1,0,0,1,1,0,0,6029-CSMJE
0,15,75.1,1151.55,0,0.06521644739698666,3,1,1,1,1,0,0,1,0,0,1,0,0,0,0,0,0,0,0,0,0,0,0,0,0,0,1,1,0,0,7993-NQLJE
0,26,95.85,2475.35,0,0.03872179691760761,6,0,0,0,1,0,0,1,0,0,1,0,0,0,1,0,1,0,0,0,1,1,0,1,0,0,0,0,1,0,9909-DFRJA
0,23,54.4,1249.25,0,0.04354612767660596,4,0,0,0,1,0,1,0,0,0,1,0,0,0,0,0,0,0,0,0,0,0,0,0,0,1,0,1,0,0,9099-FTUHS
1,4,72.75,317.75,0,0.22895357985837922,3,0,0,0,1,0,0,1,0,0,0,0,1,0,0,0,0,0,0,0,0,0,0,0,0,1,0,0,0,0,0581-BXBUB
0,29,19.85,535.05,0,0.03709933651060649,1,1,0,1,1,0,0,0,1,1,0,1,0,1,0,1,0,1,0,1,0,1,0,0,0,0,1,0,1,0,4962-CHQPW
0,25,19.05,461.3,0,0.041296336440494255,1,0,0,0,1,0,0,0,1,1,0,1,0,1,0,1,0,1,0,1,0,0,0,0,0,0,1,0,1,0,9467-ROOLM
0,9,44.95,431.0,1,0.10429234338747101,2,1,0,0,1,0,0,0,0,0,0,0,0,0,0,0,0,0,0,0,0,0,0,0,0,0,1,0,0,0,3030-YZADT
0,18,49.55,878.35,1,0.0564125917914271,3,1,1,0,1,0,0,0,0,0,0,0,0,0,1,0,0,0,0,0,0,0,0,1,0,0,1,1,0,0,7410-KTVFV
1,3,94.85,335.75,0,0.2825018615040953,5,1,0,0,1,0,1,1,0,0,0,0,0,0,0,0,0,0,1,0,1,0,0,1,0,1,0,0,0,0,5150-ITWWB
0,69,46.25,3121.4,0,0.014817069263791888,5,0,1,1,0,1,0,0,0,0,1,0,1,0,1,0,1,0,0,0,0,0,1,0,0,0,0,0,0,1,2253-KPMNB
0,14,19.35,324.8,0,0.05957512315270936,1,1,0,0,1,0,0,0,1,1,0,1,0,1,0,1,0,1,0,1,0,1,0,0,0,0,1,1,0,0,1345-ZUKID
0,19,69.6,1394.55,0,0.049908572657846616,5,1,0,0,1,0,1,0,0,0,0,0,0,0,0,0,0,0,1,0,1,0,0,0,0,0,1,1,0,0,6429-SHBCB
1,39,90.7,3413.25,0,0.02657291437779243,5,1,0,0,1,0,1,1,0,0,0,0,1,0,0,0,0,0,0,0,1,0,0,0,0,1,0,0,1,0,9281-OFDMF
0,31,101.4,3143.65,0,0.03225549918088846,6,1,0,0,1,0,0,1,0,0,0,0,1,0,1,0,0,0,1,0,1,0,0,1,0,1,0,0,1,0,2603-HVKCG
0,24,20.25,439.75,0,0.04604889141557703,1,1,1,1,1,0,0,0,1,1,0,1,0,1,0,1,0,1,0,1,0,1,0,0,0,0,1,1,0,0,1834-WULEG
0,14,48.8,664.4,0,0.07344972907886815,3,1,1,0,1,0,0,0,0,0,0,0,0,0,0,0,1,0,0,0,0,0,0,0,0,0,0,1,0,0,9097-ZUBYC
0,64,74.35,4759.55,0,0.015621224695611979,7,0,1,0,1,0,0,0,0,0,1,0,1,0,1,0,1,0,0,0,1,0,1,1,0,0,1,0,0,1,5148-ORICT
0,50,19.35,1033.0,0,0.01873184898354308,1,0,0,0,1,0,0,0,1,1,0,1,0,1,0,1,0,1,0,1,0,1,0,1,0,0,1,0,0,1,4893-GYUJU
0,52,68.75,3482.85,0,0.019739581090199118,6,1,1,1,1,0,0,0,0,0,0,0,1,0,1,0,1,0,1,0,0,1,0,1,0,1,0,0,0,1,4578-PHJYZ
0,28,100.2,2688.45,0,0.037270546225520285,6,1,0,0,1,0,1,1,0,0,0,0,1,0,0,0,0,0,1,0,1,1,0,0,0,1,0,0,1,0,7272-QDCKA
0,21,20.85,435.25,0,0.04790350373348651,1,0,0,0,1,0,0,0,1,1,0,1,0,1,0,1,0,1,0,1,0,0,1,1,1,0,0,1,0,0,8908-SLFCJ
0,25,95.9,2448.75,1,0.0391628381827463,5,1,0,1,1,0,0,1,0,0,0,0,1,0,0,0,0,0,1,0,1,0,0,1,0,1,0,0,1,0,8393-DLHGA
0,17,19.35,307.0,0,0.06302931596091206,1,0,1,0,1,0,0,0,1,1,0,1,0,1,0,1,0,1,0,1,0,1,0,0,0,0,1,1,0,0,9766-HGEDE
0,58,45.0,2689.35,0,0.016732667744994142,3,1,1,0,0,1,0,0,0,0,0,0,0,0,0,0,0,0,1,0,1,1,0,1,1,0,0,0,0,1,6968-MHOMU
1,17,81.5,1329.2,1,0.06131507673788745,3,1,1,0,1,0,0,1,0,0,0,0,0,0,0,0,0,0,0,0,1,0,0,0,0,0,0,1,0,0,7395-IGJOS
0,51,25.5,1281.25,0,0.019902439024390244,2,0,1,0,1,0,1,0,1,1,0,1,0,1,0,1,0,1,0,1,0,0,1,0,0,0,1,0,0,1,5044-XDPYX
0,72,48.9,3527.0,0,0.01386447405727247,5,1,1,1,0,1,0,0,0,0,1,0,0,0,1,0,1,0,1,0,0,0,1,0,0,0,1,0,0,1,1814-WFGVS
0,52,84.1,4348.65,1,0.019339335195980363,4,1,1,0,1,0,0,1,0,0,1,0,0,0,0,0,0,0,1,0,0,0,0,0,0,1,0,0,0,1,2834-SPCJV
0,27,19.6,561.15,0,0.03492827229795955,1,0,0,0,1,0,0,0,1,1,0,1,0,1,0,1,0,1,0,1,0,0,1,1,0,0,1,0,1,0,3721-WKIIL
0,3,20.0,63.6,0,0.31446540880503143,1,0,0,0,1,0,0,0,1,1,0,1,0,1,0,1,0,1,0,1,0,0,0,0,0,0,1,0,0,0,6734-CKRSM
0,64,81.3,5129.3,0,0.01585011600023395,8,0,1,0,1,0,1,0,0,0,1,0,1,0,1,0,1,0,0,0,1,0,1,1,0,0,1,0,0,1,1265-ZFOSD
0,45,95.2,4285.8,0,0.02221288907555182,5,0,1,0,1,0,0,1,0,0,0,0,0,0,0,0,1,0,1,0,1,0,1,1,1,0,0,0,1,0,6568-POCUI
1,3,36.45,93.7,1,0.3890074706510139,2,1,1,0,0,1,0,0,0,0,0,0,0,0,0,0,0,0,1,0,0,0,0,1,0,0,1,0,0,0,7890-VYYWG
0,71,83.3,5894.5,0,0.014131817796250742,8,0,1,0,1,0,1,0,0,0,0,0,1,0,1,0,1,0,1,0,1,0,1,1,1,0,0,0,0,1,5197-LQXXH
1,1,25.05,25.05,1,1.0,1,0,0,0,0,1,0,0,0,0,0,0,0,0,0,0,0,0,0,0,0,0,0,0,0,0,1,0,0,0,9907-SWKKF
0,58,20.3,1160.75,0,0.017488692655610597,1,0,1,1,1,0,0,0,1,1,0,1,0,1,0,1,0,1,0,1,0,0,1,0,1,0,0,0,0,1,3457-PQBYH
0,34,89.85,3091.75,0,0.02906121128810544,5,1,1,1,1,0,0,1,0,0,0,0,1,0,1,0,0,0,1,0,0,0,0,1,0,1,0,0,1,0,7682-AZNDK
0,8,49.85,365.55,1,0.13636985364519216,3,0,0,0,1,0,0,0,0,0,1,0,0,0,0,0,0,0,0,0,0,0,0,1,0,1,0,0,0,0,0587-DMGBH
0,15,19.8,272.95,0,0.07254075838065581,1,0,1,1,1,0,0,0,1,1,0,1,0,1,0,1,0,1,0,1,0,0,0,0,0,0,1,1,0,0,5384-ZTTWP
0,66,54.65,3632.0,0,0.01504680616740088,5,1,1,1,0,1,0,0,0,0,0,0,0,0,1,0,1,0,1,0,1,0,1,0,0,0,0,0,0,1,3745-HRPHI
1,12,29.35,381.2,0,0.07699370409233998,2,1,0,0,0,1,0,0,0,0,0,0,1,0,0,0,0,0,0,0,0,0,0,1,1,0,0,0,0,0,7636-OWBPG
0,58,19.15,1035.5,0,0.018493481409946885,1,1,0,0,1,0,0,0,1,1,0,1,0,1,0,1,0,1,0,1,0,0,1,1,0,0,0,0,0,1,1231-YNDEK
0,3,19.1,52.0,0,0.36730769230769234,1,0,1,1,1,0,0,0,1,1,0,1,0,1,0,1,0,1,0,1,0,0,1,0,0,0,1,0,0,0,1407-DIGZV
1,43,55.55,2342.2,1,0.02371701818802835,5,0,1,0,0,1,0,0,0,0,0,0,1,0,1,0,0,0,1,0,1,0,0,0,1,0,0,0,1,0,6397-JNZZG
0,9,80.55,653.9,0,0.1231839730845695,4,0,0,0,1,0,0,1,0,0,0,0,1,0,1,0,0,0,0,0,0,0,0,0,0,1,0,0,0,0,0570-BFQHT
0,3,20.25,71.2,0,0.28441011235955055,1,0,0,0,1,0,0,0,1,1,0,1,0,1,0,1,0,1,0,1,0,1,0,0,0,0,1,0,0,0,4393-OBCRR
0,22,69.5,1498.2,1,0.04638900013349352,5,0,1,1,1,0,0,0,0,0,0,0,1,0,0,0,0,0,1,0,1,1,0,1,0,0,0,1,0,0,3523-QRQLL
0,40,106.0,4178.65,0,0.02536704438036208,7,1,1,0,1,0,1,1,0,0,0,0,1,0,1,0,0,0,1,0,1,1,0,1,0,0,0,0,1,0,8564-LDKFL
0,68,25.5,1821.8,0,0.013997145680096608,2,0,0,0,1,0,1,0,1,1,0,1,0,1,0,1,0,1,0,1,0,0,1,0,0,0,0,0,0,1,3696-DFHHB
0,54,104.3,5278.15,1,0.019760711612970456,7,1,1,0,1,0,1,1,0,0,0,0,1,0,1,0,0,0,1,0,1,0,0,1,0,1,0,0,0,1,0895-DQHEW
0,50,79.6,4024.2,0,0.01978032900949257,7,0,0,0,1,0,1,0,0,0,0,0,1,0,0,0,1,0,1,0,1,0,1,1,0,0,1,0,0,1,4717-GHADL
0,1,55.25,55.25,0,1.0,3,1,0,0,1,0,0,0,0,0,0,0,0,0,0,0,0,0,0,0,1,0,0,1,0,1,0,0,0,0,5501-TVMGM
0,72,88.05,6520.8,0,0.013502944423997056,9,0,1,0,1,0,1,0,0,0,1,0,1,0,1,0,1,0,1,0,1,0,1,0,0,0,0,0,0,1,5879-HMFFH
0,40,20.4,854.9,0,0.023862440051468006,1,1,0,1,1,0,0,0,1,1,0,1,0,1,0,1,0,1,0,1,0,1,0,1,0,0,0,0,1,0,6772-WFQRD
0,72,117.6,8308.9,0,0.014153498056301075,9,0,1,1,1,0,1,1,0,0,1,0,1,0,1,0,1,0,1,0,1,0,1,1,0,0,0,0,0,1,3810-DVDQQ
0,6,20.0,109.2,0,0.18315018315018314,1,0,0,0,1,0,0,0,1,1,0,1,0,1,0,1,0,1,0,1,0,0,0,0,0,0,1,0,0,0,6972-SNKKW
0,5,19.65,92.05,0,0.21347093970668116,1,0,0,0,1,0,0,0,1,1,0,1,0,1,0,1,0,1,0,1,0,0,0,1,1,0,0,0,0,0,3694-GLTJM
0,48,70.55,3420.5,0,0.02062563952638503,6,1,1,0,1,0,1,0,0,0,0,0,1,0,1,0,0,0,0,0,1,1,0,1,1,0,0,0,1,0,8550-XSXUQ
0,1,93.85,93.85,1,1.0,5,0,0,0,1,0,1,1,0,0,0,0,0,0,0,0,0,0,1,0,1,0,0,1,0,1,0,0,0,0,8149-RSOUN
0,64,65.8,4068.0,0,0.01617502458210423,5,0,1,1,1,0,0,0,0,0,1,0,0,0,0,0,1,0,1,0,0,1,0,0,0,0,1,0,0,1,9055-MOJJJ
0,17,20.05,337.9,0,0.059337081976916256,1,0,0,0,1,0,0,0,1,1,0,1,0,1,0,1,0,1,0,1,0,1,0,0,1,0,0,1,0,0,4359-INNWN
0,40,80.0,3168.75,0,0.0252465483234714,4,1,1,0,1,0,0,1,0,0,0,0,1,0,1,0,0,0,0,0,0,0,0,1,0,1,0,0,1,0,0585-EGDDA
0,41,35.4,1412.4,0,0.025063721325403566,3,0,1,1,0,1,0,0,0,0,1,0,0,0,1,0,0,0,0,0,0,1,0,0,1,0,0,0,1,0,4032-RMHCI
1,51,79.6,3974.7,0,0.020026668679397185,4,1,0,0,1,0,1,1,0,0,0,0,1,0,0,0,0,0,0,0,0,1,0,1,0,0,0,0,0,1,0549-CYCQN
0,41,80.25,3439.0,0,0.02333527188136086,4,1,1,0,1,0,1,1,0,0,0,0,1,0,0,0,0,0,0,0,0,0,0,1,0,1,0,0,1,0,3481-JHUZH
0,1,50.45,50.45,1,1.0,3,0,1,1,1,0,0,0,0,0,0,0,0,0,1,0,0,0,0,0,0,0,0,0,0,0,1,0,0,0,7250-EQKIY
0,2,20.45,42.45,0,0.4817432273262661,1,0,0,0,1,0,0,0,1,1,0,1,0,1,0,1,0,1,0,1,0,0,0,1,0,0,1,0,0,0,3594-IVHJZ
0,68,79.6,5461.45,0,0.014574883959388074,4,1,0,0,1,0,0,1,0,0,0,0,1,0,1,0,0,0,0,0,0,1,0,0,1,0,0,0,0,1,6869-FGJJC
0,24,24.7,571.75,0,0.04320069960647136,2,0,1,1,1,0,1,0,1,1,0,1,0,1,0,1,0,1,0,1,0,0,1,0,0,0,1,1,0,0,3896-ZVNET
0,70,77.3,5498.2,0,0.014059146629806119,7,1,1,0,1,0,1,0,0,0,1,0,0,0,1,0,1,0,0,0,1,0,1,0,1,0,0,0,0,1,8205-VSLRB
0,3,29.75,96.85,0,0.307176045431079,2,1,0,0,0,1,0,0,0,0,0,0,0,0,0,0,1,0,0,0,0,0,0,1,0,1,0,0,0,0,5960-MVTUK
0,2,44.9,111.05,0,0.40432237730751913,2,1,0,0,1,0,0,0,0,0,0,0,0,0,0,0,0,0,0,0,0,0,0,0,0,0,0,0,0,0,6817-WTYHE
0,3,29.8,94.4,0,0.3156779661016949,2,1,1,0,0,1,0,0,0,0,0,0,1,0,0,0,0,0,0,0,0,0,0,0,1,0,0,0,0,0,3082-VQXNH
0,7,74.65,521.1,1,0.14325465361734793,6,0,0,0,1,0,1,0,0,0,0,0,0,0,0,0,1,0,1,0,1,0,0,1,0,1,0,0,0,0,4013-UBXWQ
0,13,71.95,923.85,0,0.0778806083238621,5,0,0,0,1,0,0,0,0,0,1,0,0,0,0,0,0,0,1,0,1,0,0,1,0,1,0,1,0,0,4931-TRZWN
0,7,20.75,141.1,0,0.14705882352941177,1,1,0,0,1,0,0,0,1,1,0,1,0,1,0,1,0,1,0,1,0,0,0,0,0,0,1,0,0,0,0750-EKNGL
0,12,56.3,628.65,0,0.08955698719478247,3,1,1,1,1,0,0,0,0,0,0,0,0,0,0,0,0,0,1,0,0,0,0,1,0,0,1,0,0,0,7669-LCRSD
0,53,105.25,5576.3,0,0.01887452253286229,7,1,1,1,1,0,1,1,0,0,0,0,1,0,1,0,0,0,1,0,1,1,0,1,0,1,0,0,0,1,3567-PQTSO
0,12,94.2,1046.1,1,0.09004875250932035,5,0,0,0,1,0,1,1,0,0,0,0,0,0,0,0,0,0,1,0,1,0,0,1,0,1,0,0,0,0,5519-NPHVG
0,63,19.55,1245.6,0,0.01569524727039178,1,1,1,1,1,0,0,0,1,1,0,1,0,1,0,1,0,1,0,1,0,0,1,0,0,0,1,0,0,1,8043-PNYSD
0,15,84.45,1287.85,0,0.065574406957332,8,0,0,0,1,0,0,0,0,0,1,0,1,0,1,0,1,0,1,0,1,0,0,0,0,0,1,1,0,0,9938-EKRGF
0,36,53.65,1939.35,0,0.02766390801041586,4,1,1,1,1,0,0,0,0,0,1,0,1,0,0,0,0,0,0,0,0,1,0,0,0,0,1,0,1,0,2703-AMTUL
1,4,29.9,118.25,0,0.2528541226215645,2,1,1,0,0,1,0,0,0,0,0,0,0,0,1,0,0,0,0,0,0,0,0,1,0,1,0,0,0,0,0928-JMXNP
0,24,19.7,452.55,0,0.043531101535741905,1,0,1,1,1,0,0,0,1,1,0,1,0,1,0,1,0,1,0,1,0,0,1,0,0,0,1,1,0,0,8173-RXAYP
0,61,43.7,2696.55,0,0.016205892714765163,5,0,0,0,0,1,0,0,0,0,1,0,1,0,1,0,1,0,0,0,0,1,0,0,1,0,0,0,0,1,4825-XJGDM
0,16,55.3,875.35,0,0.06317473010795681,4,1,0,0,1,0,1,0,0,0,0,0,1,0,0,0,0,0,0,0,0,0,0,0,0,1,0,1,0,0,5402-HTOTQ
0,65,19.85,1267.05,0,0.015666311510990096,1,1,1,1,1,0,0,0,1,1,0,1,0,1,0,1,0,1,0,1,0,0,1,1,1,0,0,0,0,1,6734-JDTTV
0,26,19.65,494.9,0,0.03970499090725399,1,0,1,1,1,0,0,0,1,1,0,1,0,1,0,1,0,1,0,1,0,0,1,0,1,0,0,0,1,0,7850-THJMU
0,16,49.45,799.0,0,0.06188986232790989,3,1,0,0,1,0,0,0,0,0,0,0,0,0,0,0,1,0,0,0,0,0,0,1,0,0,1,1,0,0,3890-RTCMS
0,54,106.55,5763.3,1,0.01848767199347596,7,0,1,0,1,0,1,1,0,0,1,0,1,0,0,0,0,0,1,0,1,1,0,0,0,0,0,0,0,1,8849-GYOKR
0,1,20.1,20.1,1,1.0,1,1,0,0,1,0,0,0,1,1,0,1,0,1,0,1,0,1,0,1,0,0,0,0,0,0,1,0,0,0,3148-BLQJT
0,5,20.45,106.9,0,0.1913002806361085,1,1,0,1,1,0,0,0,1,1,0,1,0,1,0,1,0,1,0,1,0,0,1,0,0,0,1,0,0,0,3717-FDJFU
0,19,39.7,710.05,0,0.05591155552425886,3,0,0,0,0,1,0,0,0,0,0,0,1,0,0,0,0,0,0,0,1,0,0,1,0,1,0,1,0,0,3665-JATSN
0,10,54.5,568.2,0,0.09591693065821894,4,1,0,0,1,0,1,0,0,0,1,0,0,0,0,0,0,0,0,0,0,0,0,1,1,0,0,0,0,0,7966-YOTQW
0,23,83.8,1900.25,1,0.04409946059728983,5,0,1,1,1,0,0,1,0,0,0,0,1,0,1,0,1,0,0,0,0,0,0,0,0,1,0,1,0,0,0461-CVKMU
0,3,55.15,159.15,1,0.34652843229657554,3,1,0,0,1,0,0,0,0,0,0,0,0,0,0,0,0,0,1,0,0,0,0,0,0,0,1,0,0,0,8806-EAGWC
0,72,111.6,8012.75,0,0.013927802564662568,8,0,0,0,1,0,1,1,0,0,0,0,1,0,1,0,1,0,1,0,1,0,1,1,0,0,0,0,0,1,8853-TZDGH
1,10,86.65,856.65,1,0.10114982781766182,4,1,1,0,1,0,1,1,0,0,0,0,0,0,0,0,0,0,0,0,1,0,0,1,0,1,0,0,0,0,7779-LGOVN
0,10,55.55,551.3,0,0.10076183566116452,4,0,1,1,1,0,0,0,0,0,0,0,1,0,1,0,0,0,0,0,0,0,0,1,0,0,1,0,0,0,4324-BZCKL
0,11,20.55,184.95,0,0.11111111111111112,1,1,1,0,1,0,0,0,1,1,0,1,0,1,0,1,0,1,0,1,0,1,0,1,0,0,1,0,0,0,6924-TDGMT
1,37,106.75,4056.75,1,0.026314167745116166,7,0,0,0,1,0,1,1,0,0,1,0,1,0,0,0,0,0,1,0,1,0,0,1,0,0,0,0,1,0,9710-ZUSHQ
0,17,62.1,1096.65,0,0.05662700041034058,5,1,1,1,1,0,1,0,0,0,1,0,0,0,0,0,1,0,0,0,0,1,0,1,0,0,1,1,0,0,1536-YHDOE
0,36,104.5,3684.95,0,0.02835859373939945,7,0,1,1,1,0,1,1,0,0,1,0,0,0,1,0,0,0,1,0,1,0,0,1,1,0,0,0,1,0,8123-QBNAZ
1,17,101.8,1752.45,0,0.058090102428029325,6,1,0,0,1,0,0,1,0,0,0,0,1,0,1,0,0,0,1,0,1,0,0,1,0,1,0,1,0,0,3629-ZNKXA
1,66,110.6,7210.85,0,0.015337997600837625,8,0,1,1,1,0,1,1,0,0,1,0,1,0,0,0,1,0,1,0,1,1,0,1,1,0,0,0,0,1,4827-LTQRJ
0,61,84.9,5264.5,0,0.01612688764365087,8,1,1,1,1,0,0,0,0,0,1,0,1,0,1,0,1,0,1,0,1,1,0,0,0,0,0,0,0,1,7711-YIJWC
0,22,93.2,2157.3,0,0.043202150836694014,5,1,0,0,1,0,0,1,0,0,0,0,1,0,0,0,0,0,1,0,1,0,0,1,0,0,1,1,0,0,5482-VXSXJ
0,1,24.4,24.4,0,1.0,1,1,0,0,0,1,0,0,0,0,0,0,0,0,0,0,0,0,0,0,0,0,0,1,0,1,0,0,0,0,7365-BVCJH
0,6,70.55,433.95,0,0.16257633367899527,2,0,0,0,1,0,0,1,0,0,0,0,0,0,0,0,0,0,0,0,0,0,0,0,1,0,0,0,0,0,9620-ENEJV
0,31,78.45,2435.15,1,0.03221567459910067,4,1,0,0,1,0,0,1,0,0,0,0,1,0,0,0,1,0,0,0,0,0,0,1,0,1,0,0,1,0,4183-WCSEP
0,68,85.0,5607.75,0,0.015157594400606303,8,0,1,1,1,0,0,0,0,0,1,0,1,0,1,0,1,0,1,0,1,0,1,1,1,0,0,0,0,1,2378-YIZKA
0,34,87.45,2874.15,1,0.030426386931788528,5,0,1,1,1,0,1,1,0,0,0,0,0,0,1,0,0,0,1,0,0,0,0,0,0,1,0,0,1,0,5498-TXHLF
0,52,85.8,4433.3,0,0.019353528973902058,5,0,1,1,1,0,0,1,0,0,0,0,1,0,1,0,1,0,0,0,0,0,0,0,0,0,0,0,0,1,0689-DSXGL
0,10,91.1,964.35,0,0.09446777622232591,5,0,0,1,1,0,0,1,0,0,0,0,0,0,1,0,1,0,1,0,0,0,0,1,0,1,0,0,0,0,6818-DJXAA
0,29,70.75,1974.8,1,0.03582641280129634,2,1,1,1,1,0,0,1,0,0,0,0,0,0,0,0,0,0,0,0,0,0,0,1,0,1,0,0,1,0,9722-UJOJR
0,72,20.1,1460.85,0,0.013759112845261321,1,0,1,1,1,0,0,0,1,1,0,1,0,1,0,1,0,1,0,1,0,0,1,0,0,0,0,0,0,1,0464-WJTKO
0,47,20.05,951.55,0,0.021070884346592402,1,1,1,1,1,0,0,0,1,1,0,1,0,1,0,1,0,1,0,1,0,1,0,0,0,0,1,0,1,0,8902-ZEOVF
0,24,74.8,1821.2,0,0.04107182077750933,6,1,1,1,1,0,1,0,0,0,1,0,0,0,0,0,0,0,1,0,1,1,0,0,0,0,1,1,0,0,6778-EICRF
0,65,24.8,1600.95,0,0.015490802336112932,2,1,0,0,1,0,1,0,1,1,0,1,0,1,0,1,0,1,0,1,0,1,0,0,1,0,0,0,0,1,2662-NNTDK
0,4,100.85,399.25,0,0.2525986224170319,6,0,0,0,1,0,1,1,0,0,0,0,0,0,0,0,1,0,1,0,1,0,0,1,0,0,1,0,0,0,4132-KALRO
1,12,101.35,1218.55,1,0.08317262319970456,6,1,1,0,1,0,1,1,0,0,0,0,1,0,0,0,0,0,1,0,1,0,0,1,0,1,0,0,0,0,3902-FOIGH
0,1,81.7,81.7,1,1.0,4,1,0,0,1,0,1,1,0,0,1,0,0,0,0,0,0,0,0,0,0,0,0,1,0,1,0,0,0,0,6772-KSATR
0,33,68.25,2171.15,1,0.03143495382631324,2,1,0,0,1,0,0,1,0,0,0,0,0,0,0,0,0,0,0,0,0,0,0,0,0,1,0,0,1,0,7112-OPOTK
0,34,105.1,3634.8,0,0.028914933421371188,7,0,0,0,1,0,0,1,0,0,0,0,1,0,1,0,1,0,1,0,1,0,0,1,0,1,0,0,1,0,2874-YXVVA
0,14,20.4,292.4,0,0.06976744186046512,1,0,1,0,1,0,0,0,1,1,0,1,0,1,0,1,0,1,0,1,0,0,1,0,0,0,1,1,0,0,1245-HARPS
0,4,79.15,317.25,1,0.24948778565799845,3,0,0,0,1,0,0,1,0,0,0,0,0,0,0,0,0,0,0,0,1,0,0,1,0,1,0,0,0,0,4210-QFJMF
0,13,20.0,218.55,0,0.09151223976206817,1,1,1,1,1,0,0,0,1,1,0,1,0,1,0,1,0,1,0,1,0,1,0,0,0,0,1,1,0,0,4323-ELYYB
0,65,79.4,5071.9,0,0.015654882785543882,7,0,1,1,1,0,1,0,0,0,0,0,1,0,0,0,1,0,1,0,1,0,1,1,0,0,0,0,0,1,4293-ETKAP
0,23,57.2,1423.35,0,0.040186883057575444,4,1,1,1,1,0,0,0,0,0,1,0,0,0,0,0,1,0,0,0,0,1,0,0,1,0,0,1,0,0,6064-PUPMC
0,55,58.6,3068.6,0,0.019096656455712704,5,1,1,0,1,0,0,0,0,0,1,0,1,0,1,0,0,0,0,0,0,0,1,0,0,1,0,0,0,1,6504-VBLFL
0,49,94.8,4690.65,0,0.020210418598701672,5,1,1,0,1,0,0,1,0,0,0,0,1,0,0,0,0,0,1,0,1,0,1,1,0,1,0,0,0,1,6322-PJJDJ
0,60,102.5,6157.6,0,0.016646095881512276,7,1,1,0,1,0,1,1,0,0,0,0,1,0,1,0,0,0,1,0,1,1,0,0,0,0,0,0,0,1,0330-BGYZE
0,69,20.35,1442.65,0,0.014105985512771636,1,0,1,1,1,0,0,0,1,1,0,1,0,1,0,1,0,1,0,1,0,1,0,1,1,0,0,0,0,1,1085-LDWAM
0,40,84.9,3369.05,0,0.025199982190825306,4,1,0,0,1,0,1,1,0,0,0,0,0,0,0,0,0,0,1,0,0,0,0,1,0,1,0,0,1,0,7586-ZATGZ
0,67,69.2,4671.65,0,0.014812753523915536,6,1,1,0,1,0,0,0,0,0,1,0,1,0,0,0,1,0,0,0,1,0,1,1,1,0,0,0,0,1,7197-VOJMM
1,35,95.45,3474.05,1,0.027475137087836964,5,1,0,0,1,0,1,1,0,0,0,0,0,0,0,0,0,0,1,0,1,0,0,1,0,1,0,0,1,0,3318-OSATS
0,19,100.95,1875.55,1,0.05382421156460772,6,1,1,1,1,0,1,1,0,0,0,0,0,0,0,0,1,0,1,0,1,1,0,1,0,1,0,1,0,0,5828-AVIPD
0,13,20.85,272.35,0,0.07655590233155865,1,0,1,1,1,0,0,0,1,1,0,1,0,1,0,1,0,1,0,1,0,0,1,0,0,0,1,1,0,0,1843-TLSGD
0,41,88.5,3645.05,0,0.024279502338788218,5,0,0,1,1,0,1,1,0,0,0,0,1,0,0,0,0,0,1,0,0,0,0,1,0,0,0,0,1,0,9626-VFRGG
0,4,35.0,135.75,0,0.2578268876611418,3,0,0,0,0,1,0,0,0,0,1,0,0,0,1,0,0,0,0,0,0,0,0,0,0,0,1,0,0,0,7075-BNDVQ
0,24,55.15,1319.85,0,0.04178505133159071,4,0,1,1,1,0,0,0,0,0,1,0,0,0,0,0,1,0,0,0,0,0,0,0,0,1,0,1,0,0,9143-CANJF
0,5,50.95,229.4,0,0.22210113339145598,4,0,0,0,0,1,0,0,0,0,0,0,1,0,0,0,0,0,1,0,1,0,0,1,1,0,0,0,0,0,7284-BUYEC
0,5,64.0,370.25,0,0.17285617825793384,5,0,0,0,1,0,1,0,0,0,0,0,1,0,0,0,0,0,0,0,1,0,0,1,0,1,0,0,0,0,2041-JIJCI
0,1,69.1,69.1,1,1.0,2,0,1,1,1,0,0,1,0,0,0,0,0,0,0,0,0,0,0,0,0,0,0,1,0,0,1,0,0,0,1086-LXKFY
0,72,80.2,5714.2,0,0.014035210528157923,8,0,1,1,1,0,1,0,0,0,1,0,1,0,1,0,1,0,1,0,0,0,1,0,0,0,0,0,0,1,4900-MSOMT
0,24,49.3,1233.25,0,0.03997567403202919,3,0,0,0,1,0,0,0,0,0,0,0,0,0,1,0,0,0,0,0,0,0,0,1,1,0,0,1,0,0,2229-VWQJH
0,42,84.35,3571.6,0,0.023616866390413258,8,0,1,0,1,0,1,0,0,0,1,0,0,0,1,0,1,0,1,0,1,0,1,0,1,0,0,0,1,0,9194-GFVOI
0,4,20.05,83.3,0,0.24069627851140457,1,0,0,0,1,0,0,0,1,1,0,1,0,1,0,1,0,1,0,1,0,0,0,0,0,0,1,0,0,0,1336-EZFZY
0,68,117.2,8035.95,0,0.014584461078030601,9,1,0,0,1,0,1,1,0,0,1,0,1,0,1,0,1,0,1,0,1,1,0,1,1,0,0,0,0,1,4282-MSACW
0,33,20.1,579.4,0,0.03469105971694857,1,0,1,1,1,0,0,0,1,1,0,1,0,1,0,1,0,1,0,1,0,1,0,0,0,0,1,0,1,0,1403-LKLIK
1,1,69.6,69.6,1,1.0,2,0,0,0,1,0,0,1,0,0,0,0,0,0,0,0,0,0,0,0,0,0,0,1,0,1,0,0,0,0,2636-ALXXZ
0,31,103.45,3066.45,1,0.03373607917950725,7,1,0,0,1,0,1,1,0,0,0,0,1,0,1,0,0,0,1,0,1,1,0,1,0,1,0,0,1,0,7774-OJSXI
0,4,77.95,305.55,1,0.25511372934053345,4,0,0,0,1,0,1,1,0,0,0,0,1,0,0,0,0,0,0,0,0,0,0,0,0,0,0,0,0,0,7786-WBJYI
1,69,109.95,7634.25,0,0.014402200609097162,8,1,1,0,1,0,1,1,0,0,0,0,1,0,1,0,1,0,1,0,1,0,1,1,0,1,0,0,0,1,0136-IFMYD
1,38,94.75,3653.0,0,0.025937585546126473,5,1,0,0,1,0,1,1,0,0,0,0,0,0,0,0,0,0,1,0,1,0,0,0,0,1,0,0,1,0,5144-TVGLP
0,3,80.0,241.3,0,0.33153750518027353,4,0,1,1,1,0,0,1,0,0,0,0,1,0,0,0,1,0,0,0,0,0,0,1,0,1,0,0,0,0,9643-AVVWI
0,48,79.65,3870.3,0,0.020579800015502674,7,0,1,1,1,0,1,0,0,0,0,0,1,0,0,0,1,0,1,0,1,0,1,0,0,1,0,0,1,0,0253-ZTEOB
0,15,25.2,387.9,0,0.06496519721577726,2,0,1,0,1,0,1,0,1,1,0,1,0,1,0,1,0,1,0,1,0,0,1,0,0,0,1,1,0,0,2706-QZIHY
0,25,19.9,527.5,0,0.03772511848341232,1,0,0,0,1,0,0,0,1,1,0,1,0,1,0,1,0,1,0,1,0,1,0,0,1,0,0,0,1,0,6061-PQHMK
1,1,78.45,78.45,1,1.0,3,0,0,0,1,0,0,1,0,0,0,0,0,0,0,0,0,0,1,0,0,0,0,0,0,1,0,0,0,0,9885-CSMWE
0,48,44.8,2104.55,0,0.021287211042740724,4,0,0,0,0,1,0,0,0,0,1,0,1,0,0,0,0,0,1,0,0,0,0,1,0,1,0,0,1,0,6137-MFAJN
0,1,20.3,20.3,0,1.0,1,1,0,0,1,0,0,0,1,1,0,1,0,1,0,1,0,1,0,1,0,0,0,0,0,0,1,0,0,0,9122-UMROB
0,1,19.2,19.2,0,1.0,1,1,0,0,1,0,0,0,1,1,0,1,0,1,0,1,0,1,0,1,0,0,0,0,0,1,0,0,0,0,4232-JGKIY
0,37,80.05,3019.1,0,0.026514524195952436,4,0,0,0,1,0,0,1,0,0,0,0,1,0,1,0,0,0,0,0,0,1,0,0,0,1,0,0,1,0,2402-TAIRZ
1,66,107.35,7051.95,0,0.015222739809556221,8,1,1,0,1,0,1,1,0,0,0,0,1,0,1,0,1,0,1,0,1,1,0,1,0,0,0,0,0,1,9659-ZTWSM
0,26,47.85,1190.5,0,0.04019319613607728,5,0,1,0,0,1,0,0,0,0,1,0,1,0,1,0,0,0,1,0,0,1,0,0,0,0,0,0,1,0,9139-TWBAS
0,63,70.8,4448.8,0,0.01591440388419349,6,1,1,0,1,0,0,0,0,0,1,0,1,0,0,0,1,0,1,0,0,1,0,0,1,0,0,0,0,1,6685-GBWJZ
0,10,29.5,255.25,1,0.11557296767874632,2,1,0,0,0,1,0,0,0,0,0,0,0,0,1,0,0,0,0,0,0,0,0,0,0,0,1,0,0,0,5016-ETTFF
0,2,70.75,146.9,1,0.48162014976174267,5,0,0,0,1,0,0,0,0,0,1,0,0,0,0,0,0,0,1,0,1,0,0,1,0,1,0,0,0,0,3866-MDTUB
1,18,59.1,1011.05,0,0.05845408238959498,4,1,1,0,1,0,0,0,0,0,1,0,0,0,0,0,0,0,0,0,1,0,0,1,1,0,0,1,0,0,2195-VVRJF
0,64,25.55,1714.95,0,0.014898393539170239,2,0,1,0,1,0,1,0,1,1,0,1,0,1,0,1,0,1,0,1,0,0,1,0,0,0,1,0,0,1,3913-RDSJZ
1,9,84.45,762.5,1,0.11075409836065574,4,0,0,0,1,0,1,1,0,0,0,0,0,0,0,0,0,0,0,0,1,0,0,1,0,1,0,0,0,0,8058-JMEQO
0,28,20.25,535.35,0,0.03782572149061362,1,0,0,1,1,0,0,0,1,1,0,1,0,1,0,1,0,1,0,1,0,0,0,0,0,0,1,0,1,0,4203-QGNZA
0,1,75.55,75.55,0,1.0,3,0,0,0,1,0,0,1,0,0,0,0,0,0,1,0,0,0,0,0,0,0,0,0,0,1,0,0,0,0,5043-TRZWM
0,4,85.65,338.9,1,0.25272941870758336,4,1,0,0,1,0,1,1,0,0,0,0,0,0,0,0,0,0,0,0,1,0,0,1,0,1,0,0,0,0,0697-ZMSWS
1,38,70.15,2497.35,1,0.028089775161671375,6,1,0,0,1,0,0,0,0,0,0,0,1,0,1,0,1,0,1,0,0,1,0,1,1,0,0,0,1,0,7657-DYEPJ
0,66,95.3,6273.4,0,0.01519112443013358,6,1,1,0,1,0,1,1,0,0,0,0,1,0,1,0,0,0,0,0,1,1,0,0,0,1,0,0,0,1,9494-BDNNC
0,1,70.25,70.25,0,1.0,2,0,0,0,1,0,0,1,0,0,0,0,0,0,0,0,0,0,0,0,0,0,0,1,0,1,0,0,0,0,1640-PLFMP
0,18,50.3,908.75,0,0.055350756533700134,3,0,1,0,1,0,0,0,0,0,0,0,0,0,0,0,1,0,0,0,0,0,0,1,0,0,1,1,0,0,5366-OBVMR
1,51,97.8,4913.3,1,0.019905155394541345,6,1,0,0,1,0,1,1,0,0,0,0,0,0,1,0,0,0,1,0,1,0,0,1,0,1,0,0,0,1,8276-MQBYC
0,0,19.85,0.0,0,0.0,1,1,1,1,1,0,0,0,1,1,0,1,0,1,0,1,0,1,0,1,0,0,1,0,0,0,1,0,0,0,7644-OMVMY
0,1,46.3,46.3,1,1.0,2,1,0,0,1,0,0,0,0,0,0,0,0,0,0,0,0,0,0,0,0,0,0,0,0,0,1,0,0,0,7593-XFKDI
0,12,19.35,212.3,0,0.09114460668864814,1,1,0,1,1,0,0,0,1,1,0,1,0,1,0,1,0,1,0,1,0,0,1,0,0,0,0,0,0,0,4573-JKNAE
0,41,106.3,4443.45,1,0.023922852738300197,7,0,0,0,1,0,1,1,0,0,0,0,1,0,1,0,0,0,1,0,1,0,0,1,0,1,0,0,1,0,0337-CNPZE
0,12,25.0,316.2,0,0.07906388361796332,2,1,0,0,1,0,1,0,1,1,0,1,0,1,0,1,0,1,0,1,0,0,0,0,0,1,0,0,0,0,9817-APLHW
0,55,20.3,1079.05,0,0.018812844631852094,1,0,1,1,1,0,0,0,1,1,0,1,0,1,0,1,0,1,0,1,0,0,1,0,0,0,1,0,0,1,8380-MQINP
0,7,75.35,564.65,0,0.13344549721066146,3,0,0,0,1,0,1,1,0,0,0,0,0,0,0,0,0,0,0,0,0,0,0,1,0,1,0,0,0,0,0840-DFEZH
0,12,89.4,1095.65,1,0.081595399990873,5,0,0,0,1,0,0,1,0,0,0,0,0,0,1,0,1,0,0,0,1,0,0,1,0,1,0,0,0,0,1513-XNPPH
0,68,88.0,6161.9,0,0.01428130933640598,9,0,1,1,1,0,1,0,0,0,1,0,1,0,1,0,1,0,1,0,1,0,1,0,1,0,0,0,0,1,8690-ZVLCL
1,5,83.15,446.05,1,0.18641407913910998,4,0,0,0,1,0,1,1,0,0,0,0,0,0,0,0,0,0,1,0,0,0,0,1,1,0,0,0,0,0,6015-VVHHE
1,49,43.8,2106.05,0,0.020797227036395145,2,0,0,0,1,0,0,0,0,0,0,0,0,0,0,0,0,0,0,0,0,0,0,0,0,0,1,0,0,1,1125-SNVCK
0,40,62.05,2511.55,0,0.02470585893173538,6,1,0,0,0,1,0,0,0,0,1,0,1,0,1,0,0,0,1,0,1,1,0,0,1,0,0,0,1,0,0384-LPITE
0,16,20.1,318.6,0,0.06308851224105462,1,0,0,0,1,0,0,0,1,1,0,1,0,1,0,1,0,1,0,1,0,1,0,0,0,0,0,1,0,0,4616-EWBNJ
0,10,74.15,811.8,1,0.09134023158413404,3,1,0,0,1,0,1,1,0,0,0,0,0,0,0,0,0,0,0,0,0,0,0,1,0,0,1,0,0,0,6347-DCUIK
0,72,101.35,7323.15,0,0.013839672818390993,7,0,1,0,1,0,1,1,0,0,0,0,1,0,1,0,0,0,1,0,1,1,0,1,0,1,0,0,0,1,1335-HQMKX
1,2,84.05,186.05,0,0.45176027949475944,4,0,0,0,1,0,1,1,0,0,0,0,0,0,0,0,0,0,0,0,1,0,0,1,0,1,0,0,0,0,2545-EBUPK
0,23,20.9,454.0,0,0.046035242290748894,1,1,1,1,1,0,0,0,1,1,0,1,0,1,0,1,0,1,0,1,0,0,1,0,0,0,1,1,0,0,6923-AQONU
1,71,105.9,7521.95,0,0.01407879605687355,7,0,0,0,1,0,1,1,0,0,0,0,1,0,1,0,0,0,1,0,1,1,0,1,0,1,0,0,0,1,2172-EJXVF
0,11,99.5,1056.95,1,0.09413879559108757,6,0,1,0,1,0,1,1,0,0,0,0,0,0,1,0,0,0,1,0,1,0,0,1,0,1,0,0,0,0,0897-FEGMU
0,1,44.15,44.15,1,1.0,2,1,0,0,1,0,0,0,0,0,0,0,0,0,0,0,0,0,0,0,0,0,0,1,0,0,1,0,0,0,7663-RGWBC
0,16,53.9,834.15,1,0.0646166756578553,4,0,0,0,1,0,0,0,0,0,0,0,1,0,0,0,1,0,0,0,0,0,0,1,0,0,1,1,0,0,1120-BMWUB
0,1,85.45,85.45,1,1.0,4,0,0,0,1,0,1,1,0,0,0,0,0,0,0,0,0,0,0,0,1,0,0,1,0,0,1,0,0,0,9124-LHCJQ
0,12,85.05,999.8,0,0.08506701340268054,4,1,1,0,1,0,0,1,0,0,0,0,1,0,0,0,0,0,0,0,1,0,0,1,1,0,0,0,0,0,4536-PLEQY
0,54,44.1,2369.7,0,0.018609950626661605,4,0,0,0,0,1,0,0,0,0,1,0,0,0,0,0,1,0,0,0,1,1,0,0,0,0,0,0,0,1,7029-IJEJK
0,68,90.2,6297.65,0,0.014322802950306862,6,0,1,0,1,0,1,1,0,0,0,0,1,0,1,0,1,0,0,0,0,0,1,0,1,0,0,0,0,1,8871-JLMHM
0,4,50.85,239.55,1,0.21227301189730743,3,0,1,1,1,0,1,0,0,0,0,0,0,0,0,0,0,0,0,0,0,0,0,0,0,0,1,0,0,0,2235-ZGKPT
0,1,59.2,59.2,1,1.0,4,0,0,1,1,0,0,0,0,0,0,0,0,0,1,0,0,0,0,0,1,0,0,0,0,1,0,0,0,0,3891-PUQOD
0,27,53.45,1461.45,0,0.03657326627664306,4,1,0,0,1,0,0,0,0,0,1,0,0,0,0,0,1,0,0,0,0,0,0,0,0,0,1,0,1,0,5447-VYTKW
0,21,19.95,416.4,0,0.047910662824207494,1,1,0,0,1,0,0,0,1,1,0,1,0,1,0,1,0,1,0,1,0,0,0,1,0,0,1,1,0,0,3623-FQBOX
0,13,83.2,1060.6,1,0.07844616254950029,4,1,0,0,1,0,0,1,0,0,0,0,0,0,1,0,0,0,1,0,0,0,0,1,0,1,0,1,0,0,0689-NKYLF
1,64,74.65,4869.35,0,0.015330588271535215,7,0,0,0,1,0,1,0,0,0,0,0,1,0,1,0,1,0,0,0,1,0,0,0,1,0,0,0,0,1,8659-HDIYE
0,1,54.9,54.9,1,1.0,4,0,0,0,1,0,0,0,0,0,1,0,1,0,0,0,0,0,0,0,0,0,0,1,0,1,0,0,0,0,3658-KIBGF
0,57,57.5,3265.95,0,0.017605903335935945,6,1,1,0,0,1,0,0,0,0,0,0,1,0,1,0,1,0,1,0,1,0,1,1,0,0,0,0,0,1,3474-BAFSJ
0,21,103.9,2254.2,1,0.04609173986336617,7,0,1,0,1,0,1,1,0,0,1,0,0,0,1,0,0,0,1,0,1,0,0,1,0,1,0,1,0,0,5519-YLDGW
0,19,19.65,358.15,0,0.05486527991065196,1,1,0,0,1,0,0,0,1,1,0,1,0,1,0,1,0,1,0,1,0,0,1,0,0,0,1,1,0,0,3865-ZFZIB
0,31,93.8,2939.8,0,0.031906932444383966,5,1,1,0,1,0,0,1,0,0,0,0,0,0,1,0,0,0,1,0,1,1,0,1,0,1,0,0,1,0,1855-AGAWH
0,52,89.25,4652.4,0,0.019183647149858138,9,1,0,0,1,0,1,0,0,0,1,0,1,0,1,0,1,0,1,0,1,0,1,1,0,0,1,0,0,1,7109-CQYUZ
0,46,94.15,4408.45,0,0.021356712676791165,6,0,0,0,1,0,1,1,0,0,0,0,1,0,1,0,0,0,0,0,1,1,0,1,0,1,0,0,1,0,1370-GGAWX
1,11,55.6,580.8,0,0.09573002754820938,4,0,0,0,1,0,1,0,0,0,1,0,0,0,0,0,0,0,0,0,0,0,0,1,0,1,0,0,0,0,4680-KUTAJ
0,53,48.7,2495.2,0,0.019517473549214494,5,0,1,1,0,1,0,0,0,0,1,0,1,0,1,0,0,0,0,0,1,0,0,1,0,0,0,0,0,1,5307-UVGNB
0,11,19.25,180.3,1,0.10676650027731557,1,0,1,1,1,0,0,0,1,1,0,1,0,1,0,1,0,1,0,1,0,0,0,1,0,0,1,0,0,0,4946-EDSEW
1,57,104.9,5913.95,0,0.01773772182720517,7,1,0,0,1,0,1,1,0,0,0,0,1,0,0,0,1,0,1,0,1,0,0,1,0,0,0,0,0,1,2883-ILGWO
1,2,75.45,158.4,1,0.47632575757575757,3,0,0,0,1,0,1,1,0,0,0,0,0,0,0,0,0,0,0,0,0,0,0,1,0,0,1,0,0,0,2516-VQRRV
1,2,54.85,104.2,1,0.5263915547024952,4,0,0,0,1,0,0,0,0,0,1,0,1,0,0,0,0,0,0,0,0,0,0,0,0,0,1,0,0,0,7580-UGXNC
0,71,19.9,1389.35,0,0.014323244682765322,1,0,1,1,1,0,0,0,1,1,0,1,0,1,0,1,0,1,0,1,0,0,1,0,0,0,0,0,0,1,3642-BYHDO
0,1,19.4,19.4,0,1.0,1,0,1,1,1,0,0,0,1,1,0,1,0,1,0,1,0,1,0,1,0,0,0,1,0,0,1,0,0,0,9629-NHXFW
0,68,25.05,1629.2,0,0.015375644488092316,2,1,1,0,1,0,1,0,1,1,0,1,0,1,0,1,0,1,0,1,0,0,1,0,1,0,0,0,0,1,2696-RZVZW
0,72,84.45,6033.1,0,0.013997778919626726,8,1,1,0,1,0,0,0,0,0,1,0,1,0,1,0,1,0,1,0,1,0,1,0,0,0,1,0,0,1,5766-FTRTS
0,2,19.3,44.4,0,0.43468468468468474,1,0,0,0,1,0,0,0,1,1,0,1,0,1,0,1,0,1,0,1,0,0,0,0,0,0,1,0,0,0,0396-HUJBP
1,1,95.1,95.1,1,1.0,5,1,1,0,1,0,1,1,0,0,0,0,0,0,0,0,0,0,1,0,1,0,0,1,0,1,0,0,0,0,5178-LMXOP
0,41,79.85,3320.75,0,0.024045772792290896,7,0,0,0,1,0,0,0,0,0,1,0,0,0,1,0,1,0,1,0,1,1,0,1,0,0,0,0,1,0,8879-ZKJOF
0,72,25.55,1867.7,0,0.013679927183166461,2,1,1,1,1,0,1,0,1,1,0,1,0,1,0,1,0,1,0,1,0,0,1,0,1,0,0,0,0,1,6285-FTQBF
0,6,75.5,438.0,1,0.1723744292237443,3,1,1,0,1,0,1,1,0,0,0,0,0,0,0,0,0,0,0,0,0,0,0,1,0,1,0,0,0,0,8185-UPYBR
0,4,73.75,325.45,1,0.22660931018589645,3,0,1,1,1,0,0,1,0,0,0,0,0,0,1,0,0,0,0,0,0,0,0,1,0,1,0,0,0,0,4585-HETAI
0,12,96.05,1148.1,1,0.08365995993380368,5,1,0,0,1,0,1,1,0,0,0,0,0,0,0,0,0,0,1,0,1,0,0,1,0,1,0,0,0,0,7526-BEZQB
0,58,68.4,3972.25,0,0.0172194600037762,6,0,1,0,1,0,1,0,0,0,1,0,0,0,0,0,1,0,0,0,1,1,0,1,0,1,0,0,0,1,1474-JUWSM
0,7,20.65,155.9,0,0.13245670301475304,1,0,0,0,1,0,0,0,1,1,0,1,0,1,0,1,0,1,0,1,0,0,0,0,0,0,1,0,0,0,3530-CRZSB
0,65,55.15,3673.15,0,0.015014360970828852,4,0,1,0,1,0,0,0,0,0,1,0,0,0,1,0,0,0,0,0,0,0,0,1,0,0,1,0,0,1,8498-XXGWA
0,1,70.6,70.6,0,1.0,2,1,0,0,1,0,0,1,0,0,0,0,0,0,0,0,0,0,0,0,0,0,0,1,0,0,1,0,0,0,9617-INGJY
0,56,19.95,1126.75,0,0.017705790991790548,1,1,1,0,1,0,0,0,1,1,0,1,0,1,0,1,0,1,0,1,0,1,0,0,1,0,0,0,0,1,0621-TSSMU
0,4,19.0,73.45,0,0.2586793737236215,1,1,0,0,1,0,0,0,1,1,0,1,0,1,0,1,0,1,0,1,0,0,0,0,0,0,1,0,0,0,7234-KMNRQ
0,58,44.1,2413.05,0,0.018275626282091128,2,0,1,1,1,0,0,0,0,0,0,0,0,0,0,0,0,0,0,0,0,1,0,1,0,0,1,0,0,1,7636-PEPNS
0,62,107.6,6912.7,0,0.01556555325704862,7,1,1,0,1,0,1,1,0,0,0,0,0,0,1,0,1,0,1,0,1,0,1,1,0,0,0,0,0,1,4683-WYDOU
0,26,61.55,1581.95,0,0.038907677233793736,5,1,0,0,1,0,1,0,0,0,1,0,1,0,0,0,0,0,0,0,0,1,0,0,0,1,0,0,1,0,9052-DHNKM
0,62,90.7,5586.45,0,0.016235713198900912,6,1,0,0,1,0,1,1,0,0,1,0,1,0,1,0,0,0,0,0,0,0,0,0,0,0,0,0,0,1,6794-HKIAJ
0,58,99.25,5846.65,0,0.0169755329975285,6,0,1,1,1,0,0,1,0,0,1,0,1,0,0,0,0,0,1,0,1,1,0,0,1,0,0,0,0,1,5578-NKCXI
0,68,91.7,6424.7,0,0.014273039986302864,9,0,1,0,1,0,1,0,0,0,1,0,1,0,1,0,1,0,1,0,1,0,1,1,0,1,0,0,0,1,1642-HMARX
0,61,100.7,6018.65,0,0.01673132679255315,7,0,1,1,1,0,1,1,0,0,1,0,1,0,1,0,0,0,0,0,1,1,0,1,1,0,0,0,0,1,3096-WPXBT
0,42,78.45,3373.4,0,0.0232554692595008,7,0,0,0,1,0,1,0,0,0,0,0,0,0,1,0,1,0,1,0,1,0,1,1,1,0,0,0,1,0,8434-PNQZX
0,18,84.3,1537.9,0,0.05481500747772937,4,1,0,0,1,0,1,1,0,0,0,0,0,0,0,0,0,0,1,0,0,0,0,0,0,0,0,1,0,0,5950-AAAGJ
0,56,19.55,1080.55,0,0.01809263800842164,1,0,0,0,1,0,0,0,1,1,0,1,0,1,0,1,0,1,0,1,0,0,1,1,0,0,0,0,0,1,4299-OPXEJ
0,4,88.95,355.2,1,0.2504222972972973,5,0,0,0,1,0,1,1,0,0,0,0,1,0,0,0,0,0,0,0,1,0,0,1,0,1,0,0,0,0,4951-UKAAQ
0,4,20.45,82.85,0,0.24683162341581172,1,0,0,0,1,0,0,0,1,1,0,1,0,1,0,1,0,1,0,1,0,0,0,0,1,0,0,0,0,0,9618-LFJRU
0,35,55.6,2016.45,0,0.02757321034491309,4,0,0,1,1,0,0,0,0,0,1,0,1,0,0,0,0,0,0,0,0,1,0,0,1,0,0,0,1,0,6693-DJWTY
0,64,86.8,5327.25,0,0.01629358487024262,5,0,1,1,1,0,1,1,0,0,1,0,0,0,0,0,1,0,0,0,0,0,0,1,0,0,0,0,0,1,0744-GKNGE
0,31,20.95,683.25,0,0.030662275887303327,1,0,0,0,1,0,0,0,1,1,0,1,0,1,0,1,0,1,0,1,0,1,0,0,0,0,1,0,1,0,6447-EGDIV
1,67,20.05,1263.05,0,0.015874272594117417,1,0,1,0,1,0,0,0,1,1,0,1,0,1,0,1,0,1,0,1,0,0,1,1,0,0,0,0,0,1,1167-OYZJF
0,4,50.7,151.3,1,0.33509583608724386,3,0,0,0,1,0,0,0,0,0,0,0,1,0,0,0,0,0,0,0,0,0,0,0,1,0,0,0,0,0,2108-YKQTY
1,70,113.65,7714.65,0,0.014731711743241756,9,0,1,0,1,0,1,1,0,0,1,0,1,0,1,0,1,0,1,0,1,0,1,1,0,1,0,0,0,1,4806-DXQCE
0,3,53.4,188.7,1,0.28298887122416533,3,1,0,0,1,0,0,0,0,0,0,0,0,0,0,0,0,0,1,0,0,0,0,0,1,0,0,0,0,0,4918-QLLIW
1,53,101.9,5549.4,1,0.018362345478790502,6,1,1,0,1,0,1,1,0,0,0,0,1,0,0,0,0,0,1,0,1,0,0,1,0,1,0,0,0,1,7056-IMHCC
0,2,59.5,130.5,0,0.4559386973180077,5,1,1,1,1,0,0,0,0,0,1,0,1,0,0,0,1,0,0,0,0,0,1,0,0,0,1,0,0,0,4854-SSLTN
0,29,87.8,2621.75,0,0.033489081720225036,4,0,1,1,1,0,0,1,0,0,0,0,0,0,0,0,0,0,1,0,1,0,0,1,1,0,0,0,1,0,5294-DMSFH
0,47,41.9,1875.25,0,0.02234368750833222,4,0,0,0,0,1,0,0,0,0,1,0,0,0,1,0,1,0,0,0,0,0,1,0,0,0,1,0,1,0,4837-PZTIC
0,68,83.0,5685.8,1,0.014597769882866088,4,0,1,1,1,0,1,1,0,0,0,0,0,0,0,0,0,0,1,0,0,1,0,1,0,1,0,0,0,1,1625-JAIIY
0,12,69.85,837.5,0,0.08340298507462686,5,1,0,1,1,0,0,0,0,0,1,0,0,0,0,0,0,0,1,0,1,0,0,1,0,0,1,0,0,0,0603-OLQDC
0,8,56.3,401.5,0,0.1402241594022416,4,0,1,1,1,0,0,0,0,0,0,0,1,0,0,0,1,0,0,0,0,0,0,0,0,0,0,0,0,0,3272-VUHPV
0,54,109.55,6118.95,0,0.01790339845888592,8,1,1,0,1,0,1,1,0,0,1,0,1,0,1,0,0,0,1,0,1,0,0,0,0,1,0,0,0,1,4176-FXYBO
0,69,92.15,6480.9,0,0.01421870419231897,5,1,1,1,1,0,0,1,0,0,0,0,1,0,0,0,1,0,1,0,0,0,1,1,0,0,1,0,0,1,1063-DHQJF
0,26,69.5,1800.05,0,0.03861003861003861,6,0,0,0,1,0,1,0,0,0,1,0,1,0,0,0,0,0,1,0,0,0,0,1,0,0,0,0,1,0,8663-UPDGF
0,72,97.0,7104.2,0,0.013653894879085611,7,0,1,0,1,0,1,1,0,0,1,0,1,0,1,0,1,0,0,0,0,0,1,1,0,0,0,0,0,1,6719-FGEDO
0,70,58.35,4214.25,0,0.01384588004983093,6,0,0,0,0,1,0,0,0,0,1,0,0,0,1,0,1,0,1,0,1,0,1,1,0,0,0,0,0,1,1837-YQUCE
0,1,50.6,50.6,1,1.0,3,1,0,1,1,0,0,0,0,0,1,0,0,0,0,0,0,0,0,0,0,0,0,0,0,0,1,0,0,0,2947-DOMLJ
0,10,89.5,863.1,1,0.10369597960838836,4,1,0,0,1,0,0,1,0,0,0,0,0,0,0,0,0,0,1,0,1,0,0,1,0,1,0,0,0,0,4112-LUEIZ
0,28,70.4,1992.2,0,0.035337817488204,2,0,1,1,1,0,0,1,0,0,0,0,0,0,0,0,0,0,0,0,0,1,0,1,0,0,0,0,1,0,0369-ZGOVK
0,1,69.8,69.8,1,1.0,2,1,0,0,1,0,0,1,0,0,0,0,0,0,0,0,0,0,0,0,0,0,0,1,0,1,0,0,0,0,4510-HIMLV
0,21,94.3,1948.35,0,0.04839992814432725,5,0,1,0,1,0,1,1,0,0,0,0,0,0,0,0,0,0,1,0,1,0,0,1,0,1,0,1,0,0,9919-KNPOO
1,51,93.8,4750.95,1,0.019743419737105212,6,1,1,0,1,0,1,1,0,0,1,0,0,0,1,0,0,0,1,0,0,0,0,1,0,0,0,0,0,1,8749-JMNKX
0,53,19.55,1007.9,0,0.01939676555213811,1,0,1,1,1,0,0,0,1,1,0,1,0,1,0,1,0,1,0,1,0,1,0,0,0,0,0,0,0,1,7872-BAAZR
0,53,95.95,5036.9,0,0.019049415314975483,6,1,0,1,1,0,0,1,0,0,1,0,1,0,1,0,0,0,0,0,1,1,0,0,0,1,0,0,0,1,9391-LMANN
0,24,101.05,2391.8,1,0.042248515762187466,6,1,1,0,1,0,1,1,0,0,0,0,0,0,1,0,0,0,1,0,1,0,0,1,0,1,0,1,0,0,2430-USGXP
0,70,94.8,6859.05,0,0.013821155990990005,9,0,1,0,1,0,1,0,0,0,1,0,1,0,1,0,1,0,1,0,1,0,1,1,1,0,0,0,0,1,8174-TBVCF
0,61,107.75,6521.9,0,0.01652125914227449,8,1,0,0,1,0,1,1,0,0,1,0,1,0,1,0,0,0,1,0,1,1,0,1,0,1,0,0,0,1,1698-XFZCI
0,11,54.6,617.85,0,0.0883709638261714,4,0,0,0,1,0,0,0,0,0,1,0,0,0,0,0,1,0,0,0,0,1,0,1,0,0,1,0,0,0,1877-HKBQX
0,2,71.3,157.75,0,0.45198098256735336,2,1,0,0,1,0,0,1,0,0,0,0,0,0,0,0,0,0,0,0,0,0,0,1,1,0,0,0,0,0,4450-DLLMH
0,25,19.5,516.3,0,0.037768739105171416,1,1,0,0,1,0,0,0,1,1,0,1,0,1,0,1,0,1,0,1,0,1,0,1,0,0,0,0,1,0,0428-AXXLJ
0,41,56.3,2364.0,0,0.023815566835871403,4,0,0,0,1,0,1,0,0,0,0,0,1,0,0,0,0,0,0,0,0,1,0,1,1,0,0,0,1,0,2746-DIJLO
0,18,94.7,1687.95,1,0.05610355756983323,5,1,1,0,1,0,1,1,0,0,0,0,0,0,0,0,0,0,1,0,1,0,0,1,0,1,0,1,0,0,5955-ERIHD
1,72,104.15,7689.95,1,0.013543651129071061,7,1,1,0,1,0,1,1,0,0,0,0,1,0,1,0,0,0,1,0,1,0,1,1,0,0,0,0,0,1,0917-EZOLA
0,71,90.55,6239.05,0,0.014513427525023841,9,0,1,1,1,0,1,0,0,0,1,0,1,0,1,0,1,0,1,0,1,0,1,1,1,0,0,0,0,1,3508-VLHCZ
0,34,60.8,2042.05,0,0.029774001616023112,5,0,1,1,1,0,0,0,0,0,1,0,1,0,1,0,0,0,0,0,0,1,0,1,0,0,1,0,1,0,4086-ATNFV
0,29,98.8,2807.1,0,0.0351964661038082,6,1,0,0,1,0,0,1,0,0,0,0,0,0,1,0,1,0,1,0,1,0,0,1,1,0,0,0,1,0,0468-YRPXN
1,40,98.15,4116.8,0,0.023841333074232415,7,1,1,0,1,0,0,1,0,0,1,0,1,0,1,0,1,0,1,0,0,1,0,1,1,0,0,0,1,0,5996-NRVXR
0,36,35.35,1317.95,0,0.0268219583443985,3,1,1,0,0,1,0,0,0,0,1,0,0,0,1,0,0,0,0,0,0,1,0,0,0,0,1,0,1,0,3739-YBWAB
0,46,103.15,4594.65,0,0.022450023396776687,7,0,1,0,1,0,1,1,0,0,0,0,1,0,0,0,1,0,1,0,1,1,0,1,0,1,0,0,1,0,7047-FWEYA
0,58,107.75,6332.75,0,0.017014725040464255,8,0,0,0,1,0,1,1,0,0,1,0,1,0,1,0,0,0,1,0,1,1,0,1,0,1,0,0,0,1,2000-MPKCA
0,39,81.4,3213.75,0,0.02532866588875924,4,1,0,0,1,0,1,1,0,0,0,0,1,0,0,0,0,0,0,0,0,1,0,0,1,0,0,0,1,0,9762-YAQAA
0,4,61.45,229.55,1,0.2676976693530821,4,1,1,1,1,0,0,0,0,0,0,0,0,0,0,0,1,0,0,0,1,0,0,0,1,0,0,0,0,0,5949-EBSQK
0,52,95.7,4976.15,0,0.019231735377751878,6,0,1,1,1,0,1,1,0,0,0,0,1,0,1,0,0,0,1,0,0,1,0,1,1,0,0,0,0,1,5473-KHBPS
1,70,104.8,7308.95,0,0.01433858488565389,7,1,1,0,1,0,1,1,0,0,0,0,1,0,1,0,0,0,1,0,1,1,0,1,0,1,0,0,0,1,0100-DUVFC
1,65,70.95,4555.2,0,0.015575605900948367,2,1,1,0,1,0,0,1,0,0,0,0,0,0,0,0,0,0,0,0,0,1,0,1,0,0,0,0,0,1,5397-TUPSH
0,1,44.95,44.95,0,1.0,2,1,0,0,1,0,0,0,0,0,0,0,0,0,0,0,0,0,0,0,0,0,0,1,0,0,1,0,0,0,8950-MTZNV
0,70,97.65,6982.5,0,0.013984962406015038,6,0,1,0,1,0,1,1,0,0,0,0,0,0,1,0,0,0,1,0,1,1,0,1,0,1,0,0,0,1,0326-VDYXE
1,29,35.65,1025.15,0,0.034775398722138216,3,0,1,1,0,1,0,0,0,0,0,0,1,0,1,0,0,0,0,0,0,0,0,1,0,0,1,0,1,0,6773-LQTVT
0,1,90.55,90.55,1,1.0,4,1,0,0,1,0,0,1,0,0,0,0,0,0,0,0,0,0,1,0,1,0,0,1,0,1,0,0,0,0,7274-RTAPZ
0,67,85.25,5714.2,0,0.014918973784606769,8,0,0,0,1,0,1,0,0,0,1,0,0,0,1,0,1,0,1,0,1,0,1,1,0,0,1,0,0,1,0436-TWFFZ
0,1,19.5,19.5,0,1.0,1,0,0,0,1,0,0,0,1,1,0,1,0,1,0,1,0,1,0,1,0,0,0,1,0,0,1,0,0,0,8566-YPRGL
0,26,88.8,2274.35,1,0.03904412249653747,4,0,0,0,1,0,0,1,0,0,0,0,0,0,0,0,0,0,1,0,1,0,0,1,0,0,0,0,1,0,0311-UNPFF
0,30,25.1,789.55,0,0.0317902602748401,2,0,1,1,1,0,1,0,1,1,0,1,0,1,0,1,0,1,0,1,0,0,1,1,0,0,1,0,1,0,6609-MXJHJ
0,48,100.05,4834.0,0,0.02069714522134878,6,0,1,0,1,0,0,1,0,0,0,0,0,0,1,0,1,0,1,0,1,0,0,1,1,0,0,0,1,0,2669-OIDSD
0,55,55.7,3131.8,0,0.017785299188964813,4,0,1,1,1,0,0,0,0,0,1,0,1,0,0,0,0,0,0,0,0,0,0,0,0,1,0,0,0,1,8400-WZICQ
0,7,85.2,602.55,1,0.14139905402041325,4,1,0,0,1,0,1,1,0,0,0,0,0,0,0,0,0,0,0,0,1,0,0,1,0,0,1,0,0,0,3834-XUIFC
0,37,91.15,3369.25,0,0.02705349855309045,5,1,0,0,1,0,1,1,0,0,1,0,0,0,0,0,0,0,1,0,0,0,0,1,0,1,0,0,1,0,9576-SYUHJ
0,31,83.85,2674.15,0,0.031355757904380825,4,0,1,0,1,0,0,1,0,0,0,0,1,0,0,0,0,0,0,0,1,0,0,1,0,0,0,0,1,0,0410-IPFTY
0,4,45.9,199.75,0,0.2297872340425532,2,1,0,0,1,0,0,0,0,0,0,0,0,0,0,0,0,0,0,0,0,0,0,1,0,1,0,0,0,0,2831-EBWRN
0,72,25.1,1790.8,0,0.014016082197900381,2,1,1,1,1,0,1,0,1,1,0,1,0,1,0,1,0,1,0,1,0,0,1,1,1,0,0,0,0,1,9430-NKQLY
1,5,91.4,449.75,1,0.20322401334074486,4,1,0,0,1,0,0,1,0,0,0,0,0,0,0,0,0,0,1,0,1,0,0,1,0,1,0,0,0,0,8414-MYSHR
0,1,19.7,19.7,0,1.0,1,1,1,1,1,0,0,0,1,1,0,1,0,1,0,1,0,1,0,1,0,0,0,0,0,0,1,0,0,0,0247-SLUJI
1,15,91.5,1400.3,0,0.06534314075555238,4,0,0,0,1,0,0,1,0,0,0,0,0,0,0,0,0,0,1,0,1,0,0,1,0,1,0,1,0,0,9402-ORRAH
0,8,51.3,411.6,0,0.12463556851311952,3,1,1,1,1,0,0,0,0,0,1,0,0,0,0,0,0,0,0,0,0,0,0,1,1,0,0,0,0,0,6483-OATDN
0,35,21.1,741.0,0,0.028475033738191637,1,0,0,0,1,0,0,0,1,1,0,1,0,1,0,1,0,1,0,1,0,1,0,0,0,0,1,0,1,0,1293-HHSHJ
1,56,104.75,5841.35,0,0.017932498480659434,7,0,0,0,1,0,1,1,0,0,0,0,1,0,1,0,0,0,1,0,1,0,0,0,0,1,0,0,0,1,4840-ORQXB
0,42,106.15,4512.7,1,0.02352250315775478,7,1,1,0,1,0,1,1,0,0,0,0,0,0,1,0,1,0,1,0,1,0,0,1,0,0,0,0,1,0,7599-FKVXZ
1,65,85.75,5688.45,0,0.015074405154303897,5,1,1,1,1,0,1,1,0,0,1,0,1,0,0,0,0,0,0,0,0,0,0,1,0,1,0,0,0,1,3982-DQLUS
0,2,20.3,31.9,0,0.6363636363636365,1,0,1,1,1,0,0,0,1,1,0,1,0,1,0,1,0,1,0,1,0,1,0,0,0,0,1,0,0,0,8610-ZIKJJ
1,65,100.75,6674.65,0,0.015094424426748968,6,1,1,0,1,0,1,1,0,0,1,0,0,0,0,0,0,0,1,0,1,1,0,1,0,1,0,0,0,1,3756-VNWDH
0,18,74.15,1345.75,0,0.05509938695894483,3,0,0,0,1,0,1,1,0,0,0,0,0,0,0,0,0,0,0,0,0,0,0,1,0,1,0,1,0,0,7801-KICAO
0,23,78.55,1843.05,0,0.04261957082010797,7,0,0,0,1,0,1,0,0,0,1,0,0,0,1,0,0,0,1,0,1,1,0,1,0,1,0,1,0,0,7673-LPRNY
0,4,45.3,196.95,1,0.23000761614623,2,0,0,0,1,0,0,0,0,0,0,0,0,0,0,0,0,0,0,0,0,0,0,1,0,0,1,0,0,0,8229-TNIQA
0,70,19.85,1433.8,0,0.013844329753103643,1,1,1,0,1,0,0,0,1,1,0,1,0,1,0,1,0,1,0,1,0,0,1,0,1,0,0,0,0,1,6060-QBMGV
0,4,50.7,214.55,0,0.23630855278489862,3,0,0,0,1,0,1,0,0,0,0,0,0,0,0,0,0,0,0,0,0,0,0,0,0,1,0,0,0,0,7339-POGZN
0,19,45.0,865.85,0,0.051972050586129234,2,1,0,0,1,0,0,0,0,0,0,0,0,0,0,0,0,0,0,0,0,0,0,1,0,0,0,1,0,0,2828-SLQPF
0,18,77.8,1358.6,0,0.05726483144413367,4,0,0,0,1,0,0,1,0,0,0,0,1,0,1,0,0,0,0,0,0,0,0,0,0,1,0,1,0,0,4465-VDKIQ
1,38,83.45,3147.15,0,0.026516054207775287,4,0,1,0,1,0,0,1,0,0,1,0,0,0,0,0,0,0,0,0,1,0,0,1,0,1,0,0,1,0,2921-XWDJH
0,2,73.25,131.05,1,0.5589469668065623,3,1,0,0,1,0,1,1,0,0,0,0,0,0,0,0,0,0,0,0,0,0,0,1,1,0,0,0,0,0,6221-AVQYL
0,47,94.8,4535.85,0,0.02090016204239558,6,1,0,0,1,0,1,1,0,0,1,0,1,0,0,0,0,0,1,0,0,1,0,0,0,0,0,0,1,0,2558-BUOZZ
0,52,20.1,1078.75,0,0.018632676709154115,1,0,1,1,1,0,0,0,1,1,0,1,0,1,0,1,0,1,0,1,0,0,1,0,0,0,0,0,0,1,9257-AZMTZ
0,9,59.9,542.4,0,0.11043510324483775,4,1,0,0,1,0,1,0,0,0,0,0,0,0,0,0,0,0,0,0,1,0,0,0,0,0,1,0,0,0,0003-MKNFE
0,26,90.1,2312.55,0,0.03896131975524853,9,0,1,0,1,0,1,0,0,0,1,0,1,0,1,0,1,0,1,0,1,1,0,1,1,0,0,0,1,0,0975-UYDTX
0,8,51.05,415.05,1,0.122997229249488,3,1,1,1,1,0,0,0,0,0,0,0,0,0,1,0,0,0,0,0,0,0,0,1,0,1,0,0,0,0,7743-EXURX
0,44,70.95,3250.45,0,0.021827746927348523,6,1,1,0,1,0,0,0,0,0,0,0,1,0,1,0,1,0,1,0,0,1,0,1,0,1,0,0,1,0,4682-BLBUC
0,3,29.2,98.5,0,0.2964467005076142,2,0,0,0,0,1,0,0,0,0,0,0,1,0,0,0,0,0,0,0,0,0,0,0,0,0,1,0,0,0,0975-VOOVL
0,2,46.6,87.9,0,0.5301478953356086,2,1,0,0,1,0,0,0,0,0,0,0,0,0,0,0,0,0,0,0,0,0,0,1,0,0,0,0,0,0,5968-VXZLG
0,9,85.35,754.65,1,0.11309878751739216,4,0,1,1,1,0,1,1,0,0,0,0,0,0,0,0,0,0,1,0,0,0,0,1,0,0,0,0,0,0,5569-KGJHX
1,1,75.35,75.35,1,1.0,3,1,0,0,1,0,1,1,0,0,0,0,0,0,0,0,0,0,0,0,0,0,0,1,0,1,0,0,0,0,4988-IQIGL
0,25,74.3,1952.25,0,0.03805865027532334,3,1,0,0,1,0,0,1,0,0,1,0,0,0,0,0,0,0,0,0,0,0,0,0,0,0,0,0,1,0,5201-FRKKS
1,2,69.3,153.8,0,0.45058517555266575,2,0,1,0,1,0,0,1,0,0,0,0,0,0,0,0,0,0,0,0,0,0,0,1,0,1,0,0,0,0,9799-CAYJJ
0,43,75.2,3198.6,1,0.023510285750015632,3,1,0,0,1,0,0,1,0,0,1,0,0,0,0,0,0,0,0,0,0,0,0,1,0,1,0,0,1,0,7730-IUTDZ
0,1,20.9,20.9,1,1.0,1,0,0,0,1,0,0,0,1,1,0,1,0,1,0,1,0,1,0,1,0,0,0,0,0,0,1,0,0,0,0426-TIRNE
0,58,94.3,5610.15,0,0.016808819728527758,6,0,1,0,1,0,1,1,0,0,0,0,1,0,1,0,0,0,0,0,1,1,0,1,0,1,0,0,0,1,5443-SCMKX
0,59,76.45,4519.5,0,0.016915588007522957,7,0,1,1,1,0,1,0,0,0,1,0,0,0,1,0,1,0,1,0,0,0,1,1,0,0,1,0,0,1,8295-KMENE
0,44,54.0,2440.25,0,0.022128880237680566,5,1,0,0,0,1,0,0,0,0,1,0,0,0,1,0,0,0,1,0,1,1,0,1,0,1,0,0,1,0,6738-ISCBM
0,66,104.25,6860.6,0,0.015195463953590064,7,1,0,0,1,0,1,1,0,0,0,0,1,0,0,0,1,0,1,0,1,1,0,1,0,1,0,0,0,1,9821-BESNZ
0,68,19.95,1377.7,0,0.01448065616607389,1,1,1,1,1,0,0,0,1,1,0,1,0,1,0,1,0,1,0,1,0,0,1,0,0,0,0,0,0,1,3678-MNGZX
0,9,24.95,190.25,0,0.1311432325886991,1,1,0,0,0,1,0,0,0,0,0,0,0,0,0,0,0,0,0,0,0,0,0,1,0,1,0,0,0,0,1335-NTIUC
0,19,84.75,1651.95,0,0.05130300553890856,5,1,0,0,1,0,1,1,0,0,1,0,0,0,1,0,0,0,0,0,0,0,0,1,0,1,0,1,0,0,2916-BQZLN
0,4,19.75,78.3,0,0.25223499361430396,1,1,0,0,1,0,0,0,1,1,0,1,0,1,0,1,0,1,0,1,0,0,0,0,0,0,1,0,0,0,4558-CGYCZ
0,70,113.65,7939.25,0,0.01431495418332966,9,0,0,0,1,0,1,1,0,0,1,0,1,0,1,0,1,0,1,0,1,0,1,1,0,0,0,0,0,1,2368-GAKKQ
0,1,44.9,44.9,0,1.0,2,1,0,0,1,0,0,0,0,0,0,0,0,0,0,0,0,0,0,0,0,0,0,1,0,0,1,0,0,0,8710-YGLWG
0,8,75.25,576.7,0,0.13048378706433153,3,0,0,0,1,0,1,1,0,0,0,0,0,0,0,0,0,0,0,0,0,0,0,1,0,1,0,0,0,0,3199-XGZCY
0,53,24.6,1279.0,0,0.01923377638780297,2,1,0,0,1,0,1,0,1,1,0,1,0,1,0,1,0,1,0,1,0,0,1,0,0,0,1,0,0,1,3785-KTYSH
1,51,25.0,1260.7,0,0.019830253034028713,2,1,0,0,1,0,1,0,1,1,0,1,0,1,0,1,0,1,0,1,0,1,0,0,0,0,0,0,0,1,6814-ZPWFQ
0,11,20.95,267.35,0,0.07836169814849447,1,1,1,1,1,0,0,0,1,1,0,1,0,1,0,1,0,1,0,1,0,0,0,0,0,0,0,0,0,0,4063-EIKNQ
0,60,110.6,6586.85,0,0.01679103061402643,8,1,1,1,1,0,1,1,0,0,1,0,0,0,1,0,1,0,1,0,1,0,1,1,0,1,0,0,0,1,6993-YCOBK
0,17,55.5,934.15,0,0.05941229995182787,4,1,0,0,1,0,0,0,0,0,1,0,1,0,0,0,0,0,0,0,0,0,0,1,1,0,0,1,0,0,5206-HPJKM
0,3,43.3,123.65,1,0.35018196522442374,2,1,0,0,1,0,0,0,0,0,0,0,0,0,0,0,0,0,0,0,0,0,0,1,0,1,0,0,0,0,7587-RZNME
0,70,109.5,7534.65,1,0.014532858195138462,8,1,1,0,1,0,0,1,0,0,1,0,1,0,1,0,1,0,1,0,1,1,0,1,0,0,0,0,0,1,0748-RDGGM
0,1,19.45,19.45,0,1.0,1,1,0,0,1,0,0,0,1,1,0,1,0,1,0,1,0,1,0,1,0,0,0,0,0,0,1,0,0,0,8393-JMVMB
1,43,84.85,3645.6,0,0.023274632433618606,4,1,0,0,1,0,1,1,0,0,0,0,0,0,0,0,0,0,1,0,0,0,0,1,0,1,0,0,1,0,5019-GQVCR
0,16,19.6,314.45,0,0.06233105422165687,1,0,1,0,1,0,0,0,1,1,0,1,0,1,0,1,0,1,0,1,0,0,0,0,0,0,1,1,0,0,6036-TTFYU
0,57,53.45,3053.0,0,0.01750736980019653,4,0,1,1,1,0,0,0,0,0,1,0,1,0,0,0,0,0,0,0,0,1,0,0,0,1,0,0,0,1,2550-AEVRU
0,37,19.8,677.05,0,0.029244516653127543,1,1,1,1,1,0,0,0,1,1,0,1,0,1,0,1,0,1,0,1,0,1,0,0,1,0,0,0,1,0,0969-RGKCU
0,72,112.1,7965.95,0,0.014072395633916858,9,0,1,0,1,0,1,1,0,0,1,0,1,0,1,0,1,0,1,0,1,0,1,0,1,0,0,0,0,1,0378-CJKPV
1,11,84.8,906.85,1,0.09351050339085847,4,0,0,0,1,0,1,1,0,0,0,0,0,0,0,0,0,0,0,0,1,0,0,1,1,0,0,0,0,0,4706-AXVKM
1,50,95.05,4888.7,1,0.019442796653507066,6,0,1,0,1,0,1,1,0,0,0,0,1,0,1,0,0,0,1,0,0,0,0,1,0,1,0,0,0,1,5889-JTMUL
1,5,50.35,237.25,1,0.21222339304531085,3,1,0,0,1,0,0,0,0,0,0,0,0,0,1,0,0,0,0,0,0,0,0,0,0,1,0,0,0,0,9026-RNUJS
0,1,74.6,74.6,1,1.0,3,1,1,0,1,0,1,1,0,0,0,0,0,0,0,0,0,0,0,0,0,0,0,1,0,0,0,0,0,0,3746-EUBYR
0,16,19.7,342.4,1,0.057535046728971966,1,1,0,0,1,0,0,0,1,1,0,1,0,1,0,1,0,1,0,1,0,0,0,1,0,0,1,1,0,0,2332-EFBJY
1,2,74.2,140.1,0,0.529621698786581,3,1,1,0,1,0,0,1,0,0,0,0,0,0,1,0,0,0,0,0,0,0,0,1,0,1,0,0,0,0,2880-FPNAE
0,17,69.0,1108.0,0,0.06227436823104693,6,0,0,0,1,0,1,0,0,0,0,0,0,0,1,0,1,0,1,0,0,0,0,1,0,0,1,1,0,0,1703-MGIAB
0,16,19.35,295.55,0,0.06547115547284724,1,0,0,0,1,0,0,0,1,1,0,1,0,1,0,1,0,1,0,1,0,1,0,0,1,0,0,1,0,0,4311-QTTAI
0,15,59.45,892.65,1,0.06659945107264886,4,0,0,0,1,0,0,0,0,0,0,0,0,0,1,0,0,0,0,0,1,0,0,1,0,1,0,1,0,0,9474-PHLYD
0,10,19.8,198.25,0,0.09987389659520808,1,0,0,0,1,0,0,0,1,1,0,1,0,1,0,1,0,1,0,1,0,1,0,1,0,0,1,0,0,0,4318-RAJVY
0,46,105.2,4822.85,1,0.021812828514260238,7,0,0,1,1,0,0,1,0,0,1,0,1,0,0,0,1,0,1,0,1,1,0,1,0,0,0,0,1,0,2165-VOEGB
0,64,109.2,6741.15,0,0.016199016488284642,8,1,1,1,1,0,1,1,0,0,0,0,1,0,1,0,1,0,1,0,1,0,1,1,1,0,0,0,0,1,3612-YUNGG
0,1,79.15,79.15,0,1.0,4,0,0,0,1,0,1,1,0,0,0,0,1,0,0,0,0,0,0,0,0,0,0,1,0,0,1,0,0,0,2254-DLXRI
0,25,53.65,1355.45,0,0.039580950975690726,4,1,1,1,1,0,0,0,0,0,0,0,1,0,1,0,0,0,0,0,0,1,0,0,0,0,1,0,1,0,5062-CJJKH
0,71,100.2,7209.0,0,0.013899292550977944,7,1,1,1,1,0,0,1,0,0,1,0,1,0,1,0,1,0,1,0,0,0,1,0,1,0,0,0,0,1,9028-LIHRP
0,8,45.15,438.4,1,0.1029881386861314,2,1,0,0,1,0,0,0,0,0,0,0,0,0,0,0,0,0,0,0,0,0,0,1,0,0,1,0,0,0,2219-MVUSO
0,72,108.65,7726.35,0,0.014062267435464352,8,0,1,1,1,0,0,1,0,0,1,0,1,0,1,0,1,0,1,0,1,0,1,1,0,0,0,0,0,1,1053-MXTTK
0,49,40.65,2070.75,0,0.019630568634552696,3,0,1,0,0,1,0,0,0,0,1,0,0,0,0,0,0,0,1,0,0,0,0,0,0,0,0,0,0,1,1530-ZTDOZ
0,29,55.35,1636.95,0,0.03381288371666819,6,1,1,1,0,1,0,0,0,0,1,0,1,0,1,0,1,0,0,0,1,1,0,1,1,0,0,0,1,0,1301-LOPVR
0,72,105.6,7581.5,0,0.013928642089296313,8,1,1,0,1,0,1,1,0,0,1,0,1,0,1,0,1,0,0,0,1,0,1,0,0,0,0,0,0,1,0853-TWRVK
0,31,93.8,3019.5,1,0.031064745818844178,6,1,1,0,1,0,1,1,0,0,0,0,1,0,1,0,0,0,1,0,0,0,0,0,0,1,0,0,1,0,8914-RBTSB
0,50,95.7,4729.75,0,0.020233627570167556,5,0,0,0,1,0,1,1,0,0,0,0,0,0,0,0,0,0,1,0,1,0,0,1,0,1,0,0,0,1,6212-ATMLK
0,71,83.2,6126.1,0,0.01358123439055843,8,1,1,0,1,0,1,0,0,0,1,0,0,0,1,0,1,0,1,0,1,0,1,0,0,1,0,0,0,1,8200-LGKSR
1,70,90.05,6333.4,0,0.014218271386616983,9,1,1,0,1,0,1,0,0,0,1,0,1,0,1,0,1,0,1,0,1,0,1,0,1,0,0,0,0,1,1568-BEKZM
0,71,97.65,6687.85,0,0.014601104988897778,6,1,0,0,1,0,1,1,0,0,1,0,0,0,0,0,1,0,0,0,1,1,0,0,1,0,0,0,0,1,0670-ANMUU
0,61,68.05,4158.25,0,0.01636505741598028,6,1,1,1,1,0,0,0,0,0,1,0,1,0,1,0,1,0,0,0,0,0,1,1,0,0,0,0,0,1,6897-RWMUB
0,32,96.2,3183.4,1,0.030219262423823584,5,1,0,0,1,0,0,1,0,0,0,0,0,0,0,0,1,0,1,0,1,0,0,1,0,1,0,0,1,0,0963-ZBDRN
0,1,79.6,79.6,1,1.0,3,0,0,1,1,0,0,1,0,0,0,0,0,0,0,0,0,0,0,0,1,0,0,1,0,1,0,0,0,0,7594-RQHXR
0,68,102.1,7149.35,0,0.01428101855413429,7,1,0,0,1,0,1,1,0,0,1,0,1,0,1,0,0,0,0,0,1,0,1,1,0,0,0,0,0,1,6999-CHVCF
0,62,23.4,1429.65,0,0.016367642429965374,2,1,0,0,1,0,1,0,1,1,0,1,0,1,0,1,0,1,0,1,0,0,1,0,0,0,0,0,0,1,6134-KWTBV
0,7,71.05,472.65,0,0.15032264889453084,2,0,0,1,1,0,0,1,0,0,0,0,0,0,0,0,0,0,0,0,0,0,0,1,0,1,0,0,0,0,1077-HUUJM
0,20,85.25,1734.5,1,0.04914961083885846,4,1,0,0,1,0,1,1,0,0,0,0,0,0,0,0,0,0,1,0,0,0,0,1,0,1,0,1,0,0,6331-EWIEB
0,6,19.45,113.5,0,0.1713656387665198,1,1,1,1,1,0,0,0,1,1,0,1,0,1,0,1,0,1,0,1,0,1,0,0,0,0,1,0,0,0,0895-LNKRC
1,33,59.45,1884.65,0,0.03154431857374048,6,0,0,0,0,1,0,0,0,0,1,0,1,0,1,0,0,0,1,0,1,0,0,1,0,0,0,0,1,0,2045-BMBTJ
0,28,92.2,2568.15,0,0.035901329750988066,5,1,1,1,1,0,1,1,0,0,0,0,0,0,0,0,0,0,1,0,1,1,0,0,0,0,0,0,1,0,8417-GSODA
0,27,19.85,470.0,0,0.04223404255319149,1,1,0,0,1,0,0,0,1,1,0,1,0,1,0,1,0,1,0,1,0,0,1,0,1,0,0,0,1,0,5171-EPLKN
0,7,43.9,278.4,0,0.15768678160919541,2,1,0,0,1,0,0,0,0,0,0,0,0,0,0,0,0,0,0,0,0,0,0,0,0,0,1,0,0,0,4452-QIIEB
0,26,80.5,2088.8,1,0.03853887399463807,4,1,0,0,1,0,1,1,0,0,0,0,0,0,0,0,1,0,0,0,0,0,0,1,0,1,0,0,1,0,5998-VVEJY
1,5,89.8,502.6,1,0.1786709112614405,5,1,0,0,1,0,1,1,0,0,0,0,1,0,0,0,0,0,0,0,1,0,0,1,0,1,0,0,0,0,1624-NALOJ
1,30,90.5,2595.85,0,0.03486333956122272,5,1,0,0,1,0,1,1,0,0,1,0,0,0,0,0,0,0,0,0,1,0,0,1,1,0,0,0,1,0,6741-EGCBI
0,63,90.45,5825.5,0,0.015526564243412583,5,1,0,0,1,0,1,1,0,0,0,0,1,0,0,0,0,0,0,0,1,1,0,0,1,0,0,0,0,1,7820-ZYGNY
0,1,50.75,50.75,1,1.0,3,1,0,0,1,0,0,0,0,0,0,0,1,0,0,0,0,0,0,0,0,0,0,1,0,1,0,0,0,0,4317-VTEOA
0,53,84.6,4449.75,0,0.019012304062025955,8,0,0,1,1,0,1,0,0,0,0,0,1,0,1,0,1,0,1,0,1,1,0,1,0,1,0,0,0,1,9677-AVKED
0,14,89.65,1208.35,1,0.07419208010923989,5,0,1,1,1,0,0,1,0,0,0,0,1,0,0,0,1,0,0,0,1,0,0,1,1,0,0,1,0,0,1670-SVOWZ
0,21,99.15,1956.4,0,0.05067982007769373,6,0,0,0,1,0,0,1,0,0,0,0,1,0,0,0,1,0,1,0,1,0,0,1,0,0,0,1,0,0,2227-JRSJX
0,17,19.95,310.6,0,0.0642305215711526,1,1,0,0,1,0,0,0,1,1,0,1,0,1,0,1,0,1,0,1,0,1,0,0,0,0,1,1,0,0,9847-HNVGP
0,16,20.5,290.55,0,0.07055584236792291,1,1,1,1,1,0,0,0,1,1,0,1,0,1,0,1,0,1,0,1,0,0,1,0,0,0,1,1,0,0,6696-YDAYZ
0,35,62.1,2096.1,0,0.029626449119793907,4,0,0,0,1,0,0,0,0,0,0,0,0,0,1,0,0,0,0,0,1,0,0,1,0,1,0,0,1,0,8980-WQFWL
1,32,79.5,2665.0,0,0.029831144465290806,3,0,0,0,1,0,0,1,0,0,0,0,0,0,0,0,0,0,0,0,1,0,0,1,0,1,0,0,1,0,1730-ZMAME
0,28,19.55,543.8,0,0.03595071717543215,1,0,1,1,1,0,0,0,1,1,0,1,0,1,0,1,0,1,0,1,0,0,0,1,0,0,0,0,1,0,6506-EYCNH
0,1,20.35,20.35,0,1.0,1,0,0,0,1,0,0,0,1,1,0,1,0,1,0,1,0,1,0,1,0,0,0,1,0,0,1,0,0,0,4634-JLRJT
0,59,51.7,3005.8,0,0.01720007984563178,4,1,0,0,0,1,0,0,0,0,0,0,0,0,0,0,1,0,1,0,1,0,0,1,0,1,0,0,0,1,9501-UKKNL
0,72,23.3,1623.15,0,0.014354803930628716,2,0,1,1,1,0,1,0,1,1,0,1,0,1,0,1,0,1,0,1,0,1,0,1,0,0,0,0,0,1,2560-QTSBS
0,36,65.4,2498.4,1,0.02617675312199808,5,1,0,0,1,0,0,0,0,0,0,0,1,0,0,0,1,0,0,0,1,1,0,1,0,0,1,0,1,0,7541-YLXCL
0,40,65.1,2586.0,0,0.025174013921113687,5,0,0,0,1,0,0,0,0,0,1,0,1,0,0,0,0,0,1,0,0,0,0,0,0,0,1,0,1,0,4795-WRNVT
0,40,81.2,3292.3,0,0.024663609027123893,4,1,1,1,1,0,1,1,0,0,0,0,0,0,1,0,0,0,0,0,0,0,0,1,0,1,0,0,1,0,6080-TCMYC
0,9,72.9,651.4,1,0.11191280319312252,6,0,0,1,1,0,0,0,0,0,0,0,0,0,1,0,1,0,1,0,1,0,0,1,0,0,1,0,0,0,0260-ZDLGK
0,63,74.5,4674.55,0,0.015937362954722915,7,1,1,1,1,0,0,0,0,0,1,0,1,0,1,0,1,0,1,0,0,0,1,0,1,0,0,0,0,1,7860-UXCRM
0,3,80.5,232.35,0,0.346460081773187,3,0,0,0,1,0,0,1,0,0,0,0,0,0,0,0,0,0,1,0,0,0,0,1,0,1,0,0,0,0,6357-JJPQT
0,40,60.3,2448.5,0,0.02462732285072493,6,1,1,1,0,1,0,0,0,0,0,0,1,0,1,0,1,0,1,0,1,1,0,0,0,0,1,0,1,0,2292-XQWSV
0,8,75.0,658.1,0,0.11396444309375474,3,1,1,0,1,0,0,1,0,0,1,0,0,0,0,0,0,0,0,0,0,0,0,1,0,0,1,0,0,0,9552-TGUZV
1,34,90.15,3128.8,0,0.028812963436461263,5,1,1,0,1,0,0,1,0,0,1,0,0,0,0,0,1,0,1,0,0,1,0,0,0,0,1,0,1,0,5913-INRQV
0,5,40.0,223.45,1,0.17901096442157083,4,1,0,0,0,1,0,0,0,0,1,0,0,0,1,0,1,0,0,0,0,0,0,0,0,0,1,0,0,0,8722-NGNBH
1,9,99.45,919.4,1,0.10816837067652818,6,1,0,0,1,0,1,1,0,0,0,0,1,0,0,0,0,0,1,0,1,0,0,1,1,0,0,0,0,0,6210-KBBPI
0,9,69.05,653.95,0,0.10558911231745545,6,1,1,0,1,0,1,0,0,0,0,0,1,0,1,0,0,0,0,0,1,0,0,1,1,0,0,0,0,0,9643-YBLUR
0,31,59.7,1825.5,0,0.032703368940016436,4,1,1,1,1,0,1,0,0,0,0,0,0,0,0,0,0,0,0,0,1,0,0,0,0,0,0,0,1,0,8734-FNWVH
0,50,19.85,943.1,0,0.021047608949210053,1,0,1,0,1,0,0,0,1,1,0,1,0,1,0,1,0,1,0,1,0,1,0,1,0,0,0,0,0,1,9447-YPTBX
0,2,86.25,181.65,1,0.47481420313790257,5,0,0,0,1,0,0,1,0,0,1,0,1,0,0,0,1,0,0,0,0,0,0,1,0,1,0,0,0,0,0133-BMFZO
0,1,45.65,45.65,1,1.0,2,0,0,0,1,0,0,0,0,0,0,0,0,0,0,0,0,0,0,0,0,0,0,1,0,1,0,0,0,0,6128-CZOMY
0,8,70.1,551.35,1,0.12714246848644234,2,1,0,0,1,0,0,1,0,0,0,0,0,0,0,0,0,0,0,0,0,0,0,1,0,0,1,0,0,0,9540-JYROE
0,9,40.75,359.4,0,0.11338341680578744,3,0,0,0,0,1,0,0,0,0,0,0,1,0,0,0,0,0,0,0,1,0,0,0,0,1,0,0,0,0,9026-LHEVG
1,2,70.2,115.95,1,0.6054333764553687,2,0,0,0,1,0,0,1,0,0,0,0,0,0,0,0,0,0,0,0,0,0,0,1,0,0,0,0,0,0,2260-USTRB
0,3,55.35,165.2,1,0.3350484261501211,4,0,0,0,1,0,0,0,0,0,1,0,1,0,0,0,0,0,0,0,0,0,0,0,0,1,0,0,0,0,3656-TKRVZ
0,25,95.7,2338.35,0,0.04092629418179486,5,1,1,0,1,0,0,1,0,0,0,0,0,0,0,0,1,0,1,0,1,0,0,1,1,0,0,0,1,0,7011-CVEUC
1,1,46.3,46.3,0,1.0,2,1,0,0,1,0,0,0,0,0,0,0,0,0,0,0,0,0,0,0,0,0,0,0,0,1,0,0,0,0,6185-TASNN
0,45,81.3,3541.1,0,0.022958967552455453,8,0,1,1,1,0,1,0,0,0,1,0,1,0,1,0,1,0,1,0,0,0,0,0,0,0,1,0,1,0,7925-PNRGI
1,51,84.2,4146.05,1,0.02030848639066099,5,1,1,1,1,0,1,1,0,0,0,0,1,0,1,0,0,0,0,0,0,0,0,1,0,1,0,0,0,1,8623-TMRBY
0,55,20.0,1087.25,0,0.01839503334099793,1,0,1,1,1,0,0,0,1,1,0,1,0,1,0,1,0,1,0,1,0,0,0,0,1,0,0,0,0,1,1552-CZCLL
0,38,66.15,2522.4,0,0.02622502378686965,6,0,0,0,1,0,1,0,0,0,1,0,1,0,1,0,0,0,0,0,0,0,0,1,0,0,0,0,1,0,3038-PQIUY
0,2,45.85,81.0,1,0.5660493827160494,2,1,0,0,1,0,0,0,0,0,0,0,0,0,0,0,0,0,0,0,0,0,0,0,0,0,1,0,0,0,1501-SGHBW
0,38,19.6,717.3,0,0.027324689809005997,1,1,1,1,1,0,0,0,1,1,0,1,0,1,0,1,0,1,0,1,0,0,0,0,0,1,0,0,1,0,9313-CDOGY
0,34,49.8,1734.2,0,0.0287164110252566,3,1,0,0,1,0,0,0,0,0,0,0,1,0,0,0,0,0,0,0,0,0,0,1,0,1,0,0,1,0,8148-BPLZQ
0,70,101.75,7069.3,0,0.01439322139391453,6,0,1,0,1,0,1,1,0,0,0,0,0,0,1,0,0,0,1,0,1,1,0,1,0,1,0,0,0,1,2623-DRYAM
0,13,55.15,742.9,0,0.0742361017633598,4,0,0,0,1,0,0,0,0,0,1,0,0,0,0,0,1,0,0,0,0,1,0,0,0,0,1,1,0,0,9987-LUTYD
0,39,75.25,3017.65,1,0.024936622868788626,3,1,0,0,1,0,1,1,0,0,0,0,0,0,0,0,0,0,0,0,0,0,0,0,0,1,0,0,1,0,3208-YPIOE
0,61,103.95,6423.0,0,0.01618402615600187,7,0,0,0,1,0,1,1,0,0,0,0,1,0,1,0,0,0,1,0,1,1,0,1,0,1,0,0,0,1,4488-KQFDT
0,12,100.15,1164.3,1,0.08601734948037448,6,0,0,0,1,0,1,1,0,0,0,0,0,0,1,0,0,0,1,0,1,0,0,1,0,0,0,0,0,0,2612-RANWT
0,41,99.65,4220.35,0,0.02361178575236651,6,1,0,0,1,0,0,1,0,0,0,0,1,0,0,0,1,0,1,0,1,0,1,1,1,0,0,0,1,0,5693-PIPCS
0,21,73.7,1558.7,0,0.04728299223712068,3,1,0,0,1,0,1,1,0,0,0,0,0,0,0,0,0,0,0,0,0,0,0,1,0,1,0,1,0,0,0491-KAPQG
1,55,50.05,2743.45,0,0.018243452587071024,4,1,0,0,0,1,0,0,0,0,0,0,0,0,1,0,0,0,1,0,1,1,0,1,0,0,0,0,0,1,1925-LFCZZ
0,69,60.25,4055.5,0,0.014856367895450622,6,1,1,0,0,1,0,0,0,0,1,0,0,0,1,0,1,0,1,0,1,0,1,0,0,0,0,0,0,1,8039-EQPIM
1,26,105.75,2710.25,1,0.039018540725025364,7,1,1,1,1,0,1,1,0,0,0,0,1,0,1,0,0,0,1,0,1,0,0,0,0,1,0,0,1,0,6900-PXRMS
1,69,87.3,6055.55,0,0.014416526987639438,5,0,1,0,1,0,0,1,0,0,1,0,1,0,0,0,0,0,0,0,1,1,0,0,1,0,0,0,0,1,8707-RMEZH
1,18,48.35,810.7,1,0.059639817441717036,4,0,1,0,0,1,0,0,0,0,0,0,0,0,1,0,0,0,1,0,1,0,0,1,0,1,0,1,0,0,3346-BRMIS
0,47,54.25,2538.2,0,0.021373414230557088,4,1,1,1,1,0,1,0,0,0,0,0,1,0,0,0,0,0,0,0,0,0,0,0,0,1,0,0,1,0,3209-ZPKFI
0,72,85.3,6129.2,0,0.013916987535077988,8,0,1,1,1,0,0,0,0,0,1,0,1,0,1,0,1,0,1,0,1,0,1,0,0,0,0,0,0,1,6479-VDGRK
1,33,50.0,1750.85,0,0.028557557757660567,5,1,1,0,0,1,0,0,0,0,0,0,1,0,1,0,1,0,1,0,0,0,0,1,0,1,0,0,1,0,9373-WSLOY
0,2,24.4,36.55,1,0.667578659370725,1,0,1,1,0,1,0,0,0,0,0,0,0,0,0,0,0,0,0,0,0,0,0,1,0,0,1,0,0,0,2933-FILNV
0,72,90.95,6652.45,0,0.013671654803869253,9,0,1,1,1,0,1,0,0,0,1,0,1,0,1,0,1,0,1,0,1,0,1,0,1,0,0,0,0,1,3569-JFODW
1,37,72.25,2575.45,0,0.028053349900017475,2,1,1,0,1,0,0,1,0,0,0,0,0,0,0,0,0,0,0,0,0,0,0,1,0,0,0,0,1,0,9819-FBNSV
1,62,96.1,6019.35,0,0.01596517896450613,6,0,1,1,1,0,1,1,0,0,0,0,1,0,1,0,0,0,0,0,1,0,0,1,1,0,0,0,0,1,9544-PYPSJ
0,71,19.85,1379.6,0,0.014388228472020878,1,0,1,0,1,0,0,0,1,1,0,1,0,1,0,1,0,1,0,1,0,0,1,0,1,0,0,0,0,1,1591-XWLGB
0,23,55.3,1284.2,0,0.043061828375642416,4,1,0,1,1,0,0,0,0,0,0,0,1,0,0,0,1,0,0,0,0,0,0,1,0,0,0,1,0,0,0396-UKGAI
0,16,20.1,296.15,0,0.06787101131183523,1,0,0,0,1,0,0,0,1,1,0,1,0,1,0,1,0,1,0,1,0,1,0,0,0,0,1,1,0,0,3243-ZHOHY
0,9,69.5,653.25,0,0.10639112131649445,6,1,0,0,1,0,0,0,0,0,1,0,0,0,1,0,1,0,1,0,0,0,0,1,0,0,1,0,0,0,5186-EJEGL
0,17,25.15,412.6,0,0.06095492001938923,2,1,1,1,1,0,1,0,1,1,0,1,0,1,0,1,0,1,0,1,0,0,1,1,0,0,1,1,0,0,7527-QNRUS
0,4,20.95,85.5,1,0.24502923976608187,1,0,0,0,1,0,0,0,1,1,0,1,0,1,0,1,0,1,0,1,0,0,0,0,0,0,0,0,0,0,9986-BONCE
1,1,49.55,49.55,1,1.0,3,0,1,0,1,0,0,0,0,0,1,0,0,0,0,0,0,0,0,0,0,0,0,1,0,1,0,0,0,0,2722-JMONI
0,24,79.65,1928.7,0,0.04129724685020999,4,0,1,0,1,0,1,1,0,0,0,0,0,0,1,0,0,0,0,0,0,0,0,1,0,0,1,1,0,0,2203-GHNWN
1,1,71.25,71.25,0,1.0,2,0,0,0,1,0,0,1,0,0,0,0,0,0,0,0,0,0,0,0,0,0,0,1,0,1,0,0,0,0,3878-AVSOQ
1,72,113.8,7845.8,0,0.01450457569655102,9,1,0,0,1,0,1,1,0,0,1,0,1,0,1,0,1,0,1,0,1,0,1,0,0,0,0,0,0,1,3258-SYSWS
0,72,24.55,1750.7,0,0.01402296224367396,2,0,1,0,1,0,1,0,1,1,0,1,0,1,0,1,0,1,0,1,0,0,1,0,0,1,0,0,0,1,5296-PSYVW
0,11,19.7,216.2,0,0.09111933395004626,1,0,0,1,1,0,0,0,1,1,0,1,0,1,0,1,0,1,0,1,0,0,0,0,1,0,0,0,0,0,6319-QSUSR
0,9,20.25,178.5,1,0.1134453781512605,1,1,0,0,1,0,0,0,1,1,0,1,0,1,0,1,0,1,0,1,0,0,0,0,0,0,1,0,0,0,4083-EUGRJ
1,2,50.15,115.1,1,0.4357080799304952,3,0,1,0,1,0,0,0,0,0,0,0,1,0,0,0,0,0,0,0,0,0,0,0,1,0,0,0,0,0,7579-OOPEC
1,60,100.5,6029.0,0,0.016669431083098356,6,0,1,0,1,0,1,1,0,0,0,0,0,0,1,0,0,0,1,0,1,1,0,1,1,0,0,0,0,1,0512-FLFDW
1,29,95.9,2745.2,1,0.03493370246247997,6,1,1,0,1,0,1,1,0,0,0,0,1,0,1,0,0,0,0,0,1,0,0,1,0,1,0,0,1,0,1771-OADNZ
0,49,74.45,3721.9,0,0.02000322415970338,6,0,0,0,1,0,0,0,0,0,0,0,0,0,1,0,1,0,1,0,1,0,1,1,0,0,0,0,0,1,0487-CRLZF
1,30,104.1,3121.1,0,0.033353625324404855,7,0,0,0,1,0,1,1,0,0,0,0,1,0,1,0,0,0,1,0,1,0,0,1,0,1,0,0,1,0,2107-FBPTK
0,53,19.05,990.45,0,0.019233681659851582,1,0,1,0,1,0,0,0,1,1,0,1,0,1,0,1,0,1,0,1,0,1,0,0,1,0,0,0,0,1,9451-WLYRI
0,39,25.0,1004.35,0,0.02489172101359088,2,1,0,1,1,0,1,0,1,1,0,1,0,1,0,1,0,1,0,1,0,0,1,0,0,0,1,0,1,0,8219-VYBVI
0,9,19.05,157.65,0,0.120837297811608,1,0,0,0,1,0,0,0,1,1,0,1,0,1,0,1,0,1,0,1,0,0,0,0,0,0,1,0,0,0,1991-VOPLL
0,39,81.9,3219.75,0,0.02543675751222921,4,1,0,0,1,0,0,1,0,0,0,0,0,0,1,0,1,0,0,0,0,1,0,0,0,1,0,0,1,0,9738-QLWTP
1,8,69.7,572.85,0,0.12167234005411538,2,1,0,0,1,0,0,1,0,0,0,0,0,0,0,0,0,0,0,0,0,0,0,1,0,1,0,0,0,0,1016-DJTSV
0,51,90.15,4554.85,0,0.019792089750485745,5,0,1,1,1,0,1,1,0,0,0,0,0,0,1,0,0,0,0,0,1,1,0,1,0,1,0,0,0,1,9419-IPPBE
0,71,25.35,1847.55,0,0.013720873589348056,2,1,1,1,1,0,1,0,1,1,0,1,0,1,0,1,0,1,0,1,0,0,1,0,1,0,0,0,0,1,0174-QRVVY
1,71,24.65,1766.75,0,0.013952172067355313,2,1,0,0,1,0,1,0,1,1,0,1,0,1,0,1,0,1,0,1,0,0,1,1,0,0,1,0,0,1,5699-BNCAS
1,70,19.55,1462.05,0,0.013371635716972745,1,0,1,0,1,0,0,0,1,1,0,1,0,1,0,1,0,1,0,1,0,0,1,1,1,0,0,0,0,1,2900-PHPLN
1,1,25.25,25.25,1,1.0,1,0,0,0,0,1,0,0,0,0,0,0,0,0,0,0,0,0,0,0,0,0,0,0,0,1,0,0,0,0,0612-RTZZA
0,38,60.0,2193.2,0,0.027357286157213206,6,1,1,0,0,1,0,0,0,0,1,0,1,0,0,0,1,0,1,0,1,0,1,1,0,0,0,0,1,0,8106-GWQOK
0,28,89.9,2433.5,0,0.036942675159235674,5,0,1,0,1,0,0,1,0,0,0,0,1,0,1,0,0,0,0,0,1,0,0,0,1,0,0,0,1,0,8751-EDEKA
0,32,19.4,641.15,0,0.030258129922794978,1,0,1,0,1,0,0,0,1,1,0,1,0,1,0,1,0,1,0,1,0,0,0,0,0,0,0,0,1,0,6878-GGDWG
1,49,49.8,2398.4,0,0.020763842561707803,3,1,1,0,1,0,0,0,0,0,0,0,1,0,0,0,0,0,0,0,0,0,1,0,0,0,1,0,0,1,4039-PIMHX
0,37,24.1,861.85,0,0.02796310262806753,2,0,1,1,1,0,1,0,1,1,0,1,0,1,0,1,0,1,0,1,0,0,1,1,0,0,0,0,1,0,8450-LUGUK
0,10,54.25,583.0,0,0.09305317324185249,4,0,0,0,1,0,0,0,0,0,0,0,0,0,1,0,1,0,0,0,0,0,0,0,0,1,0,0,0,0,3604-WLABM
0,67,109.9,7332.4,0,0.014988271234520758,8,1,1,0,1,0,1,1,0,0,1,0,1,0,1,0,0,0,1,0,1,1,0,0,1,0,0,0,0,1,0795-GMVQO
0,7,35.5,249.55,0,0.14225606090963733,3,1,0,0,0,1,0,0,0,0,0,0,0,0,1,0,1,0,0,0,0,1,0,1,1,0,0,0,0,0,2259-OUUSZ
0,51,87.55,4475.9,0,0.019560311892580264,4,0,0,0,1,0,0,1,0,0,0,0,0,0,0,0,0,0,1,0,1,1,0,0,1,0,0,0,0,1,1142-IHLOO
0,9,45.15,416.45,1,0.10841637651578821,2,0,0,0,1,0,0,0,0,0,0,0,0,0,0,0,0,0,0,0,0,0,0,0,0,1,0,0,0,0,6410-LEFEN
0,9,88.4,788.6,0,0.11209738777580523,4,0,0,0,1,0,0,1,0,0,0,0,0,0,0,0,0,0,1,0,1,0,0,1,0,0,1,0,0,0,4633-MKHYU
0,4,50.8,202.3,0,0.2511122095897182,3,1,0,0,1,0,0,0,0,0,0,0,0,0,0,0,1,0,0,0,0,0,0,1,0,0,1,0,0,0,6257-RJOHI
0,71,99.0,6994.6,0,0.01415377576987962,7,1,1,0,1,0,1,1,0,0,1,0,1,0,1,0,0,0,1,0,0,0,1,1,0,1,0,0,0,1,1545-JFUML
0,50,84.4,4116.15,1,0.02050459774303658,4,0,1,1,1,0,1,1,0,0,0,0,0,0,0,0,0,0,1,0,0,0,0,1,0,0,0,0,0,1,3194-ORPIK
1,24,96.55,2263.45,0,0.04265612229119265,5,0,1,1,1,0,0,1,0,0,0,0,0,0,1,0,0,0,1,0,1,0,1,1,0,1,0,1,0,0,7826-VVKWT
0,22,59.75,1374.35,0,0.043475097318732496,4,1,1,0,1,0,0,0,0,0,1,0,0,0,0,0,0,0,1,0,0,1,0,1,0,0,0,1,0,0,1353-GHZOS
0,44,111.5,4915.15,0,0.022684963836302047,8,1,0,0,1,0,1,1,0,0,1,0,1,0,1,0,0,0,1,0,1,0,0,1,0,1,0,0,1,0,2587-EKXTS
0,33,24.25,838.5,0,0.028920691711389387,2,0,1,1,1,0,1,0,1,1,0,1,0,1,0,1,0,1,0,1,0,0,0,0,0,0,0,0,1,0,5442-BXVND
0,1,75.1,75.1,1,1.0,3,0,0,0,1,0,1,1,0,0,0,0,0,0,0,0,0,0,0,0,0,0,0,1,0,1,0,0,0,0,8816-VXNZD
0,54,70.15,3715.65,1,0.01887960383782111,5,0,1,0,1,0,1,0,0,0,0,0,0,0,0,0,0,0,1,0,1,1,0,1,1,0,0,0,0,1,9378-FXTIZ
0,42,101.75,4273.45,1,0.023809802384490285,6,1,0,0,1,0,1,1,0,0,0,0,1,0,0,0,0,0,1,0,1,0,0,1,0,1,0,0,1,0,1723-HKXJQ
0,1,45.8,45.8,1,1.0,2,0,0,0,1,0,0,0,0,0,0,0,0,0,0,0,0,0,0,0,0,0,0,0,0,1,0,0,0,0,7825-GKXMW
0,1,20.5,20.5,0,1.0,1,0,0,0,1,0,0,0,1,1,0,1,0,1,0,1,0,1,0,1,0,0,0,0,0,0,1,0,0,0,9753-OYLBX
0,30,70.4,2044.75,0,0.034429636874923585,6,1,0,0,1,0,0,0,0,0,1,0,1,0,0,0,1,0,1,0,0,1,0,0,0,1,0,0,1,0,2364-UFROM
0,1,30.55,30.55,0,1.0,2,0,0,0,0,1,0,0,0,0,0,0,0,0,0,0,1,0,0,0,0,0,0,0,0,0,1,0,0,0,6656-JWRQX
0,16,84.9,1398.25,0,0.06071875558734132,8,1,1,1,1,0,1,0,0,0,1,0,1,0,0,0,1,0,1,0,1,0,0,0,0,1,0,1,0,0,6473-ULUHT
0,1,20.1,20.1,1,1.0,1,1,0,0,1,0,0,0,1,1,0,1,0,1,0,1,0,1,0,1,0,0,0,1,0,0,1,0,0,0,1240-KNSEZ
0,9,40.65,328.95,1,0.1235750113999088,3,1,1,0,0,1,0,0,0,0,0,0,0,0,0,0,1,0,1,0,0,0,0,0,0,0,1,0,0,0,0836-SEYLU
1,46,101.0,4680.05,1,0.02158096601532035,6,1,1,0,1,0,1,1,0,0,0,0,0,0,1,0,0,0,1,0,1,0,0,1,0,1,0,0,1,0,4433-JCGCG
0,1,69.1,69.1,1,1.0,2,1,0,0,1,0,0,1,0,0,0,0,0,0,0,0,0,0,0,0,0,0,0,1,0,1,0,0,0,0,3716-BDVDB
0,71,54.5,3778.2,0,0.014424858398179028,4,1,1,0,1,0,0,0,0,0,1,0,0,0,0,0,1,0,0,0,0,0,1,0,0,0,0,0,0,1,7688-AWMDX
0,43,75.35,3161.4,0,0.02383437717466945,3,1,0,0,1,0,1,1,0,0,0,0,0,0,0,0,0,0,0,0,0,0,0,1,1,0,0,0,1,0,2842-BCQGE
0,50,44.45,2188.45,0,0.020311179145057007,4,1,1,0,0,1,0,0,0,0,1,0,0,0,0,0,1,0,1,0,0,1,0,1,0,0,0,0,0,1,7244-QWYHG
0,13,75.0,999.45,1,0.07504127269998499,3,0,0,0,1,0,1,1,0,0,0,0,0,0,0,0,0,0,0,0,0,0,0,1,0,0,1,1,0,0,5899-MQZZL
0,19,100.0,1888.65,1,0.052947872819209485,6,1,1,1,1,0,0,1,0,0,0,0,1,0,0,0,1,0,1,0,1,1,0,0,0,0,0,1,0,0,6849-OYAMU
0,41,98.05,3990.6,0,0.024570240064150754,6,0,0,0,1,0,1,1,0,0,0,0,0,0,1,0,0,0,1,0,1,0,0,0,0,0,0,0,1,0,5312-UXESG
1,1,71.15,71.15,1,1.0,2,0,0,0,1,0,0,1,0,0,0,0,0,0,0,0,0,0,0,0,0,0,0,1,0,1,0,0,0,0,9488-HGMJH
0,24,54.15,1240.25,1,0.04366055230800242,5,0,0,0,0,1,0,0,0,0,0,0,1,0,1,0,0,0,1,0,1,0,0,1,1,0,0,1,0,0,6038-GCYEC
0,40,63.9,2635.0,0,0.024250474383301707,5,0,1,0,1,0,1,0,0,0,0,0,1,0,0,0,0,0,1,0,0,1,0,0,0,0,0,0,1,0,2150-WLKUW
0,3,69.15,235.0,0,0.2942553191489362,6,0,1,1,1,0,1,0,0,0,0,0,1,0,1,0,0,0,1,0,0,0,0,1,0,0,0,0,0,0,7159-FVYPK
0,37,64.65,2347.85,0,0.02753583065357668,5,0,0,0,1,0,1,0,0,0,1,0,0,0,0,0,0,0,1,0,0,1,0,0,0,0,0,0,1,0,7032-LMBHI
0,67,108.75,7156.2,1,0.01519661272742517,8,0,1,1,1,0,1,1,0,0,1,0,0,0,1,0,1,0,1,0,1,0,1,1,1,0,0,0,0,1,1150-WFARN
0,32,98.85,3089.6,0,0.031994432936302435,6,0,1,1,1,0,1,1,0,0,0,0,1,0,0,0,0,0,1,0,1,0,0,1,0,1,0,0,1,0,6088-BXMRG
0,6,49.15,270.8,1,0.18149926144756276,3,0,1,0,1,0,0,0,0,0,0,0,0,0,0,0,1,0,0,0,0,0,0,1,0,1,0,0,0,0,3144-AUDBS
0,32,89.6,2901.8,0,0.03087738644978978,5,0,1,1,1,0,1,1,0,0,1,0,0,0,0,0,0,0,1,0,0,0,0,0,0,1,0,0,1,0,4821-SJHJV
0,59,83.25,4949.1,0,0.016821240225495544,5,0,0,0,1,0,1,1,0,0,0,0,1,0,1,0,0,0,0,0,0,0,0,1,0,1,0,0,0,1,7346-MEDWM
0,30,70.25,2198.9,0,0.03194779207785711,6,0,1,0,1,0,0,0,0,0,0,0,1,0,1,0,1,0,0,0,1,1,0,0,0,0,0,0,1,0,1137-DGOWI
0,20,19.4,374.5,1,0.05180240320427236,1,1,0,1,1,0,0,0,1,1,0,1,0,1,0,1,0,1,0,1,0,0,0,1,0,1,0,1,0,0,5616-PRTNT
0,27,24.5,761.95,0,0.03215434083601286,2,0,1,1,1,0,1,0,1,1,0,1,0,1,0,1,0,1,0,1,0,0,1,0,0,1,0,0,1,0,3812-LRZIR
1,20,79.15,1520.9,1,0.05204155434282333,4,0,0,0,1,0,1,1,0,0,1,0,0,0,0,0,0,0,0,0,0,0,0,1,0,1,0,1,0,0,4818-QIUFN
0,9,20.1,190.25,0,0.10565045992115638,1,1,0,1,1,0,0,0,1,1,0,1,0,1,0,1,0,1,0,1,0,1,0,0,0,0,1,0,0,0,9483-GCPWE
0,68,73.0,5163.0,0,0.014139066434243657,7,0,1,1,1,0,1,0,0,0,1,0,1,0,1,0,0,0,1,0,0,1,0,1,1,0,0,0,0,1,4227-OJHAL
0,69,61.4,4059.85,0,0.015123711467172432,5,0,1,1,1,0,1,0,0,0,1,0,0,0,0,0,1,0,0,0,0,0,1,0,1,0,0,0,0,1,9220-CXRSC
0,26,84.3,2281.6,0,0.036947755960729314,5,1,0,0,1,0,1,1,0,0,0,0,0,0,1,0,1,0,0,0,0,0,0,1,0,0,1,0,1,0,4993-JCRGJ
0,69,19.9,1356.7,0,0.0146679442765534,1,1,1,1,1,0,0,0,1,1,0,1,0,1,0,1,0,1,0,1,0,0,1,0,0,0,0,0,0,1,9537-JALFH
0,11,20.4,231.45,0,0.0881399870382372,1,1,0,0,1,0,0,0,1,1,0,1,0,1,0,1,0,1,0,1,0,0,1,0,0,0,1,0,0,0,6698-OXETB
0,1,50.75,50.75,0,1.0,3,1,0,0,1,0,1,0,0,0,0,0,0,0,0,0,0,0,0,0,0,0,0,0,0,0,1,0,0,0,2103-ZRXFN
0,10,20.45,242.4,0,0.08436468646864687,1,1,1,1,1,0,0,0,1,1,0,1,0,1,0,1,0,1,0,1,0,1,0,0,0,0,1,0,0,0,3724-BSCVH
0,55,75.75,4264.25,0,0.017763967872427743,7,0,1,1,1,0,1,0,0,0,1,0,1,0,0,0,1,0,0,0,1,1,0,1,0,0,0,0,0,1,4877-TSOFF
0,44,65.4,2774.55,0,0.02357138995512786,5,1,0,0,1,0,0,0,0,0,1,0,0,0,0,0,1,0,1,0,0,1,0,0,0,1,0,0,1,0,9209-NWPGU
1,46,80.4,3605.2,1,0.02230112060357262,3,1,1,0,1,0,0,1,0,0,0,0,0,0,0,0,0,0,0,0,1,0,0,1,0,1,0,0,1,0,6961-VCPMC
0,69,59.75,4069.9,0,0.01468095039190152,5,1,1,1,1,0,0,0,0,0,1,0,1,0,1,0,0,0,0,0,0,0,1,1,0,0,0,0,0,1,7306-YDSOI
1,11,78.5,874.2,0,0.08979638526652939,3,1,0,0,1,0,0,1,0,0,0,0,0,0,0,0,0,0,0,0,1,0,0,1,0,1,0,0,0,0,5288-AHOUP
0,11,102.0,1145.35,1,0.08905574715152574,6,0,1,0,1,0,1,1,0,0,0,0,1,0,0,0,0,0,1,0,1,0,0,1,0,1,0,0,0,0,6688-UZPWD
0,29,48.95,1323.7,0,0.03697967817481303,3,1,0,0,1,0,0,0,0,0,0,0,0,0,1,0,0,0,0,0,0,0,0,0,0,0,0,0,1,0,0655-YDGFJ
0,57,99.65,5497.05,0,0.018127904967209684,6,0,1,0,1,0,1,1,0,0,1,0,0,0,0,0,0,0,1,0,1,0,0,1,0,1,0,0,0,1,8468-EHYJA
0,28,18.25,534.7,0,0.034131288573031604,1,1,0,0,1,0,0,0,1,1,0,1,0,1,0,1,0,1,0,1,0,1,0,0,1,0,0,0,1,0,6823-SIDFQ
0,42,54.55,2455.05,0,0.022219506731023804,4,0,0,0,1,0,0,0,0,0,1,0,0,0,1,0,0,0,0,0,0,0,0,0,1,0,0,0,1,0,1097-FSPVW
0,2,20.65,38.7,1,0.5335917312661498,1,0,0,0,1,0,0,0,1,1,0,1,0,1,0,1,0,1,0,1,0,0,0,0,0,0,1,0,0,0,2839-RFSQE
0,23,40.65,947.4,0,0.04290690310322989,4,1,0,1,0,1,0,0,0,0,1,0,1,0,0,0,1,0,0,0,0,1,0,0,0,0,0,1,0,0,8328-SKJNO
0,18,20.45,357.0,0,0.057282913165266104,1,0,1,1,1,0,0,0,1,1,0,1,0,1,0,1,0,1,0,1,0,0,0,0,0,0,1,1,0,0,7010-ZMVBF
0,62,24.8,1476.25,0,0.01679932260795936,2,1,1,1,1,0,1,0,1,1,0,1,0,1,0,1,0,1,0,1,0,1,0,0,0,0,0,0,0,1,5201-CBWYG
0,1,70.8,70.8,1,1.0,2,0,0,0,1,0,0,1,0,0,0,0,0,0,0,0,0,0,0,0,0,0,0,1,0,0,1,0,0,0,0968-GSIKN
0,16,89.05,1448.6,1,0.0614731464862626,5,1,0,0,1,0,1,1,0,0,0,0,0,0,0,0,1,0,0,0,1,0,0,1,1,0,0,1,0,0,1965-DDBWU
0,3,96.6,291.9,1,0.33093525179856115,5,0,0,0,1,0,1,1,0,0,0,0,0,0,0,0,0,0,1,0,1,0,0,1,0,1,0,0,0,0,9057-SIHCH
0,67,88.8,5903.15,0,0.01504281612359503,9,1,0,0,1,0,1,0,0,0,1,0,1,0,1,0,1,0,1,0,1,1,0,1,0,0,0,0,0,1,6352-GIGGQ
0,62,20.05,1201.65,0,0.01668539092081721,1,1,0,0,1,0,0,0,1,1,0,1,0,1,0,1,0,1,0,1,0,0,1,1,1,0,0,0,0,1,3635-QQRQD
0,57,104.5,5921.35,1,0.01764800256698219,7,0,1,0,1,0,1,1,0,0,0,0,1,0,1,0,0,0,1,0,1,0,0,1,1,0,0,0,0,1,6771-XWBDM
0,2,69.8,146.65,0,0.475963177633822,2,1,0,0,1,0,0,1,0,0,0,0,0,0,0,0,0,0,0,0,0,0,0,1,0,1,0,0,0,0,2897-DOVND
0,23,77.15,1759.4,0,0.043850176196430606,7,0,1,1,1,0,1,0,0,0,1,0,0,0,1,0,1,0,1,0,0,0,1,1,0,0,0,1,0,0,3082-YVEKW
0,25,35.05,844.45,0,0.04150630587956658,3,0,0,1,0,1,0,0,0,0,1,0,0,0,0,0,1,0,0,0,0,0,1,0,0,0,0,0,1,0,0191-EQUUH
1,72,108.1,7774.05,0,0.013905236009544573,8,0,0,0,1,0,1,1,0,0,0,0,1,0,1,0,1,0,1,0,1,0,1,1,0,0,0,0,0,1,7134-HBPBS
0,2,84.05,134.05,0,0.6270048489369637,4,0,1,0,1,0,1,1,0,0,0,0,0,0,0,0,0,0,1,0,0,0,0,1,0,1,0,0,0,0,3489-HHPFY
0,8,20.2,140.95,0,0.1433132316424264,1,0,0,0,1,0,0,0,1,1,0,1,0,1,0,1,0,1,0,1,0,1,0,1,0,0,0,0,0,0,2926-JEJJC
0,5,50.6,249.95,1,0.20244048809761953,3,0,0,0,1,0,1,0,0,0,0,0,0,0,0,0,0,0,0,0,0,0,0,1,0,0,1,0,0,0,8601-QACRS
0,35,49.2,1701.65,0,0.028913113742544003,4,1,0,0,0,1,0,0,0,0,0,0,0,0,1,0,0,0,1,0,1,0,0,0,0,1,0,0,1,0,4950-BDEUX
0,24,24.6,592.65,0,0.04150847886610985,2,1,0,0,1,0,1,0,1,1,0,1,0,1,0,1,0,1,0,1,0,1,0,0,0,1,0,1,0,0,5789-LDFXO
0,2,71.65,135.75,0,0.5278084714548803,2,0,1,1,1,0,0,1,0,0,0,0,0,0,0,0,0,0,0,0,0,0,0,1,0,1,0,0,0,0,0508-OOLTO
0,72,104.9,7732.65,0,0.013565853879329856,8,1,1,1,1,0,1,1,0,0,1,0,1,0,1,0,1,0,0,0,1,0,1,1,1,0,0,0,0,1,2984-TBYKU
0,41,106.5,4282.4,0,0.024869232206239492,8,0,0,0,1,0,1,1,0,0,1,0,1,0,1,0,1,0,1,0,0,0,0,1,0,1,0,0,1,0,9822-WMWVG
0,4,49.35,219.65,1,0.22467562030503074,3,1,0,1,1,0,0,0,0,0,1,0,0,0,0,0,0,0,0,0,0,0,0,0,0,1,0,0,0,0,2391-SOORI
0,26,75.5,2018.1,0,0.037411426589366234,3,1,0,0,1,0,0,1,0,0,0,0,1,0,0,0,0,0,0,0,0,1,0,0,0,0,0,0,1,0,9040-KZVWO
0,7,94.25,669.0,1,0.14088191330343797,5,1,0,0,1,0,0,1,0,0,0,0,1,0,0,0,0,0,1,0,1,0,0,1,0,1,0,0,0,0,2645-QTLMB
0,1,68.95,68.95,1,1.0,2,0,1,0,1,0,0,1,0,0,0,0,0,0,0,0,0,0,0,0,0,0,0,1,0,1,0,0,0,0,4806-HIPDW
0,4,58.5,224.85,0,0.2601734489659773,5,0,1,1,1,0,1,0,0,0,0,0,1,0,0,0,1,0,0,0,0,0,0,1,0,0,1,0,0,0,1548-ARAGG
0,48,78.9,3771.5,0,0.02092005833222856,7,1,0,0,1,0,0,0,0,0,0,0,1,0,1,0,1,0,1,0,1,0,1,0,1,0,0,0,1,0,6339-RZCBJ
1,2,93.85,196.75,1,0.47700127064803044,5,1,0,0,1,0,1,1,0,0,0,0,0,0,0,0,0,0,1,0,1,0,0,1,0,1,0,0,0,0,4424-TKOPW
1,12,79.2,943.85,0,0.0839116385018806,7,0,1,0,1,0,0,0,0,0,1,0,0,0,1,0,1,0,1,0,1,1,0,1,0,1,0,0,0,0,4415-WNGVR
0,60,109.45,6572.85,0,0.016651832918749096,8,1,1,0,1,0,1,1,0,0,1,0,0,0,1,0,1,0,1,0,1,0,0,1,0,0,0,0,0,1,2522-AHJXR
0,55,59.2,3175.85,0,0.018640678873372483,5,1,0,0,1,0,0,0,0,0,1,0,0,0,1,0,1,0,0,0,0,0,1,1,0,1,0,0,0,1,0412-UCCNP
0,1,29.15,29.15,0,1.0,2,1,0,0,0,1,0,0,0,0,0,0,0,0,0,0,1,0,0,0,0,0,0,0,0,0,1,0,0,0,1816-FLZDK
0,1,20.05,20.05,0,1.0,1,1,0,0,1,0,0,0,1,1,0,1,0,1,0,1,0,1,0,1,0,0,0,0,0,0,1,0,0,0,7096-UCLNH
0,4,76.05,318.9,1,0.23847601128880527,3,1,0,0,1,0,1,1,0,0,0,0,0,0,0,0,0,0,0,0,0,0,0,1,0,1,0,0,0,0,8443-ZRDBZ
0,1,24.45,24.45,1,1.0,1,1,0,0,0,1,0,0,0,0,0,0,0,0,0,0,0,0,0,0,0,0,0,1,0,0,1,0,0,0,9136-ALYBR
0,42,66.5,2762.75,0,0.02407021988960275,5,0,0,0,1,0,0,0,0,0,0,0,0,0,1,0,1,0,0,0,1,0,1,0,1,0,0,0,1,0,4615-PIVVU
0,1,49.55,49.55,0,1.0,3,0,0,0,1,0,0,0,0,0,1,0,0,0,0,0,0,0,0,0,0,0,0,0,0,0,0,0,0,0,8885-QSQBX
0,7,89.35,631.85,1,0.14141014481285114,5,1,0,0,1,0,1,1,0,0,0,0,0,0,1,0,0,0,1,0,0,0,0,1,1,0,0,0,0,0,7479-NITWS
0,3,73.6,232.5,0,0.3165591397849462,3,1,0,0,1,0,0,1,0,0,0,0,0,0,1,0,0,0,0,0,0,0,0,1,1,0,0,0,0,0,8617-ENBDS
0,72,82.65,5919.35,0,0.013962681713363798,8,0,1,0,1,0,1,0,0,0,1,0,1,0,1,0,0,0,1,0,1,0,1,1,1,0,0,0,0,1,9385-NXKDA
0,15,49.0,749.25,0,0.06539873206539873,3,1,0,0,1,0,1,0,0,0,0,0,0,0,0,0,0,0,0,0,0,0,0,1,0,1,0,1,0,0,0430-IHCDJ
0,4,80.35,307.4,1,0.2613858165256994,3,1,1,0,1,0,0,1,0,0,0,0,0,0,0,0,0,0,1,0,0,0,0,1,0,1,0,0,0,0,2959-MJHIC
0,11,25.2,245.15,0,0.10279420762798286,2,0,0,0,1,0,1,0,1,1,0,1,0,1,0,1,0,1,0,1,0,1,0,0,0,1,0,0,0,0,6674-KVJHG
0,5,25.45,134.75,0,0.18886827458256028,2,0,0,0,1,0,1,0,1,1,0,1,0,1,0,1,0,1,0,1,0,0,0,0,0,0,1,0,0,0,1814-DKOLC
1,1,55.8,55.8,1,1.0,4,0,0,0,1,0,0,0,0,0,1,0,0,0,1,0,0,0,0,0,0,0,0,1,0,1,0,0,0,0,4201-JMNGR
0,72,110.9,8240.85,0,0.013457349666599927,8,1,1,0,1,0,1,1,0,0,1,0,0,0,1,0,1,0,1,0,1,0,1,1,1,0,0,0,0,1,9351-HXDMR
0,55,77.75,4266.4,0,0.018223795237202328,4,0,1,0,1,0,1,1,0,0,0,0,1,0,0,0,0,0,0,0,0,0,0,1,1,0,0,0,0,1,3537-HPKQT
0,40,26.2,1077.5,0,0.02431554524361949,2,0,1,1,1,0,1,0,1,1,0,1,0,1,0,1,0,1,0,1,0,0,0,1,0,1,0,0,1,0,2129-ALKBS
0,57,19.9,1115.6,0,0.017837934743635712,1,0,1,0,1,0,0,0,1,1,0,1,0,1,0,1,0,1,0,1,0,0,1,0,0,0,0,0,0,1,5821-MMEIL
0,1,79.05,79.05,1,1.0,3,1,0,0,1,0,0,1,0,0,0,0,0,0,0,0,0,0,1,0,0,0,0,1,0,1,0,0,0,0,5960-WPXQM
0,1,95.0,95.0,1,1.0,5,1,1,0,1,0,0,1,0,0,1,0,0,0,0,0,0,0,1,0,1,0,0,1,0,1,0,0,0,0,0684-AOSIH
0,1,25.2,25.2,1,1.0,1,0,0,0,0,1,0,0,0,0,0,0,0,0,0,0,0,0,0,0,0,0,0,0,0,0,1,0,0,0,8260-NGFNY
1,52,80.85,4079.55,0,0.019818362319373457,7,1,1,1,1,0,1,0,0,0,0,0,1,0,1,0,0,0,1,0,1,1,0,1,0,1,0,0,0,1,1309-XGFSN
1,41,98.4,4187.75,1,0.02349710465046863,6,1,0,0,1,0,1,1,0,0,0,0,0,0,1,0,0,0,1,0,1,0,0,1,0,1,0,0,1,0,1866-RZZQS
0,43,56.35,2391.15,0,0.023566066537021934,3,1,1,0,1,0,0,0,0,0,0,0,0,0,0,0,0,0,1,0,0,1,0,1,0,0,1,0,1,0,6968-URWQU
0,47,19.3,890.5,0,0.02167321729365525,1,0,1,1,1,0,0,0,1,1,0,1,0,1,0,1,0,1,0,1,0,0,1,0,0,0,0,0,1,0,4742-TXUEX
0,3,50.4,137.25,0,0.36721311475409835,3,1,0,0,1,0,1,0,0,0,0,0,0,0,0,0,0,0,0,0,0,0,0,0,0,0,0,0,0,0,9631-XEYKE
1,66,79.4,5154.6,1,0.01540371706824972,8,1,1,1,1,0,1,0,0,0,1,0,1,0,1,0,1,0,1,0,0,0,1,0,1,0,0,0,0,1,8631-NBHFZ
0,55,55.25,3119.9,0,0.01770890092631174,4,1,1,1,1,0,0,0,0,0,0,0,0,0,1,0,1,0,0,0,0,0,1,1,1,0,0,0,0,1,1335-MXCSE
0,29,19.1,529.5,0,0.036071765816808314,1,1,0,0,1,0,0,0,1,1,0,1,0,1,0,1,0,1,0,1,0,1,0,0,0,0,1,0,1,0,8873-TMKGR
0,12,84.05,966.55,0,0.08695877088614143,4,0,0,1,1,0,1,1,0,0,0,0,0,0,0,0,0,0,1,0,0,0,0,1,0,1,0,0,0,0,8800-JOOCF
0,66,105.2,6936.85,0,0.015165384864888241,7,0,1,0,1,0,1,1,0,0,0,0,1,0,1,0,0,0,1,0,1,0,0,1,0,1,0,0,0,1,1469-LBJQJ
1,35,101.4,3496.3,1,0.029002087921517032,6,1,0,0,1,0,1,1,0,0,0,0,0,0,1,0,0,0,1,0,1,0,0,1,0,1,0,0,1,0,4958-XCBDQ
1,10,89.8,914.3,1,0.09821721535601007,5,1,1,0,1,0,1,1,0,0,0,0,0,0,1,0,0,0,0,0,1,0,0,1,0,1,0,0,0,0,8337-UPOAQ
0,27,75.75,1929.0,0,0.03926905132192846,3,1,1,1,1,0,1,1,0,0,0,0,0,0,0,0,0,0,0,0,0,0,0,1,0,0,0,0,1,0,0064-YIJGF
0,58,95.3,5817.7,0,0.016381044055210823,5,0,0,0,1,0,0,1,0,0,0,0,0,0,0,0,1,0,1,0,1,0,0,1,0,1,0,0,0,1,2386-OWURY
0,54,109.75,6110.2,1,0.01796176884553697,8,1,1,0,1,0,0,1,0,0,1,0,1,0,1,0,1,0,1,0,1,0,1,0,0,0,0,0,0,1,1725-IQNIY
0,9,19.85,178.8,0,0.11101789709172259,1,1,0,0,1,0,0,0,1,1,0,1,0,1,0,1,0,1,0,1,0,0,0,0,0,0,1,0,0,0,0310-VQXAM
0,2,19.3,28.3,1,0.6819787985865724,1,1,0,0,1,0,0,0,1,1,0,1,0,1,0,1,0,1,0,1,0,1,0,0,1,0,0,0,0,0,6598-RFFVI
0,6,69.1,435.0,0,0.15885057471264366,2,1,0,0,1,0,0,1,0,0,0,0,0,0,0,0,0,0,0,0,0,0,0,1,0,1,0,0,0,0,3453-RTHJQ
1,26,91.25,2351.8,1,0.038800068032996,4,0,0,0,1,0,0,1,0,0,0,0,0,0,0,0,0,0,1,0,1,0,0,1,0,1,0,0,1,0,6712-OAWRH
0,9,20.25,186.15,0,0.1087832393231265,1,0,0,0,1,0,0,0,1,1,0,1,0,1,0,1,0,1,0,1,0,0,0,0,0,0,1,0,0,0,6278-FEPBZ
0,8,54.75,445.85,0,0.12279914769541325,4,1,1,0,1,0,0,0,0,0,0,0,1,0,1,0,0,0,0,0,0,0,0,1,0,0,1,0,0,0,4280-DLSHD
0,12,81.45,912.0,0,0.0893092105263158,3,1,0,0,1,0,0,1,0,0,0,0,0,0,0,0,0,0,1,0,0,0,0,1,0,1,0,0,0,0,1508-DFXCU
0,15,49.1,679.55,1,0.07225369729968362,3,0,0,0,1,0,1,0,0,0,0,0,0,0,0,0,0,0,0,0,0,0,0,1,0,1,0,1,0,0,8614-VGMMV
0,43,80.2,3581.6,0,0.022392226937681486,7,1,1,0,1,0,1,0,0,0,1,0,0,0,1,0,0,0,1,0,1,1,0,1,0,1,0,0,1,0,7868-BGSZA
0,42,100.3,4222.95,0,0.023751169206360483,6,1,0,0,1,0,1,1,0,0,0,0,0,0,0,0,1,0,1,0,1,0,0,1,0,1,0,0,1,0,2800-QQUSO
0,31,65.25,1994.3,1,0.03271824700396129,6,0,0,0,1,0,1,0,0,0,1,0,0,0,1,0,1,0,0,0,0,0,0,0,1,0,0,0,1,0,2930-UOTMB
0,66,90.95,5930.05,0,0.015337138809959443,6,0,0,1,1,0,1,1,0,0,1,0,0,0,1,0,1,0,0,0,0,0,1,1,1,0,0,0,0,1,7973-DZRKH
1,18,85.45,1505.85,1,0.056745359763588674,5,0,0,0,1,0,1,1,0,0,0,0,1,0,0,0,1,0,0,0,0,0,0,1,0,1,0,1,0,0,5914-DVBWJ
0,1,20.0,20.0,0,1.0,1,1,0,0,1,0,0,0,1,1,0,1,0,1,0,1,0,1,0,1,0,0,0,0,0,0,1,0,0,0,7698-YFGEZ
0,61,94.1,5638.3,1,0.01668942766436692,6,1,1,0,1,0,1,1,0,0,0,0,1,0,0,0,1,0,1,0,0,0,1,1,0,1,0,0,0,1,2533-QVMSK
0,10,79.85,797.25,0,0.10015678896205707,4,1,0,0,1,0,1,1,0,0,0,0,1,0,0,0,0,0,0,0,0,0,0,0,0,1,0,0,0,0,9773-PEQBZ
1,1,71.65,71.65,1,1.0,2,1,0,0,1,0,0,1,0,0,0,0,0,0,0,0,0,0,0,0,0,0,0,1,0,1,0,0,0,0,8644-XLFBW
1,18,73.55,1359.45,0,0.05410276214645628,3,0,0,0,1,0,0,1,0,0,0,0,1,0,0,0,0,0,0,0,0,0,0,1,0,1,0,1,0,0,0650-BWOZN
0,24,104.65,2542.45,1,0.041161084780428334,7,1,1,0,1,0,1,1,0,0,0,0,1,0,1,0,0,0,1,0,1,0,0,1,0,1,0,1,0,0,8625-AZYZY
0,3,19.3,54.7,0,0.35283363802559414,1,0,1,1,1,0,0,0,1,1,0,1,0,1,0,1,0,1,0,1,0,0,0,0,0,0,1,0,0,0,7785-RDVIG
0,50,20.15,989.05,0,0.02037308528385825,1,1,0,0,1,0,0,0,1,1,0,1,0,1,0,1,0,1,0,1,0,1,0,0,1,0,0,0,0,1,9602-WCXPI
0,1,44.55,44.55,0,1.0,2,1,1,1,1,0,0,0,0,0,0,0,0,0,0,0,0,0,0,0,0,0,0,0,0,1,0,0,0,0,2903-YYTBW
0,2,54.45,87.3,0,0.6237113402061856,4,1,0,0,1,0,0,0,0,0,1,0,0,0,0,0,1,0,0,0,0,0,0,1,0,0,1,0,0,0,3620-MWJNE
0,17,19.65,351.55,0,0.055895320722514574,1,1,0,0,1,0,0,0,1,1,0,1,0,1,0,1,0,1,0,1,0,1,0,1,0,0,0,1,0,0,8573-JGCZW
0,69,105.0,7297.75,0,0.014387996300229524,7,1,1,1,1,0,1,1,0,0,0,0,1,0,1,0,0,0,1,0,1,0,1,1,0,1,0,0,0,1,6837-HAEVO
0,72,88.7,6301.7,0,0.01407556691051621,9,1,1,0,1,0,1,0,0,0,1,0,1,0,1,0,1,0,1,0,1,0,1,1,1,0,0,0,0,1,6701-YVNQG
0,3,74.25,210.3,1,0.35306704707560627,3,0,0,0,1,0,1,1,0,0,0,0,0,0,0,0,0,0,0,0,0,0,0,1,0,1,0,0,0,0,9306-CPCBC
1,50,75.15,3822.45,0,0.01966016560059648,7,1,1,1,1,0,1,0,0,0,1,0,1,0,1,0,0,0,0,0,1,0,1,1,0,0,0,0,0,1,4304-XUMGI
0,53,20.25,1048.45,0,0.019314225761838905,1,0,0,0,1,0,0,0,1,1,0,1,0,1,0,1,0,1,0,1,0,0,1,0,0,0,1,0,0,1,9504-YAZWB
0,58,109.1,6393.65,0,0.017063805494514087,8,0,1,0,1,0,1,1,0,0,1,0,1,0,0,0,1,0,1,0,1,0,1,1,1,0,0,0,0,1,8819-ZBYNA
0,46,30.75,1489.3,0,0.02064728395890687,2,1,0,0,0,1,0,0,0,0,1,0,0,0,0,0,0,0,0,0,0,1,0,1,0,0,0,0,1,0,6174-NRBTZ
1,72,112.9,8061.5,0,0.014004837809340694,9,1,1,0,1,0,1,1,0,0,1,0,1,0,1,0,1,0,1,0,1,0,0,1,1,0,0,0,0,1,9481-IEBZY
1,1,74.2,74.2,1,1.0,3,0,0,0,1,0,1,1,0,0,0,0,0,0,0,0,0,0,0,0,0,0,0,1,0,1,0,0,0,0,1833-VGRUM
0,6,94.05,518.75,0,0.1813012048192771,6,0,1,1,1,0,1,1,0,0,0,0,1,0,1,0,0,0,1,0,0,0,0,1,0,0,1,0,0,0,6137-NICCO
0,72,78.85,5763.15,0,0.013681753901945985,8,1,1,0,1,0,1,0,0,0,1,0,1,0,1,0,1,0,0,0,1,0,1,0,0,0,0,0,0,1,9065-ZCPQX
0,4,55.3,238.5,0,0.23186582809224318,3,1,0,0,1,0,0,0,0,0,0,0,0,0,0,0,0,0,0,0,1,0,0,1,0,0,1,0,0,0,6402-EJMWF
0,52,19.35,1031.7,0,0.018755452166327423,1,0,1,1,1,0,0,0,1,1,0,1,0,1,0,1,0,1,0,1,0,0,1,0,0,0,1,0,0,1,3620-EHIMZ
0,0,25.35,0.0,0,0.0,2,1,1,1,1,0,1,0,1,1,0,1,0,1,0,1,0,1,0,1,0,0,1,0,0,0,1,0,0,0,3213-VVOLG
0,2,20.45,34.8,0,0.5876436781609196,1,0,0,0,1,0,0,0,1,1,0,1,0,1,0,1,0,1,0,1,0,1,0,0,0,0,1,0,0,0,6870-ECSHE
0,65,19.35,1319.95,0,0.014659646198719649,1,0,1,0,1,0,0,0,1,1,0,1,0,1,0,1,0,1,0,1,0,0,1,0,0,0,0,0,0,1,8747-UDCOI
1,43,101.0,4388.4,1,0.02301522194877404,6,1,1,0,1,0,1,1,0,0,0,0,1,0,0,0,0,0,1,0,1,0,0,1,0,1,0,0,1,0,8374-XGEJJ
0,4,100.2,420.2,1,0.2384578772013327,6,1,1,0,1,0,1,1,0,0,0,0,1,0,0,0,0,0,1,0,1,0,0,1,0,1,0,0,0,0,2656-TABEH
1,25,89.05,2177.45,1,0.04089646145720912,5,1,1,0,1,0,1,1,0,0,1,0,0,0,0,0,0,0,0,0,1,1,0,1,0,1,0,0,1,0,6946-LMSQS
0,51,78.65,3950.85,0,0.019907108596884215,7,0,1,0,1,0,1,0,0,0,0,0,1,0,0,0,1,0,1,0,1,1,0,1,1,0,0,0,0,1,4626-OZDTJ
0,12,74.75,827.05,0,0.09038147633153981,6,1,0,0,1,0,1,0,0,0,0,0,0,0,1,0,0,0,1,0,1,0,0,0,0,0,0,0,0,0,9169-BSVIN
0,57,70.1,3913.3,1,0.01791327013006925,5,0,1,1,1,0,0,0,0,0,1,0,0,0,0,0,0,0,1,0,1,1,0,1,0,0,0,0,0,1,2325-ZUSFD
0,24,19.9,533.5,0,0.037300843486410495,1,0,1,1,1,0,0,0,1,1,0,1,0,1,0,1,0,1,0,1,0,1,0,0,0,0,1,1,0,0,8194-PEEBY
0,64,58.35,3756.45,0,0.0155332827536637,5,0,1,0,1,0,1,0,0,0,0,0,0,0,1,0,1,0,0,0,0,1,0,0,0,0,0,0,0,1,6872-HXFNF
0,4,105.65,443.9,1,0.238004054967335,7,0,0,0,1,0,0,1,0,0,0,0,1,0,1,0,1,0,1,0,1,1,0,1,0,1,0,0,0,0,3932-CMDTD
0,26,100.5,2599.95,0,0.03865458951133676,6,0,0,0,1,0,1,1,0,0,0,0,0,0,1,0,0,0,1,0,1,0,0,1,0,0,0,0,1,0,7714-YXSMB
0,15,20.05,284.3,0,0.07052409426661976,1,0,1,1,1,0,0,0,1,1,0,1,0,1,0,1,0,1,0,1,0,0,0,0,0,0,1,1,0,0,8387-UGUSU
1,64,25.65,1740.8,0,0.014734604779411764,2,1,1,0,1,0,1,0,1,1,0,1,0,1,0,1,0,1,0,1,0,0,1,0,1,0,0,0,0,1,1080-BWSYE
1,36,96.5,3436.1,1,0.028084165187276272,6,1,1,0,1,0,1,1,0,0,0,0,1,0,0,0,0,0,1,0,1,0,0,1,0,1,0,0,1,0,4039-HEUNW
0,27,95.0,2462.55,0,0.038577896895494505,5,0,1,0,1,0,1,1,0,0,0,0,0,0,0,0,0,0,1,0,1,0,0,0,1,0,0,0,1,0,1194-HVAIF
1,1,70.85,70.85,1,1.0,2,1,1,0,1,0,0,1,0,0,0,0,0,0,0,0,0,0,0,0,0,0,0,0,0,0,1,0,0,0,0812-WUPTB
0,35,85.95,3110.1,1,0.027635767338670784,8,0,0,0,1,0,1,0,0,0,1,0,0,0,1,0,1,0,1,0,1,1,0,1,1,0,0,0,1,0,3594-UVONA
0,4,73.9,280.85,1,0.26312978458251735,3,1,0,0,1,0,0,1,0,0,0,0,0,0,1,0,0,0,0,0,0,0,0,1,0,1,0,0,0,0,0004-TLHLJ
0,8,45.45,411.75,0,0.11038251366120219,2,0,1,1,1,0,0,0,0,0,0,0,0,0,0,0,0,0,0,0,0,0,0,1,0,1,0,0,0,0,1767-TGTKO
0,10,20.0,198.6,0,0.10070493454179255,1,1,0,0,1,0,0,0,1,1,0,1,0,1,0,1,0,1,0,1,0,0,0,1,1,0,0,0,0,0,8439-LTUGF
0,2,49.2,103.7,0,0.47444551591128253,3,0,0,0,1,0,0,0,0,0,0,0,1,0,0,0,0,0,0,0,0,0,0,0,0,0,1,0,0,0,8805-JNRAZ
0,58,109.45,6144.55,1,0.017812533057750365,8,0,1,0,1,0,1,1,0,0,1,0,1,0,1,0,0,0,1,0,1,0,1,1,0,0,0,0,0,1,5089-IFSDP
0,51,83.25,4089.45,0,0.020357260756336426,8,1,1,0,1,0,0,0,0,0,1,0,1,0,1,0,1,0,1,0,1,0,1,1,1,0,0,0,0,1,6418-HNFED
0,46,19.25,864.2,0,0.022274936357324693,1,0,1,1,1,0,0,0,1,1,0,1,0,1,0,1,0,1,0,1,0,0,1,1,0,0,1,0,1,0,0206-OYVOC
0,1,19.65,19.65,0,1.0,1,1,0,0,1,0,0,0,1,1,0,1,0,1,0,1,0,1,0,1,0,0,0,1,0,0,0,0,0,0,7291-CDTMJ
0,46,72.8,3249.4,0,0.022404136148211976,3,1,0,0,1,0,1,1,0,0,0,0,0,0,0,0,0,0,0,0,0,0,0,0,0,0,0,0,1,0,7128-GGCNO
0,50,109.65,5405.8,0,0.020283769284842205,8,0,1,0,1,0,1,1,0,0,1,0,1,0,0,0,1,0,1,0,1,0,0,1,0,0,0,0,0,1,0237-YFUTL
0,53,65.0,3363.8,0,0.019323384267792378,5,1,1,1,1,0,0,0,0,0,0,0,1,0,0,0,1,0,1,0,0,0,0,0,1,0,0,0,0,1,7691-KGKGP
0,61,114.1,7132.15,0,0.015997980973479247,8,1,1,0,1,0,1,1,0,0,0,0,1,0,1,0,1,0,1,0,1,0,0,1,0,1,0,0,0,1,6710-HSJRD
0,5,20.65,93.55,0,0.22073757349011222,1,1,0,0,1,0,0,0,1,1,0,1,0,1,0,1,0,1,0,1,0,0,0,0,0,0,0,0,0,0,3675-EQOZA
0,47,86.95,4138.9,0,0.021007997293966997,8,1,0,0,1,0,0,0,0,0,1,0,1,0,1,0,1,0,1,0,1,1,0,1,0,0,0,0,1,0,0840-DCNZE
0,54,94.75,5121.75,0,0.01849953629130668,6,0,0,0,1,0,1,1,0,0,0,0,1,0,1,0,0,0,1,0,0,1,0,1,0,0,0,0,0,1,1732-FEKLD
0,19,25.35,566.1,0,0.044780074191838895,1,1,0,1,0,1,0,0,0,0,0,0,0,0,0,0,0,0,0,0,0,0,0,1,1,0,0,1,0,0,9862-KJTYK
0,26,105.45,2715.3,0,0.03883548779140426,7,0,0,1,1,0,0,1,0,0,0,0,1,0,1,0,1,0,1,0,1,0,1,1,0,1,0,0,1,0,0479-HMSWA
0,70,25.4,1782.05,0,0.014253247664206952,2,1,1,1,1,0,1,0,1,1,0,1,0,1,0,1,0,1,0,1,0,0,1,0,0,0,1,0,0,1,5854-KSRBJ
0,17,102.55,1742.5,0,0.05885222381635581,7,1,1,0,1,0,1,1,0,0,0,0,1,0,1,0,0,0,1,0,1,0,0,1,0,1,0,1,0,0,0365-BZUWY
0,30,100.2,2983.8,1,0.033581339231852,6,0,0,0,1,0,1,1,0,0,0,0,1,0,0,0,0,0,1,0,1,0,0,1,0,1,0,0,1,0,4817-VYYWS
0,1,24.0,24.0,0,1.0,2,0,0,1,1,0,1,0,1,1,0,1,0,1,0,1,0,1,0,1,0,0,0,0,0,0,1,0,0,0,5701-SVCWR
0,19,25.6,485.9,0,0.052685737806132955,2,0,1,1,1,0,1,0,1,1,0,1,0,1,0,1,0,1,0,1,0,0,1,0,0,0,1,1,0,0,3129-AAQOU
0,26,73.5,1905.7,0,0.038568505011281944,6,0,1,0,1,0,0,0,0,0,0,0,1,0,1,0,0,0,1,0,1,0,1,1,1,0,0,0,1,0,4922-CVPDX
0,21,74.05,1565.7,1,0.04729513955419301,3,0,1,1,1,0,0,1,0,0,0,0,1,0,0,0,0,0,0,0,0,0,0,1,0,0,0,1,0,0,1396-QWFBJ
0,50,98.25,4858.7,0,0.020221458414802315,6,1,1,0,1,0,1,1,0,0,0,0,1,0,0,0,0,0,1,0,1,1,0,1,0,1,0,0,0,1,1357-BIJKI
0,68,54.4,3723.65,0,0.014609321499066776,5,0,1,0,0,1,0,0,0,0,1,0,0,0,1,0,0,0,1,0,1,1,0,1,0,1,0,0,0,1,1099-BTKWT
0,3,101.55,298.35,1,0.34037204625439915,6,1,0,0,1,0,1,1,0,0,0,0,0,0,1,0,0,0,1,0,1,0,0,1,0,0,0,0,0,0,5299-SJCZT
0,9,103.1,970.45,0,0.10623937348652686,6,1,1,1,1,0,0,1,0,0,0,0,0,0,1,0,1,0,1,0,1,0,0,0,0,1,0,0,0,0,2018-PZKMU
0,51,34.2,1782.0,0,0.019191919191919194,3,0,1,1,0,1,0,0,0,0,1,0,0,0,0,0,1,0,0,0,0,0,1,0,0,0,0,0,0,1,7340-KEFQE
0,9,43.75,405.7,0,0.10783830416563964,2,0,0,0,1,0,0,0,0,0,0,0,0,0,0,0,0,0,0,0,0,0,0,1,0,1,0,0,0,0,4570-QHXHL
1,41,111.95,4534.9,1,0.0246863216388454,8,1,1,1,1,0,1,1,0,0,0,0,1,0,1,0,1,0,1,0,1,1,0,1,0,1,0,0,1,0,2403-BCASL
0,22,100.65,2415.95,0,0.041660630393840936,6,1,0,0,1,0,1,1,0,0,0,0,1,0,0,0,0,0,1,0,1,0,0,1,0,1,0,1,0,0,7392-YYPYJ
0,21,55.95,1157.05,1,0.04835573225011884,5,0,1,1,0,1,0,0,0,0,1,0,0,0,1,0,0,0,1,0,1,1,0,1,0,1,0,1,0,0,2898-LSJGD
0,71,116.05,8297.5,0,0.013986140403736065,9,1,1,1,1,0,1,1,0,0,1,0,1,0,1,0,1,0,1,0,1,0,1,1,0,0,0,0,0,1,2223-GDSHL
0,1,45.75,45.75,1,1.0,2,1,0,0,1,0,0,0,0,0,0,0,0,0,0,0,0,0,0,0,0,0,0,0,0,1,0,0,0,0,7359-PTSXY
0,26,82.0,2083.1,0,0.039364408813787145,7,1,1,1,1,0,1,0,0,0,0,0,0,0,1,0,1,0,1,0,1,1,0,1,1,0,0,0,1,0,9470-RTWDV
0,71,65.15,4681.75,0,0.013915736636941315,6,1,1,0,1,0,1,0,0,0,1,0,1,0,0,0,1,0,0,0,0,0,1,0,0,0,0,0,0,1,2176-OSJUV
0,4,44.8,176.2,0,0.2542565266742338,2,1,0,0,1,0,0,0,0,0,0,0,0,0,0,0,0,0,0,0,0,0,0,1,1,0,0,0,0,0,9348-YVOMK
0,12,79.8,1001.2,0,0.07970435477427087,4,0,0,0,1,0,1,1,0,0,1,0,0,0,0,0,0,0,0,0,0,0,0,1,0,1,0,0,0,0,8104-OSKWT
0,18,88.85,1594.75,0,0.05571406176516695,5,0,1,0,1,0,1,1,0,0,0,0,0,0,0,0,1,0,1,0,0,0,0,1,0,1,0,1,0,0,4521-YEEHE
0,3,74.95,212.4,0,0.3528719397363465,3,0,0,0,1,0,1,1,0,0,0,0,0,0,0,0,0,0,0,0,0,0,0,1,0,1,0,0,0,0,4090-KPJIP
1,72,106.85,7677.4,0,0.013917472060853935,7,0,1,0,1,0,1,1,0,0,1,0,1,0,0,0,0,0,1,0,1,1,0,1,0,0,0,0,0,1,3786-WOVKF
0,11,74.95,815.5,1,0.09190680564071123,3,1,0,0,1,0,0,1,0,0,0,0,1,0,0,0,0,0,0,0,0,0,0,0,0,1,0,0,0,0,4503-BDXBD
0,1,80.15,80.15,1,1.0,3,0,0,0,1,0,0,1,0,0,0,0,0,0,0,0,0,0,0,0,1,0,0,0,1,0,0,0,0,0,6086-ESGRL
0,13,19.3,259.65,0,0.0743308299634123,1,1,0,0,1,0,0,0,1,1,0,1,0,1,0,1,0,1,0,1,0,1,0,0,1,0,0,1,0,0,2592-HODOV
0,72,109.25,8109.8,1,0.013471355643788995,8,0,1,0,1,0,1,1,0,0,0,0,1,0,1,0,1,0,1,0,1,1,0,1,0,1,0,0,0,1,3886-CERTZ
0,42,56.1,2386.85,0,0.02350378113413076,4,1,1,0,1,0,1,0,0,0,1,0,0,0,0,0,0,0,0,0,0,1,0,0,1,0,0,0,1,0,7995-ZHHNZ
0,17,19.7,340.35,0,0.05788159247833112,1,0,0,0,1,0,0,0,1,1,0,1,0,1,0,1,0,1,0,1,0,0,0,0,1,0,0,1,0,0,3824-RHKVR
1,7,51.3,419.35,0,0.12233218075593179,3,0,0,0,1,0,0,0,0,0,0,0,1,0,0,0,0,0,0,0,0,0,0,1,0,0,1,0,0,0,5816-SCGFC
0,68,118.6,7990.05,0,0.014843461555309415,9,0,1,0,1,0,1,1,0,0,1,0,1,0,1,0,1,0,1,0,1,0,1,0,0,0,1,0,0,1,5989-AXPUC
0,56,24.15,1402.25,0,0.017222321269388483,2,1,1,1,1,0,1,0,1,1,0,1,0,1,0,1,0,1,0,1,0,0,1,0,0,0,0,0,0,1,4979-HPRFL
0,38,20.3,749.35,0,0.0270901447921532,1,0,1,1,1,0,0,0,1,1,0,1,0,1,0,1,0,1,0,1,0,1,0,0,0,0,1,0,1,0,8590-OHDIW
0,72,115.5,8425.15,0,0.01370895473671092,9,0,1,1,1,0,1,1,0,0,1,0,1,0,1,0,1,0,1,0,1,0,1,1,0,1,0,0,0,1,8015-IHCGW
0,48,25.05,1171.5,0,0.021382842509603074,2,0,0,0,1,0,1,0,1,1,0,1,0,1,0,1,0,1,0,1,0,1,0,0,1,0,0,0,1,0,2332-TODQS
1,52,109.1,5647.95,0,0.019316743243123612,8,0,1,0,1,0,1,1,0,0,1,0,1,0,1,0,0,0,1,0,1,0,0,1,0,1,0,0,0,1,9278-VZKCD
0,35,19.65,708.8,0,0.02772291196388262,1,0,1,1,1,0,0,0,1,1,0,1,0,1,0,1,0,1,0,1,0,1,0,0,0,0,1,0,1,0,8008-OTEZX
0,67,111.3,7567.2,0,0.014708214398985094,8,1,1,0,1,0,1,1,0,0,0,0,1,0,1,0,1,0,1,0,1,0,1,1,0,0,0,0,0,1,2773-OVBPK
0,1,29.9,29.9,0,1.0,2,0,0,0,0,1,0,0,0,0,1,0,0,0,0,0,0,0,0,0,0,0,0,0,0,0,1,0,0,0,5999-LCXAO
0,53,80.6,4348.1,0,0.018536832179572683,4,1,0,0,1,0,0,1,0,0,0,0,1,0,0,0,1,0,0,0,0,0,0,1,0,0,1,0,0,1,5206-XZZQI
0,34,20.8,635.9,0,0.032709545526026104,1,1,1,1,1,0,0,0,1,1,0,1,0,1,0,1,0,1,0,1,0,0,0,0,0,0,1,0,1,0,4803-LBYPN
0,3,35.2,108.95,1,0.32308398347865996,2,0,0,0,0,1,0,0,0,0,0,0,0,0,0,0,0,0,1,0,0,0,0,0,1,0,0,0,0,0,5759-RCVCB
0,1,78.8,78.8,1,1.0,3,0,1,0,1,0,0,1,0,0,0,0,0,0,0,0,0,0,1,0,0,0,0,0,0,1,0,0,0,0,6372-RFVNS
0,19,89.95,1682.4,0,0.05346528768426058,5,1,0,0,1,0,0,1,0,0,0,0,0,0,1,0,1,0,1,0,0,0,0,0,0,0,1,1,0,0,2139-FQHLM
1,60,116.05,6925.9,0,0.01675594507573023,9,0,1,0,1,0,1,1,0,0,1,0,1,0,1,0,1,0,1,0,1,0,1,1,0,0,0,0,0,1,8261-GWDBQ
0,11,19.55,223.15,0,0.08760923145866009,1,1,0,0,1,0,0,0,1,1,0,1,0,1,0,1,0,1,0,1,0,0,1,0,1,0,0,0,0,0,1093-YSWCA
0,47,106.4,5127.95,1,0.020749032264355153,7,0,0,0,1,0,1,1,0,0,0,0,1,0,1,0,0,0,1,0,1,0,0,1,0,1,0,0,1,0,8938-UMKPI
0,18,49.4,874.8,1,0.05647005029721079,3,1,0,0,1,0,0,0,0,0,1,0,0,0,0,0,0,0,0,0,0,0,0,0,0,1,0,1,0,0,0991-BRRFB
0,60,115.25,6758.45,0,0.01705272658671737,9,0,1,1,1,0,1,1,0,0,1,0,1,0,1,0,1,0,1,0,1,0,1,0,1,0,0,0,0,1,3882-IYOIJ
0,72,24.8,1874.3,0,0.01323160646641413,2,1,1,0,1,0,1,0,1,1,0,1,0,1,0,1,0,1,0,1,0,0,1,0,1,0,0,0,0,1,8749-TZYEC
0,39,19.9,791.15,0,0.025153257915692347,1,1,0,0,1,0,0,0,1,1,0,1,0,1,0,1,0,1,0,1,0,1,0,0,0,0,1,0,1,0,1755-FZQEC
0,59,81.25,4639.45,0,0.017512851738891465,4,0,1,0,1,0,0,1,0,0,1,0,0,0,1,0,0,0,0,0,0,1,0,1,1,0,0,0,0,1,3115-JPJDD
0,2,69.95,143.9,0,0.48610145934676857,2,1,1,1,1,0,0,1,0,0,0,0,0,0,0,0,0,0,0,0,0,0,0,0,0,0,1,0,0,0,5600-KTXFM
1,1,69.1,69.1,1,1.0,2,1,0,0,1,0,0,1,0,0,0,0,0,0,0,0,0,0,0,0,0,0,0,0,0,1,0,0,0,0,3871-IKPYH
0,20,90.2,1776.55,1,0.050772564802566776,4,1,1,1,1,0,0,1,0,0,0,0,0,0,0,0,0,0,1,0,1,0,0,1,0,1,0,1,0,0,6319-IEJWJ
0,6,93.55,536.4,1,0.1744034302759135,5,0,0,0,1,0,1,1,0,0,0,0,0,0,0,0,0,0,1,0,1,0,0,1,0,0,0,0,0,0,9025-AOMKI
0,71,86.4,6172.0,0,0.013998703823720027,5,1,0,0,1,0,1,1,0,0,0,0,0,0,1,0,1,0,0,0,0,0,1,1,1,0,0,0,0,1,6339-TBELP
0,24,66.3,1559.45,0,0.04251498925903363,6,0,1,0,1,0,1,0,0,0,1,0,1,0,1,0,0,0,0,0,0,0,0,0,0,0,1,1,0,0,7964-YESJC
1,67,94.65,6079.0,0,0.015569995064977794,5,1,1,0,1,0,1,1,0,0,0,0,0,0,0,0,0,0,1,0,1,0,0,1,1,0,0,0,0,1,6173-GOLSU
0,1,80.85,80.85,1,1.0,3,1,0,0,1,0,0,1,0,0,0,0,0,0,0,0,0,0,0,0,1,0,0,1,0,0,1,0,0,0,5275-SQEIZ
0,48,82.05,4029.95,1,0.02036005409496396,4,0,1,1,1,0,1,1,0,0,0,0,0,0,0,0,0,0,0,0,1,1,0,1,0,0,1,0,1,0,7716-YTYHG
0,37,72.1,2658.4,0,0.027121576888353895,6,0,1,0,1,0,1,0,0,0,0,0,1,0,0,0,1,0,0,0,1,1,0,0,0,0,1,0,1,0,9938-ZREHM
0,11,34.7,383.55,0,0.09047060357189415,3,1,0,0,0,1,0,0,0,0,0,0,1,0,1,0,0,0,0,0,0,0,0,0,0,0,1,0,0,0,7950-XWOVN
0,3,20.55,51.15,1,0.4017595307917889,1,1,1,0,1,0,0,0,1,1,0,1,0,1,0,1,0,1,0,1,0,0,0,1,1,0,0,0,0,0,4390-KYULV
0,18,95.95,1745.5,0,0.05496992265826411,5,0,1,0,1,0,0,1,0,0,0,0,0,0,1,0,0,0,1,0,1,0,0,1,1,0,0,1,0,0,4647-MUZON
0,50,44.8,2230.85,0,0.02008203151265213,2,1,1,1,1,0,0,0,0,0,0,0,0,0,0,0,0,0,0,0,0,1,0,1,0,0,0,0,0,1,9702-AIUJO
0,67,109.4,7281.6,0,0.01502417051197539,8,0,1,1,1,0,1,1,0,0,1,0,0,0,1,0,1,0,1,0,1,1,0,1,0,1,0,0,0,1,8849-PRIQJ
0,25,71.05,1837.7,0,0.0386624585079175,6,0,1,0,1,0,0,0,0,0,1,0,1,0,0,0,1,0,0,0,1,0,0,1,0,0,1,0,1,0,8851-RAGOV
1,2,78.55,149.55,1,0.5252423938482113,4,0,0,0,1,0,1,1,0,0,0,0,0,0,1,0,0,0,0,0,0,0,0,1,0,1,0,0,0,0,1304-NECVQ
0,9,19.7,180.7,0,0.10902047592695074,1,1,0,0,1,0,0,0,1,1,0,1,0,1,0,1,0,1,0,1,0,0,0,0,1,0,0,0,0,0,5396-IZEPB
0,10,40.25,411.45,0,0.09782476607121157,4,0,0,1,0,1,0,0,0,0,1,0,1,0,0,0,1,0,0,0,0,1,0,0,0,0,1,0,0,0,1729-VLAZJ
0,70,19.85,1328.35,0,0.014943350773516018,1,0,1,0,1,0,0,0,1,1,0,1,0,1,0,1,0,1,0,1,0,0,1,0,1,0,0,0,0,1,8285-ABVLB
0,9,68.25,576.95,0,0.1182944795909524,6,1,0,0,1,0,0,0,0,0,1,0,0,0,1,0,1,0,0,0,1,0,0,1,0,0,0,0,0,0,0701-TJSEF
0,4,20.15,68.45,0,0.29437545653761865,1,0,0,0,1,0,0,0,1,1,0,1,0,1,0,1,0,1,0,1,0,0,0,1,1,0,0,0,0,0,5712-VBOXD
0,2,50.95,123.05,0,0.4140593254774482,3,0,0,0,1,0,0,0,0,0,1,0,0,0,0,0,0,0,0,0,0,0,0,0,0,0,1,0,0,0,6629-LADHQ
0,1,78.65,78.65,1,1.0,3,0,0,1,1,0,0,1,0,0,0,0,0,0,0,0,0,0,0,0,1,0,0,0,0,1,0,0,0,0,8945-GRKHX
0,19,25.15,468.35,0,0.053699156613643634,1,1,0,0,0,1,0,0,0,0,0,0,0,0,0,0,0,0,0,0,0,0,0,1,0,0,0,1,0,0,1559-DTODC
0,7,20.25,174.7,0,0.1159129937034917,1,1,1,1,1,0,0,0,1,1,0,1,0,1,0,1,0,1,0,1,0,0,0,1,0,0,0,0,0,0,4797-MIWUM
0,1,42.9,42.9,1,1.0,2,1,0,0,1,0,0,0,0,0,0,0,0,0,0,0,0,0,0,0,0,0,0,1,0,1,0,0,0,0,6959-UWKHF
1,1,44.0,44.0,0,1.0,2,1,0,0,1,0,0,0,0,0,0,0,0,0,0,0,0,0,0,0,0,0,0,0,0,1,0,0,0,0,8720-RQSBJ
0,9,20.25,172.35,0,0.1174934725848564,1,0,1,1,1,0,0,0,1,1,0,1,0,1,0,1,0,1,0,1,0,1,0,0,0,0,1,0,0,0,4537-CIBHB
0,3,34.25,139.35,1,0.24578399712952997,3,0,0,0,0,1,0,0,0,0,1,0,0,0,0,0,1,0,0,0,0,0,0,0,0,0,1,0,0,0,3815-SLMEF
0,9,58.5,539.85,1,0.10836343428730202,6,0,0,0,0,1,0,0,0,0,1,0,0,0,1,0,1,0,1,0,1,0,0,0,0,0,1,0,0,0,5154-VEKBL
0,5,55.8,300.4,0,0.18575233022636486,4,0,0,0,1,0,0,0,0,0,1,0,0,0,1,0,0,0,0,0,0,0,0,0,1,0,0,0,0,0,4324-AHJKS
0,56,88.9,4968.0,0,0.017894524959742353,4,0,1,1,1,0,0,1,0,0,0,0,0,0,0,0,0,0,1,0,1,1,0,0,0,0,0,0,0,1,4355-CVPVS
0,18,57.65,992.7,0,0.05807393976024982,4,0,0,1,1,0,1,0,0,0,1,0,0,0,0,0,0,0,0,0,0,0,0,0,0,0,1,1,0,0,4495-LHSSK
1,49,96.2,4718.25,1,0.020388915381762306,5,1,0,0,1,0,1,1,0,0,0,0,0,0,0,0,0,0,1,0,1,0,0,1,0,1,0,0,0,1,5655-JSMZM
0,70,79.15,5536.5,0,0.014296035401426896,8,1,1,0,1,0,1,0,0,0,1,0,1,0,1,0,1,0,1,0,0,0,1,0,0,0,1,0,0,1,5915-ANOEI
0,72,108.05,7806.6,0,0.013840852611892501,8,0,0,0,1,0,1,1,0,0,0,0,1,0,1,0,1,0,1,0,1,0,1,1,1,0,0,0,0,1,9861-PDSZP
1,6,74.4,434.1,1,0.1713890808569454,3,0,0,0,1,0,0,1,0,0,0,0,0,0,1,0,0,0,0,0,0,0,0,0,0,1,0,0,0,0,4505-EXZHB
1,17,94.8,1563.9,0,0.06061768655284864,5,1,1,0,1,0,1,1,0,0,0,0,0,0,0,0,0,0,1,0,1,0,0,1,0,1,0,1,0,0,7225-CBZPL
0,29,45.9,1332.4,0,0.034449114380066044,3,1,1,0,0,1,0,0,0,0,0,0,0,0,0,0,0,0,1,0,1,0,0,1,0,1,0,0,1,0,6704-UTUKK
0,6,105.3,545.2,1,0.19314013206162875,7,0,1,0,1,0,1,1,0,0,0,0,1,0,1,0,0,0,1,0,1,0,0,1,0,1,0,0,0,0,4587-VVTOX
0,63,102.6,6296.75,0,0.01629411998253067,6,1,1,0,1,0,1,1,0,0,0,0,0,0,1,0,0,0,1,0,1,0,1,0,0,1,0,0,0,1,2019-HDCZY
0,16,73.85,1284.2,1,0.057506618906712346,3,1,1,0,1,0,1,1,0,0,0,0,0,0,0,0,0,0,0,0,0,0,0,1,0,0,0,1,0,0,4652-NNHNY
0,59,61.35,3645.5,0,0.016828967219860103,4,1,0,0,1,0,0,0,0,0,0,0,0,0,1,0,0,0,0,0,1,1,0,1,0,0,0,0,0,1,8788-DOXSU
0,3,57.55,161.45,0,0.35645710746361103,4,0,0,0,1,0,0,0,0,0,0,0,0,0,1,0,0,0,1,0,0,0,0,0,0,1,0,0,0,0,7404-JLKQG
0,8,29.25,226.95,0,0.12888301387970919,2,0,0,0,0,1,0,0,0,0,0,0,1,0,0,0,0,0,0,0,0,0,0,1,0,0,1,0,0,0,7421-ZLUPA
1,7,84.55,646.85,1,0.1307103656179949,4,0,1,0,1,0,1,1,0,0,0,0,0,0,0,0,0,0,0,0,1,0,0,1,0,1,0,0,0,0,8972-HJWNV
0,68,19.6,1441.65,0,0.013595532896334061,1,0,0,0,1,0,0,0,1,1,0,1,0,1,0,1,0,1,0,1,0,0,1,0,1,0,0,0,0,1,3274-NSDWE
0,68,111.75,7511.3,0,0.01487758443944457,8,0,1,1,1,0,1,1,0,0,1,0,0,0,1,0,1,0,1,0,1,0,1,0,1,0,0,0,0,1,2632-IVXVF
1,52,106.5,5621.85,0,0.01894394194082019,7,0,1,0,1,0,1,1,0,0,0,0,1,0,1,0,0,0,1,0,1,1,0,1,0,1,0,0,0,1,3692-JHONH
0,72,107.7,7919.8,0,0.013598828253238718,8,1,1,1,1,0,1,1,0,0,1,0,1,0,0,0,1,0,1,0,1,0,1,1,1,0,0,0,0,1,8915-NNTRC
0,32,19.3,593.2,0,0.0325354012137559,1,0,1,0,1,0,0,0,1,1,0,1,0,1,0,1,0,1,0,1,0,1,0,0,0,0,1,0,1,0,5914-GXMDA
0,72,20.05,1423.65,0,0.014083517718540372,1,0,1,0,1,0,0,0,1,1,0,1,0,1,0,1,0,1,0,1,0,0,1,0,0,0,0,0,0,1,7463-IFMQU
0,1,69.95,69.95,0,1.0,2,1,1,1,1,0,0,1,0,0,0,0,0,0,0,0,0,0,0,0,0,0,0,1,1,0,0,0,0,0,2920-RNCEZ
0,42,63.7,2763.35,0,0.023051730689199704,5,1,1,1,1,0,0,0,0,0,1,0,0,0,0,0,1,0,0,0,1,1,0,0,1,0,0,0,1,0,2541-YGPKE
0,25,24.75,692.1,1,0.035760728218465536,2,0,0,0,1,0,1,0,1,1,0,1,0,1,0,1,0,1,0,1,0,0,1,0,1,0,0,0,1,0,8515-OCTJS
0,45,50.9,2298.55,0,0.022144395379695894,3,1,0,0,1,0,0,0,0,0,1,0,0,0,0,0,0,0,0,0,0,0,0,1,0,0,0,0,1,0,5382-TEMLV
0,43,60.4,2640.55,0,0.022874022457442578,6,0,1,1,0,1,0,0,0,0,1,0,0,0,1,0,1,0,1,0,1,1,0,1,1,0,0,0,1,0,3441-CGZJH
0,37,79.25,2911.8,0,0.027216841816058792,7,1,1,0,1,0,1,0,0,0,1,0,0,0,1,0,0,0,1,0,1,1,0,0,0,0,1,0,1,0,9592-ERDKV
1,20,85.8,1727.5,1,0.049667149059334295,4,0,0,0,1,0,1,1,0,0,0,0,0,0,0,0,0,0,0,0,1,0,0,1,1,0,0,1,0,0,2860-RANUS
0,4,24.45,86.6,1,0.2823325635103926,1,0,0,0,0,1,0,0,0,0,0,0,0,0,0,0,0,0,0,0,0,0,0,1,0,1,0,0,0,0,5261-QSHQM
0,63,110.1,6705.7,0,0.016418867530608287,8,1,1,0,1,0,0,1,0,0,1,0,1,0,1,0,1,0,1,0,1,0,1,1,1,0,0,0,0,1,4778-IZARL
0,3,90.7,237.65,0,0.38165369240479696,4,1,0,0,1,0,0,1,0,0,0,0,0,0,0,0,0,0,1,0,1,0,0,0,0,0,1,0,0,0,0432-CAJZV
0,66,25.3,1672.35,0,0.015128412114688912,2,1,1,1,1,0,1,0,1,1,0,1,0,1,0,1,0,1,0,1,0,0,1,1,1,0,0,0,0,1,7008-LZVOZ
0,28,105.7,2979.5,1,0.035475750964927,7,1,0,0,1,0,1,1,0,0,0,0,1,0,1,0,0,0,1,0,1,0,0,1,0,1,0,0,1,0,8868-WOZGU
1,8,85.2,695.75,0,0.12245777937477542,4,0,0,0,1,0,1,1,0,0,0,0,0,0,0,0,0,0,0,0,1,0,0,0,0,1,0,0,0,0,1200-TUZHR
0,71,24.35,1654.6,0,0.014716547806116283,2,1,0,1,1,0,1,0,1,1,0,1,0,1,0,1,0,1,0,1,0,0,1,0,0,0,1,0,0,1,9365-CSLBQ
0,1,24.25,24.25,1,1.0,1,1,0,0,0,1,0,0,0,0,0,0,0,0,0,0,0,0,0,0,0,0,0,1,0,1,0,0,0,0,1334-FJSVR
0,72,25.1,1857.85,0,0.013510240331566059,2,0,1,1,1,0,1,0,1,1,0,1,0,1,0,1,0,1,0,1,0,0,1,0,0,0,0,0,0,1,5884-FBCTL
1,16,54.55,825.1,0,0.0661131984001939,4,1,1,0,1,0,0,0,0,0,1,0,1,0,0,0,0,0,0,0,0,0,0,1,0,0,0,1,0,0,7130-CTCUS
0,66,96.6,6424.25,0,0.015036774720784527,7,1,1,0,1,0,1,1,0,0,1,0,1,0,1,0,1,0,0,0,0,0,1,0,0,0,1,0,0,1,6242-FEGFD
0,11,76.5,837.95,1,0.09129422996598842,3,0,0,0,1,0,1,1,0,0,0,0,0,0,0,0,0,0,0,0,0,0,0,1,0,1,0,0,0,0,7625-XCQRH
0,51,81.15,4126.2,0,0.019667005961901993,8,1,0,0,1,0,1,0,0,0,1,0,1,0,1,0,1,0,1,0,0,1,0,1,1,0,0,0,0,1,6194-HBGQN
0,8,38.5,330.8,0,0.1163845223700121,3,0,0,1,0,1,0,0,0,0,1,0,0,0,0,0,0,0,0,0,1,0,0,1,0,1,0,0,0,0,7634-WSWDB
0,14,92.9,1337.45,0,0.0694605405809563,4,1,0,0,1,0,0,1,0,0,0,0,0,0,0,0,0,0,1,0,1,0,0,1,0,1,0,1,0,0,6986-IXNDM
0,4,93.5,362.2,1,0.25814467145223635,6,0,0,0,1,0,1,1,0,0,0,0,1,0,0,0,1,0,0,0,1,0,0,1,0,1,0,0,0,0,1731-TVIUK
0,70,84.7,5991.05,0,0.01413775548526552,8,0,0,0,1,0,1,0,0,0,1,0,1,0,1,0,0,0,1,0,1,0,1,0,0,0,1,0,0,1,2987-BJXIK
0,70,66.0,4891.5,0,0.01349279362158847,6,0,0,1,1,0,1,0,0,0,1,0,1,0,0,0,1,0,0,0,0,0,1,0,0,1,0,0,0,1,9769-TSBZE
1,54,101.5,5373.1,1,0.018890398466434647,6,0,1,0,1,0,1,1,0,0,0,0,1,0,0,0,0,0,1,0,1,1,0,1,1,0,0,0,0,1,0406-BPDVR
0,28,74.9,2068.55,1,0.036208938628507895,3,1,0,1,1,0,0,1,0,0,1,0,0,0,0,0,0,0,0,0,0,0,0,1,0,0,0,0,1,0,0618-XWMSS
0,24,20.75,487.05,0,0.042603428806077405,1,1,0,0,1,0,0,0,1,1,0,1,0,1,0,1,0,1,0,1,0,0,1,0,0,0,1,1,0,0,1395-WSWXR
0,69,61.45,4131.2,0,0.014874612703330752,4,0,1,0,1,0,0,0,0,0,0,0,1,0,0,0,0,0,0,0,1,0,1,1,1,0,0,0,0,1,6023-GSSXW
0,42,54.5,2301.15,0,0.02368381026877865,4,1,1,1,1,0,0,0,0,0,1,0,1,0,0,0,0,0,0,0,0,0,0,0,0,0,1,0,1,0,6752-APNJL
1,2,69.6,131.65,1,0.5286745157614887,2,0,0,0,1,0,0,1,0,0,0,0,0,0,0,0,0,0,0,0,0,0,0,1,0,1,0,0,0,0,5276-KQWHG
1,39,99.75,4036.0,0,0.02471506442021804,6,0,0,0,1,0,1,1,0,0,0,0,0,0,1,0,0,0,1,0,1,0,0,1,0,1,0,0,1,0,0420-HLGXF
0,45,109.75,4900.65,0,0.022394988419903485,8,1,1,1,1,0,1,1,0,0,0,0,1,0,1,0,1,0,1,0,1,0,1,1,0,0,0,0,1,0,7446-KQISO
0,72,80.85,5727.45,0,0.014116229735746274,8,1,1,1,1,0,1,0,0,0,1,0,1,0,1,0,1,0,1,0,0,0,1,1,0,0,0,0,0,1,9823-EALYC
0,38,20.3,743.05,0,0.02731983042863872,1,0,0,0,1,0,0,0,1,1,0,1,0,1,0,1,0,1,0,1,0,0,1,0,0,0,1,0,1,0,0582-AVCLN
0,72,67.8,4804.65,0,0.014111329649402142,7,1,1,0,1,0,1,0,0,0,1,0,1,0,1,0,1,0,0,0,0,0,1,1,0,0,0,0,0,1,5803-NQJZO
0,1,24.05,24.05,1,1.0,2,1,0,0,1,0,1,0,1,1,0,1,0,1,0,1,0,1,0,1,0,0,0,1,0,0,1,0,0,0,2565-JSLRY
0,72,19.8,1414.65,0,0.013996394867988548,1,1,1,1,1,0,0,0,1,1,0,1,0,1,0,1,0,1,0,1,0,0,1,1,1,0,0,0,0,1,2607-DHDAK
0,55,25.7,1443.65,0,0.017802098846673362,2,1,1,0,1,0,1,0,1,1,0,1,0,1,0,1,0,1,0,1,0,0,1,0,0,0,0,0,0,1,1073-XXCZD
0,51,56.15,2898.95,0,0.01936908190896704,5,0,1,1,0,1,0,0,0,0,0,0,0,0,1,0,1,0,1,0,1,1,0,1,0,1,0,0,0,1,0743-HRVFF
0,63,86.7,5309.5,0,0.016329221207269987,8,1,0,0,1,0,0,0,0,0,1,0,1,0,1,0,1,0,1,0,1,0,1,1,0,0,0,0,0,1,4006-HKYHO
0,1,20.4,20.4,0,1.0,1,0,0,0,1,0,0,0,1,1,0,1,0,1,0,1,0,1,0,1,0,0,0,0,0,0,1,0,0,0,3727-JEZTU
0,23,19.65,451.55,0,0.0435167755508803,1,0,1,1,1,0,0,0,1,1,0,1,0,1,0,1,0,1,0,1,0,0,1,1,0,0,1,1,0,0,8143-ETQTI
0,1,50.55,50.55,1,1.0,3,0,0,0,1,0,0,0,0,0,0,0,1,0,0,0,0,0,0,0,0,0,0,0,0,1,0,0,0,0,6689-KXGBO
0,2,54.35,117.05,0,0.4643314822725331,4,0,0,0,1,0,1,0,0,0,0,0,0,0,0,0,1,0,0,0,0,0,0,1,0,0,1,0,0,0,9667-TKTVZ
1,52,108.1,5839.3,0,0.018512492935797098,8,0,0,0,1,0,1,1,0,0,1,0,1,0,1,0,0,0,1,0,1,0,0,0,1,0,0,0,0,1,3657-COGMW
0,36,54.45,1893.5,0,0.028756271454977556,4,0,0,0,1,0,1,0,0,0,1,0,0,0,0,0,0,0,0,0,0,1,0,0,0,0,1,0,1,0,8570-KLJYJ
0,1,45.35,45.35,0,1.0,2,0,0,0,1,0,0,0,0,0,0,0,0,0,0,0,0,0,0,0,0,0,0,0,0,0,1,0,0,0,7754-IXRMC
0,28,59.0,1654.45,0,0.035661398047689565,5,0,0,0,1,0,1,0,0,0,1,0,0,0,1,0,0,0,0,0,0,1,0,0,0,0,1,0,1,0,9473-CBZOP
0,7,69.45,477.05,0,0.14558222408552562,6,0,1,1,1,0,0,0,0,0,1,0,1,0,1,0,0,0,1,0,0,1,0,0,0,1,0,0,0,0,2969-WGHQO
0,14,100.55,1415.55,1,0.07103246088092967,6,1,0,0,1,0,1,1,0,0,0,0,1,0,0,0,0,0,1,0,1,0,0,1,0,1,0,1,0,0,6615-NGGZJ
1,72,64.95,4546.0,0,0.014287285525736913,7,1,1,0,0,1,0,0,0,0,1,0,1,0,1,0,1,0,1,0,1,0,1,1,1,0,0,0,0,1,4334-HOWRP
0,1,20.5,20.5,1,1.0,1,0,1,1,1,0,0,0,1,1,0,1,0,1,0,1,0,1,0,1,0,0,0,1,0,0,1,0,0,0,4255-DDUOU
0,10,18.85,163.2,0,0.11550245098039218,1,0,0,0,1,0,0,0,1,1,0,1,0,1,0,1,0,1,0,1,0,0,0,0,0,0,1,0,0,0,5863-OOKCL
0,42,19.8,849.9,0,0.023296858453935757,1,1,0,0,1,0,0,0,1,1,0,1,0,1,0,1,0,1,0,1,0,1,0,0,0,0,0,0,1,0,1686-STUHN
0,7,25.05,189.95,0,0.1318768096867597,1,0,0,0,0,1,0,0,0,0,0,0,0,0,0,0,0,0,0,0,0,0,0,0,0,0,0,0,0,0,1329-VHWNP
0,4,74.8,321.9,1,0.2323703013358186,3,1,0,0,1,0,0,1,0,0,0,0,0,0,1,0,0,0,0,0,0,0,0,1,0,0,0,0,0,0,2984-MIIZL
0,72,114.3,8058.55,0,0.014183693096152533,9,1,1,1,1,0,1,1,0,0,1,0,1,0,1,0,1,0,1,0,1,0,1,1,1,0,0,0,0,1,0266-GMEAO
0,20,24.45,482.8,1,0.05064208782104391,1,0,1,0,0,1,0,0,0,0,0,0,0,0,0,0,0,0,0,0,0,0,0,1,0,1,0,1,0,0,5590-YRFJT
0,63,109.2,7049.75,0,0.01548991098975141,8,1,0,0,1,0,0,1,0,0,1,0,1,0,1,0,1,0,1,0,1,0,1,0,1,0,0,0,0,1,5574-NXZIU
0,56,45.05,2560.1,0,0.017596968868403576,5,0,0,0,0,1,0,0,0,0,1,0,1,0,1,0,1,0,0,0,0,0,1,0,0,0,0,0,0,1,0019-GFNTW
0,5,51.0,286.8,0,0.17782426778242677,3,0,0,1,1,0,0,0,0,0,0,0,0,0,0,0,1,0,0,0,0,0,0,1,0,0,1,0,0,0,4256-ZWTZI
0,72,110.45,7982.5,0,0.013836517381772629,8,0,1,0,1,0,1,1,0,0,0,0,1,0,1,0,1,0,1,0,1,0,1,1,0,0,0,0,0,1,8309-PPCED
1,68,84.65,5683.6,0,0.014893729326483215,5,1,1,1,1,0,1,1,0,0,0,0,1,0,1,0,0,0,0,0,0,0,0,1,0,1,0,0,0,1,4098-NAUKP
0,67,60.05,3994.05,0,0.015034864360736594,5,1,1,1,1,0,0,0,0,0,1,0,1,0,0,0,1,0,0,0,0,1,0,0,0,0,1,0,0,1,5196-WPYOW
0,8,44.65,369.15,0,0.12095354192062847,2,1,1,1,1,0,0,0,0,0,0,0,0,0,0,0,0,0,0,0,0,0,0,0,0,0,0,0,0,0,4608-LCIMN
0,52,93.25,4631.7,0,0.020132996523954488,6,1,1,1,1,0,1,1,0,0,0,0,1,0,0,0,1,0,0,0,1,0,0,1,0,0,0,0,0,1,1485-YDHMM
0,18,20.25,401.95,0,0.050379400422938175,1,0,1,1,1,0,0,0,1,1,0,1,0,1,0,1,0,1,0,1,0,0,0,1,0,0,1,1,0,0,4054-CUMIA
0,59,25.45,1534.05,0,0.01659007203155047,2,0,1,1,1,0,1,0,1,1,0,1,0,1,0,1,0,1,0,1,0,0,1,0,0,0,1,0,0,1,0603-TPMIB
0,60,20.6,1093.0,0,0.018847209515096067,1,0,0,0,1,0,0,0,1,1,0,1,0,1,0,1,0,1,0,1,0,0,1,0,0,0,1,0,0,1,2525-GVKQU
0,7,94.1,701.3,0,0.13417938114929417,5,1,0,0,1,0,1,1,0,0,0,0,0,0,0,0,0,0,1,0,1,0,0,1,0,1,0,0,0,0,8161-QYMTT
0,59,34.8,1980.3,0,0.017573094985608242,3,1,1,1,0,1,0,0,0,0,1,0,0,0,1,0,0,0,0,0,0,1,0,0,0,0,1,0,0,1,9581-GVBXT
0,46,60.75,2893.4,0,0.020996059998617544,6,1,0,0,0,1,0,0,0,0,1,0,0,0,1,0,1,0,1,0,1,0,1,1,0,0,0,0,1,0,5862-BRIXZ
0,5,51.35,262.3,0,0.1957682043461685,3,1,0,0,1,0,0,0,0,0,0,0,1,0,0,0,0,0,0,0,0,0,0,1,0,1,0,0,0,0,5404-GGUKR
1,59,64.05,3886.85,0,0.016478639515288728,6,1,1,0,0,1,0,0,0,0,1,0,0,0,1,0,1,0,1,0,1,0,1,1,1,0,0,0,0,1,3308-JSGML
0,70,84.8,5917.55,0,0.014330254919688045,8,0,1,0,1,0,1,0,0,0,0,0,1,0,1,0,1,0,1,0,1,0,1,1,0,0,0,0,0,1,2126-GSEGL
0,14,71.0,914.0,1,0.07768052516411379,2,0,0,0,1,0,0,1,0,0,0,0,0,0,0,0,0,0,0,0,0,0,0,1,1,0,0,1,0,0,3677-TNKIO
0,44,50.15,2139.1,0,0.023444439250151935,3,0,0,0,1,0,1,0,0,0,0,0,0,0,0,0,0,0,0,0,0,0,0,1,0,0,1,0,1,0,0440-QEXBZ
0,64,94.6,5948.7,0,0.015902634188982467,6,0,1,0,1,0,1,1,0,0,1,0,0,0,1,0,0,0,1,0,0,0,1,1,1,0,0,0,0,1,2434-EEVDB
0,58,59.75,3624.35,0,0.01648571467987363,6,0,1,1,0,1,0,0,0,0,1,0,0,0,1,0,1,0,1,0,1,0,1,0,0,0,1,0,0,1,6762-QVYJO
1,46,100.25,4753.85,0,0.02108817064063864,6,0,1,0,1,0,1,1,0,0,0,0,0,0,0,0,1,0,1,0,1,1,0,0,0,1,0,0,1,0,6199-IWKGC
1,58,98.9,5780.7,0,0.017108654661200203,6,1,1,0,1,0,1,1,0,0,0,0,1,0,0,0,0,0,1,0,1,0,0,1,0,1,0,0,0,1,2675-DHUTR
0,72,97.7,6869.7,0,0.014221872861988151,6,0,1,0,1,0,1,1,0,0,0,0,1,0,0,0,0,0,1,0,1,0,1,1,1,0,0,0,0,1,8152-VETUR
1,30,40.3,1172.95,1,0.034357815763672785,3,0,0,0,0,1,0,0,0,0,0,0,0,0,1,0,0,0,1,0,0,0,0,1,0,1,0,0,1,0,9667-EQRXU
1,11,60.25,662.95,0,0.09088166528395807,5,1,0,0,1,0,1,0,0,0,1,0,1,0,0,0,0,0,0,0,0,0,0,0,0,0,0,0,0,0,7446-YPODE
1,34,56.25,1765.95,0,0.03185254395651066,5,0,0,0,0,1,0,0,0,0,0,0,1,0,1,0,0,0,1,0,1,0,0,1,0,1,0,0,1,0,9522-BNTHX
0,54,46.2,2431.95,0,0.018997101091716526,4,1,0,0,0,1,0,0,0,0,1,0,1,0,0,0,0,0,0,0,1,0,1,0,0,0,0,0,0,1,4676-WLUHT
0,3,50.6,155.35,1,0.3257161248793048,4,0,0,0,0,1,0,0,0,0,0,0,1,0,0,0,0,0,1,0,1,0,0,1,0,1,0,0,0,0,3329-WDIOK
0,72,24.9,1859.2,0,0.013392857142857142,2,0,1,1,1,0,1,0,1,1,0,1,0,1,0,1,0,1,0,1,0,0,1,0,0,0,1,0,0,1,7980-MHFLQ
0,40,84.85,3303.05,1,0.02568837892251101,5,0,1,1,1,0,1,1,0,0,0,0,0,0,1,0,1,0,0,0,0,0,0,1,0,1,0,0,1,0,2873-ZLIWT
0,2,65.7,134.35,1,0.48902121324897657,4,0,1,1,1,0,0,0,0,0,0,0,0,0,0,0,0,0,1,0,1,0,0,0,0,0,1,0,0,0,3415-TAILE
0,54,63.35,3409.1,0,0.018582617113021033,5,1,1,1,1,0,1,0,0,0,0,0,0,0,1,0,0,0,0,0,1,0,1,0,1,0,0,0,0,1,0757-WCUUZ
0,14,50.1,709.5,0,0.07061310782241015,3,0,0,0,1,0,0,0,0,0,1,0,0,0,0,0,0,0,0,0,0,0,0,0,0,0,0,1,0,0,1629-DQQVB
0,1,70.5,70.5,1,1.0,2,0,0,0,1,0,0,1,0,0,0,0,0,0,0,0,0,0,0,0,0,0,0,0,0,1,0,0,0,0,1915-IOFGU
0,10,94.85,953.45,1,0.09948083276522103,6,0,0,0,1,0,1,1,0,0,0,0,1,0,1,0,0,0,0,0,1,0,0,1,0,1,0,0,0,0,3045-XETSH
0,1,50.15,50.15,0,1.0,3,0,0,0,1,0,0,0,0,0,1,0,0,0,0,0,0,0,0,0,0,0,0,0,0,1,0,0,0,0,0374-AACSZ
0,1,19.75,19.75,1,1.0,1,1,0,0,1,0,0,0,1,1,0,1,0,1,0,1,0,1,0,1,0,0,0,0,0,0,1,0,0,0,7239-HZZCX
0,56,64.65,3665.55,0,0.017637189507713712,6,1,0,0,1,0,1,0,0,0,1,0,1,0,0,0,1,0,0,0,0,1,0,1,0,0,0,0,0,1,4872-VXRIL
0,68,79.6,5515.8,0,0.014431270169331736,7,0,1,0,1,0,0,0,0,0,1,0,1,0,0,0,1,0,1,0,1,0,1,1,0,0,0,0,0,1,9140-CZQZZ
0,14,19.5,272.0,0,0.07169117647058823,1,0,1,1,1,0,0,0,1,1,0,1,0,1,0,1,0,1,0,1,0,1,0,1,0,0,1,1,0,0,3423-HHXAO
0,68,99.55,6668.0,0,0.014929514097180564,6,1,1,1,1,0,0,1,0,0,1,0,0,0,0,0,1,0,1,0,1,0,1,1,0,1,0,0,0,1,9938-TKDGL
1,55,74.0,4052.4,0,0.018260783733096437,3,1,1,0,1,0,1,1,0,0,0,0,0,0,0,0,0,0,0,0,0,0,0,1,0,1,0,0,0,1,0531-ZZJWQ
0,16,38.9,664.4,0,0.058549066827212524,3,0,0,0,0,1,0,0,0,0,1,0,0,0,0,0,0,0,1,0,0,0,0,1,0,1,0,1,0,0,6537-QLGEX
1,9,79.55,718.55,0,0.11070906687078144,3,1,0,0,1,0,0,1,0,0,0,0,0,0,0,0,0,0,0,0,1,0,0,1,0,1,0,0,0,0,2688-BHGOG
0,14,65.45,937.6,1,0.06980588737201365,5,1,1,1,1,0,0,0,0,0,1,0,1,0,0,0,0,0,1,0,0,0,0,1,0,1,0,1,0,0,7683-CBDKJ
1,58,98.7,5812.6,1,0.016980353026184496,6,1,1,0,1,0,1,1,0,0,0,0,0,0,1,0,0,0,1,0,1,0,0,1,0,1,0,0,0,1,0946-CLJTI
0,53,46.3,2546.85,0,0.01817931955160296,4,1,0,0,0,1,0,0,0,0,1,0,1,0,0,0,0,0,0,0,1,0,0,1,0,0,0,0,0,1,3160-TYXLT
0,70,99.35,6944.5,0,0.014306285549715601,7,1,1,0,1,0,1,1,0,0,1,0,1,0,1,0,0,0,1,0,0,0,1,1,1,0,0,0,0,1,1325-USMEC
1,14,95.8,1346.3,0,0.07115798856124192,5,0,1,1,1,0,1,1,0,0,0,0,0,0,0,0,0,0,1,0,1,0,0,1,0,1,0,1,0,0,0916-QOFDP
0,22,67.5,1544.05,1,0.043716200900229915,6,1,1,1,1,0,0,0,0,0,1,0,0,0,1,0,1,0,1,0,0,1,0,1,0,0,0,1,0,0,0628-CNQRM
0,10,78.15,765.15,0,0.10213683591452657,4,0,1,0,1,0,1,1,0,0,1,0,0,0,0,0,0,0,0,0,0,0,0,1,1,0,0,0,0,0,5606-AMZBO
0,29,26.1,692.55,0,0.03768680961663418,2,0,1,1,1,0,1,0,1,1,0,1,0,1,0,1,0,1,0,1,0,0,1,0,0,0,1,0,1,0,6199-IPCAO
0,1,69.6,69.6,1,1.0,2,0,0,0,1,0,0,1,0,0,0,0,0,0,0,0,0,0,0,0,0,0,0,1,0,1,0,0,0,0,7665-TOALD
0,49,84.35,4059.35,1,0.020779188786382054,8,1,1,0,1,0,1,0,0,0,1,0,0,0,1,0,1,0,1,0,1,1,0,0,0,1,0,0,0,1,0112-QWPNC
1,68,100.2,6851.65,1,0.014624214605241074,6,0,1,0,1,0,1,1,0,0,0,0,1,0,0,0,0,0,1,0,1,0,0,1,0,1,0,0,0,1,0324-BRPCJ
0,1,78.05,78.05,1,1.0,3,0,0,0,1,0,0,1,0,0,0,0,0,0,0,0,0,0,1,0,0,0,0,0,0,1,0,0,0,0,2777-PHDEI
0,30,40.35,1187.05,0,0.03399182848237227,3,0,0,0,0,1,0,0,0,0,0,0,0,0,0,0,1,0,0,0,1,1,0,1,1,0,0,0,1,0,5640-CAXOA
0,72,79.2,5401.9,0,0.014661507987930174,8,0,1,0,1,0,1,0,0,0,1,0,1,0,1,0,1,0,1,0,0,0,1,0,1,0,0,0,0,1,2235-EZAIK
0,10,20.9,247.0,0,0.0846153846153846,1,0,0,0,1,0,0,0,1,1,0,1,0,1,0,1,0,1,0,1,0,0,0,1,0,0,1,0,0,0,3847-BAERP
0,7,73.6,520.0,1,0.14153846153846153,3,1,0,0,1,0,1,1,0,0,0,0,0,0,0,0,0,0,0,0,0,0,0,0,0,1,0,0,0,0,1196-AMORA
0,9,74.75,706.6,1,0.10578828191338806,3,0,0,0,1,0,1,1,0,0,0,0,0,0,0,0,0,0,0,0,0,0,0,1,0,1,0,0,0,0,4282-YMKNA
0,1,49.9,49.9,0,1.0,3,0,0,1,1,0,0,0,0,0,1,0,0,0,0,0,0,0,0,0,0,0,0,0,0,0,1,0,0,0,1453-RZFON
0,20,68.9,1370.35,0,0.05027912577078849,6,0,0,0,1,0,1,0,0,0,0,0,1,0,0,0,1,0,0,0,1,0,0,1,1,0,0,1,0,0,8263-OKETD
0,1,20.25,20.25,0,1.0,1,0,0,0,1,0,0,0,1,1,0,1,0,1,0,1,0,1,0,1,0,0,0,1,0,0,1,0,0,0,0670-KDOMA
0,29,76.0,2215.25,0,0.034307640221193994,3,0,0,0,1,0,1,1,0,0,0,0,0,0,0,0,0,0,0,0,0,0,0,1,1,0,0,0,1,0,2476-YGEFM
0,1,74.0,74.0,0,1.0,3,1,0,0,1,0,0,1,0,0,0,0,0,0,0,0,1,0,0,0,0,0,0,0,0,1,0,0,0,0,8687-BAFGU
0,3,82.3,214.4,0,0.38386194029850745,4,1,0,0,1,0,0,1,0,0,1,0,0,0,0,0,1,0,0,0,0,0,0,1,0,0,1,0,0,0,0641-EVBOJ
0,20,89.4,1871.15,0,0.04777810437431526,5,0,0,0,1,0,0,1,0,0,1,0,0,0,1,0,0,0,1,0,0,0,0,1,0,0,0,1,0,0,0829-XXPLX
0,64,99.15,6171.2,0,0.01606656728026964,6,1,0,1,1,0,0,1,0,0,0,0,1,0,0,0,1,0,1,0,1,0,0,1,1,0,0,0,0,1,9974-JFBHQ
0,1,20.2,20.2,1,1.0,1,1,0,0,1,0,0,0,1,1,0,1,0,1,0,1,0,1,0,1,0,0,0,1,0,0,1,0,0,0,5356-RHIPP
0,6,29.45,161.45,0,0.18240941467946734,2,0,0,0,0,1,0,0,0,0,1,0,0,0,0,0,0,0,0,0,0,0,0,0,0,0,0,0,0,0,6624-JDRDS
0,50,19.8,1013.2,0,0.01954204500592183,1,1,1,0,1,0,0,0,1,1,0,1,0,1,0,1,0,1,0,1,0,0,1,0,0,1,0,0,0,1,0608-JDVEC
0,6,59.15,336.7,0,0.17567567567567569,4,1,0,0,1,0,0,0,0,0,1,0,0,0,0,0,0,0,0,0,1,0,0,1,0,0,0,0,0,0,9780-FKVVF
0,7,44.75,333.65,0,0.13412258354563167,2,1,1,1,1,0,0,0,0,0,0,0,0,0,0,0,0,0,0,0,0,0,0,0,0,1,0,0,0,0,1919-RTPQD
0,72,90.8,6511.8,0,0.013943917196474092,5,1,1,1,1,0,1,1,0,0,0,0,0,0,1,0,0,0,0,0,1,0,1,1,1,0,0,0,0,1,5214-NLTIT
0,8,49.55,393.45,0,0.12593722201042062,3,1,1,0,1,0,0,0,0,0,0,0,1,0,0,0,0,0,0,0,0,0,0,1,0,0,0,0,0,0,3345-PBBFH
0,67,106.7,7009.5,0,0.015222198444967545,7,0,1,1,1,0,1,1,0,0,1,0,0,0,0,0,1,0,1,0,1,0,1,0,1,0,0,0,0,1,5055-BRMNE
1,24,93.55,2264.05,1,0.041319758839248245,5,0,1,0,1,0,1,1,0,0,0,0,0,0,0,0,0,0,1,0,1,0,0,1,0,1,0,1,0,0,9189-JWSHV
0,72,94.45,6921.7,0,0.01364549171446321,6,0,1,0,1,0,1,1,0,0,1,0,1,0,0,0,0,0,0,0,1,0,1,1,1,0,0,0,0,1,2190-PHBHR
0,33,19.45,600.25,0,0.03240316534777176,1,1,1,1,1,0,0,0,1,1,0,1,0,1,0,1,0,1,0,1,0,1,0,1,0,0,0,0,1,0,2650-GYRYL
0,2,25.05,56.35,1,0.4445430346051464,1,1,0,0,0,1,0,0,0,0,0,0,0,0,0,0,0,0,0,0,0,0,0,1,0,1,0,0,0,0,0746-JTRFU
0,70,67.95,4664.15,0,0.014568570907882467,6,1,1,0,1,0,0,0,0,0,1,0,1,0,0,0,1,0,0,0,1,0,1,0,0,0,1,0,0,1,5208-FVQKB
0,22,65.25,1441.8,0,0.04525593008739076,5,0,0,0,1,0,0,0,0,0,0,0,1,0,1,0,0,0,1,0,0,1,0,0,0,0,0,1,0,0,7184-LRUUR
0,59,99.45,5623.7,0,0.017684086988993014,7,0,0,0,1,0,1,1,0,0,1,0,1,0,1,0,0,0,0,0,1,0,0,1,0,0,0,0,0,1,6627-CFOSN
0,36,20.35,695.85,0,0.02924480850758066,1,1,0,0,1,0,0,0,1,1,0,1,0,1,0,1,0,1,0,1,0,1,0,1,1,0,0,0,1,0,3982-JGSFD
0,51,19.95,1028.75,0,0.01939246658566221,1,0,1,1,1,0,0,0,1,1,0,1,0,1,0,1,0,1,0,1,0,0,1,0,0,0,1,0,0,1,1574-DYCWE
0,53,77.4,4155.95,0,0.01862390067252975,7,1,1,0,1,0,1,0,0,0,1,0,0,0,1,0,1,0,1,0,0,1,0,0,0,0,0,0,0,1,7247-XOZPB
0,20,19.7,395.6,0,0.04979777553083923,1,0,1,1,1,0,0,0,1,1,0,1,0,1,0,1,0,1,0,1,0,1,0,0,0,0,0,1,0,0,2466-FCCPT
0,63,99.7,6330.4,0,0.015749399721976497,6,1,1,0,1,0,0,1,0,0,1,0,0,0,1,0,0,0,1,0,1,0,1,0,1,0,0,0,0,1,6211-WWLTF
0,40,74.8,2971.7,0,0.025170777669347513,3,0,0,0,1,0,0,1,0,0,0,0,1,0,0,0,0,0,0,0,0,0,0,0,1,0,0,0,1,0,4826-TZEVA
0,35,19.15,638.0,0,0.03001567398119122,1,1,0,0,1,0,0,0,1,1,0,1,0,1,0,1,0,1,0,1,0,1,0,1,0,0,1,0,1,0,6016-NXBNJ
0,26,78.95,2034.25,0,0.03881037237311048,3,1,1,1,1,0,0,1,0,0,0,0,0,0,0,0,0,0,0,0,1,1,0,0,0,0,0,0,1,0,9138-EFSMO
1,27,95.55,2510.2,1,0.038064696040156165,6,1,1,0,1,0,1,1,0,0,0,0,1,0,1,0,0,0,0,0,1,0,0,1,0,1,0,0,1,0,0576-WNXXC
0,53,62.85,3419.5,0,0.01837988009942974,5,1,0,1,1,0,0,0,0,0,1,0,1,0,0,0,1,0,0,0,0,1,0,0,1,0,0,0,0,1,4632-XJMEX
1,34,71.55,2427.35,0,0.029476589696582692,2,1,1,0,1,0,0,1,0,0,0,0,0,0,0,0,0,0,0,0,0,0,0,0,1,0,0,0,1,0,8910-LEDAG
1,19,94.95,1760.25,0,0.05394120153387303,5,0,1,0,1,0,1,1,0,0,0,0,0,0,0,0,0,0,1,0,1,0,0,1,0,1,0,1,0,0,3452-GWUIN
0,43,86.1,3551.65,0,0.02424225360043923,5,1,1,0,1,0,0,1,0,0,1,0,1,0,1,0,0,0,0,0,0,0,0,1,1,0,0,0,1,0,2716-GFZOR
0,6,19.55,122.9,0,0.15907241659886087,1,1,1,1,1,0,0,0,1,1,0,1,0,1,0,1,0,1,0,1,0,0,0,0,0,0,1,0,0,0,3724-UCSHY
0,56,24.8,1424.2,0,0.01741328465103216,2,1,0,1,1,0,1,0,1,1,0,1,0,1,0,1,0,1,0,1,0,0,1,1,0,0,1,0,0,1,8626-XHBIE
0,57,39.3,2111.45,1,0.018612801629212153,3,1,0,0,0,1,0,0,0,0,0,0,1,0,0,0,0,0,1,0,0,0,0,1,0,1,0,0,0,1,4628-CTTLA
0,34,84.05,2909.95,0,0.028883657794807473,4,1,1,1,1,0,0,1,0,0,0,0,0,0,1,0,0,0,1,0,0,0,0,1,0,0,1,0,1,0,3192-LNKRK
0,10,36.25,374.0,0,0.09692513368983957,3,0,0,0,0,1,0,0,0,0,0,0,1,0,0,0,1,0,0,0,0,0,0,0,0,1,0,0,0,0,4439-YRNVD
0,1,20.25,20.25,1,1.0,1,0,0,0,1,0,0,0,1,1,0,1,0,1,0,1,0,1,0,1,0,0,0,1,0,0,1,0,0,0,2876-VBBBL
0,13,23.9,300.8,1,0.07945478723404255,1,0,0,0,0,1,0,0,0,0,0,0,0,0,0,0,0,0,0,0,0,0,0,1,0,1,0,1,0,0,6834-NXDCA
0,56,98.6,5581.05,0,0.017666926474408935,6,1,0,0,1,0,1,1,0,0,0,0,1,0,0,0,0,0,1,0,1,0,0,0,0,1,0,0,0,1,2208-UGTGR
0,55,103.65,5676.65,0,0.018259008394035218,7,0,1,0,1,0,1,1,0,0,0,0,1,0,1,0,0,0,1,0,1,0,0,1,1,0,0,0,0,1,3005-TYFRD
0,36,92.9,3379.25,0,0.027491307242731376,9,0,1,1,1,0,1,0,0,0,1,0,1,0,1,0,1,0,1,0,1,0,1,1,1,0,0,0,1,0,8670-MEFCP
0,47,19.9,942.95,0,0.021103982183572827,1,1,1,0,1,0,0,0,1,1,0,1,0,1,0,1,0,1,0,1,0,1,0,0,0,0,0,0,1,0,3079-BCHLN
0,12,20.1,232.4,0,0.08648881239242685,1,0,1,1,1,0,0,0,1,1,0,1,0,1,0,1,0,1,0,1,0,0,0,1,1,0,0,0,0,0,7777-UNYHB
0,1,85.45,85.45,1,1.0,4,0,0,0,1,0,0,1,0,0,0,0,0,0,1,0,0,0,1,0,0,0,0,1,0,1,0,0,0,0,5597-GLBUC
1,24,80.5,2088.45,0,0.03854533266297973,4,1,0,0,1,0,1,1,0,0,0,0,1,0,0,0,0,0,0,0,0,0,0,1,0,1,0,1,0,0,7278-CKDNC
0,63,99.9,6137.0,1,0.016278311878768128,6,0,0,0,1,0,1,1,0,0,0,0,1,0,0,0,0,0,1,0,1,1,0,0,0,0,0,0,0,1,2748-MYRVK
1,35,39.85,1434.6,0,0.02777777777777778,3,0,0,0,0,1,0,0,0,0,0,0,0,0,1,0,0,0,1,0,0,0,0,1,0,1,0,0,1,0,8450-UYIBU
0,67,60.5,3870.0,0,0.015633074935400518,5,0,0,0,1,0,0,0,0,0,1,0,1,0,0,0,1,0,0,0,0,1,0,0,1,0,0,0,0,1,2969-VAPYH
0,25,84.8,2043.45,1,0.04149844625510778,4,1,0,0,1,0,1,1,0,0,0,0,0,0,0,0,0,0,0,0,1,0,0,1,0,1,0,0,1,0,4822-YCXMX
0,21,103.85,2215.0,0,0.046884875846501126,7,1,0,0,1,0,1,1,0,0,1,0,0,0,1,0,0,0,1,0,1,0,0,0,0,0,1,1,0,0,7181-OQCUT
0,13,67.8,842.25,0,0.08049866429207479,6,0,0,0,1,0,0,0,0,0,1,0,1,0,0,0,1,0,0,0,1,0,0,0,0,0,0,1,0,0,8474-UMLNT
0,35,75.2,2576.2,1,0.029190280257743968,3,1,1,0,1,0,1,1,0,0,0,0,0,0,0,0,0,0,0,0,0,0,0,1,0,1,0,0,1,0,9821-POOTN
1,71,24.85,1901.0,0,0.013072067332982641,2,1,1,0,1,0,1,0,1,1,0,1,0,1,0,1,0,1,0,1,0,0,1,0,0,0,0,0,0,1,3836-FZSDJ
0,29,19.35,601.6,0,0.032164228723404256,1,0,0,0,1,0,0,0,1,1,0,1,0,1,0,1,0,1,0,1,0,0,0,0,1,0,0,0,1,0,9142-XMYJH
0,71,49.35,3515.25,1,0.014038830808619587,4,1,1,0,0,1,0,0,0,0,0,0,1,0,0,0,0,0,1,0,1,0,1,0,0,1,0,0,0,1,6559-ILWKJ
1,7,89.0,605.45,0,0.14699810058634072,4,1,1,0,1,0,0,1,0,0,0,0,0,0,0,0,0,0,1,0,1,0,0,1,0,1,0,0,0,0,0187-QSXOE
1,57,55.0,3094.05,0,0.017776054039204278,5,0,0,0,0,1,0,0,0,0,0,0,1,0,1,0,0,0,1,0,1,0,0,1,0,1,0,0,0,1,7733-UDMTP
0,65,76.15,4929.55,0,0.015447657494091754,7,1,1,0,1,0,1,0,0,0,1,0,0,0,1,0,1,0,0,0,1,0,1,0,0,0,0,0,0,1,2649-HWLYB
0,27,20.3,595.05,0,0.034114780270565505,1,1,0,0,1,0,0,0,1,1,0,1,0,1,0,1,0,1,0,1,0,1,0,0,0,0,1,0,1,0,5214-CHIWJ
0,6,74.9,469.8,1,0.15942954448701577,3,1,0,0,1,0,1,1,0,0,0,0,0,0,0,0,0,0,0,0,0,0,0,1,0,1,0,0,0,0,4229-CZMLL
1,72,117.35,8436.25,0,0.013910208919839975,9,0,0,0,1,0,1,1,0,0,1,0,1,0,1,0,1,0,1,0,1,0,1,1,1,0,0,0,0,1,6904-JLBGY
0,1,19.75,19.75,0,1.0,1,1,0,0,1,0,0,0,1,1,0,1,0,1,0,1,0,1,0,1,0,0,0,1,0,0,1,0,0,0,2465-BLLEU
0,11,45.2,492.0,0,0.091869918699187,2,1,0,0,1,0,0,0,0,0,0,0,0,0,0,0,0,0,0,0,0,0,0,0,1,0,0,0,0,0,1685-VAYJF
0,39,25.2,987.95,0,0.025507363732982437,2,1,1,1,1,0,1,0,1,1,0,1,0,1,0,1,0,1,0,1,0,0,1,0,0,0,1,0,1,0,8874-EJNSR
1,59,89.75,5496.9,0,0.01632738452582365,6,0,0,0,1,0,1,1,0,0,1,0,1,0,1,0,0,0,0,0,0,0,0,1,0,1,0,0,0,1,6917-YACBP
0,26,75.0,1908.35,0,0.03930096680378337,6,1,0,0,1,0,0,0,0,0,1,0,0,0,0,0,1,0,1,0,1,1,0,0,0,0,0,0,1,0,5049-MUBWG
1,2,49.95,107.1,0,0.4663865546218488,3,1,0,0,1,0,0,0,0,0,0,0,0,0,1,0,0,0,0,0,0,0,0,0,0,0,1,0,0,0,4223-WOZCM
0,72,65.7,4575.35,0,0.01435955719234594,7,0,1,1,0,1,0,0,0,0,1,0,1,0,1,0,1,0,1,0,1,0,1,0,0,0,0,0,0,1,0769-MURVM
0,65,67.05,4309.55,0,0.01555846898168022,6,1,1,0,1,0,1,0,0,0,1,0,1,0,1,0,0,0,0,0,0,1,0,0,1,0,0,0,0,1,9253-VIFJQ
0,72,110.9,7922.75,0,0.01399766495219463,8,1,1,1,1,0,1,1,0,0,0,0,1,0,1,0,1,0,1,0,1,0,1,0,1,0,0,0,0,1,7030-FZTFM
0,6,87.95,522.35,0,0.1683736957978367,5,1,0,0,1,0,1,1,0,0,0,0,0,0,0,0,1,0,0,0,1,0,0,1,0,0,0,0,0,0,9741-YLNTD
1,32,19.8,587.7,0,0.033690658499234305,1,1,0,0,1,0,0,0,1,1,0,1,0,1,0,1,0,1,0,1,0,1,0,0,1,0,0,0,1,0,5917-RYRMG
0,50,75.7,3876.2,0,0.019529436045611682,6,0,1,0,1,0,1,0,0,0,0,0,0,0,1,0,0,0,1,0,1,1,0,0,0,0,0,0,0,1,5120-ZBLAI
0,61,62.15,3778.85,0,0.0164468025986742,6,1,1,0,0,1,0,0,0,0,1,0,0,0,1,0,1,0,1,0,1,0,1,1,0,0,1,0,0,1,1194-BHJYC
0,15,101.25,1457.25,1,0.06948018528049409,6,0,0,0,1,0,0,1,0,0,0,0,1,0,1,0,0,0,1,0,1,0,0,1,0,1,0,1,0,0,3663-MITLP
0,72,115.15,8349.45,0,0.013791327572474834,9,1,1,0,1,0,1,1,0,0,1,0,1,0,1,0,1,0,1,0,1,0,1,0,0,0,0,0,0,1,0906-QVPMS
0,9,18.95,185.6,1,0.10210129310344827,1,1,0,0,1,0,0,0,1,1,0,1,0,1,0,1,0,1,0,1,0,0,0,1,0,0,1,0,0,0,9025-ZRPVR
0,1,19.5,19.5,0,1.0,1,0,0,0,1,0,0,0,1,1,0,1,0,1,0,1,0,1,0,1,0,0,0,0,0,0,1,0,0,0,1905-OEILC
0,12,86.55,1066.9,0,0.08112287937013778,4,0,0,0,1,0,1,1,0,0,0,0,0,0,0,0,0,0,0,0,1,0,0,1,0,1,0,0,0,0,7858-GTZSP
0,37,28.6,973.55,1,0.029377022238200403,2,0,0,0,0,1,0,0,0,0,0,0,0,0,0,0,1,0,0,0,0,0,0,0,1,0,0,0,1,0,3285-UCQVC
0,61,20.4,1226.45,0,0.016633372742468098,1,1,1,1,1,0,0,0,1,1,0,1,0,1,0,1,0,1,0,1,0,1,0,0,0,0,1,0,0,1,6248-BSHKG
0,18,19.8,342.3,0,0.057843996494303246,1,1,1,1,1,0,0,0,1,1,0,1,0,1,0,1,0,1,0,1,0,1,0,0,0,0,0,1,0,0,4685-TFLLS
0,21,45.65,985.05,0,0.0463428252372976,2,1,0,1,1,0,0,0,0,0,0,0,0,0,0,0,0,0,0,0,0,0,0,0,0,0,1,1,0,0,3470-BTGQO
0,68,56.4,3948.45,0,0.014284086160392053,6,1,1,1,0,1,0,0,0,0,1,0,1,0,1,0,1,0,0,0,1,0,1,1,0,0,1,0,0,1,1209-VFFOC
1,12,73.3,828.05,0,0.08852122456373407,3,1,0,0,1,0,1,1,0,0,0,0,0,0,0,0,0,0,0,0,0,0,0,1,1,0,0,0,0,0,8224-DWCKX
1,2,24.35,41.85,1,0.5818399044205496,1,0,0,0,0,1,0,0,0,0,0,0,0,0,0,0,0,0,0,0,0,0,0,0,0,1,0,0,0,0,5482-PLVPE
0,62,101.35,6164.7,0,0.016440378282803706,6,0,1,0,1,0,1,1,0,0,0,0,0,0,1,0,0,0,1,0,1,0,0,1,0,1,0,0,0,1,4553-DVPZG
1,29,98.65,2862.75,1,0.03445987250021832,6,0,0,0,1,0,1,1,0,0,0,0,0,0,0,0,1,0,1,0,1,0,0,0,0,1,0,0,1,0,4902-OHLSK
0,1,33.6,33.6,0,1.0,3,1,0,1,0,1,0,0,0,0,0,0,1,0,0,0,1,0,0,0,0,0,0,0,0,0,1,0,0,0,6917-IAYHD
1,5,79.9,343.95,1,0.2323012065707225,4,1,1,0,1,0,1,1,0,0,0,0,0,0,1,0,0,0,0,0,0,0,0,1,0,0,0,0,0,0,0495-ZBNGW
0,1,20.7,20.7,0,1.0,1,0,0,0,1,0,0,0,1,1,0,1,0,1,0,1,0,1,0,1,0,0,0,0,0,1,0,0,0,0,8620-RJPZN
0,62,104.05,6590.5,0,0.015787876488885518,7,1,0,1,1,0,1,1,0,0,0,0,0,0,1,0,1,0,1,0,1,0,1,1,0,1,0,0,0,1,7572-KPVKK
0,36,20.25,717.95,0,0.028205306776237896,1,0,1,1,1,0,0,0,1,1,0,1,0,1,0,1,0,1,0,1,0,0,1,0,0,0,0,0,1,0,2642-MAWLJ
1,28,103.3,2890.65,1,0.035735907148911145,7,0,0,0,1,0,1,1,0,0,0,0,0,0,1,0,1,0,1,0,1,0,0,1,0,1,0,0,1,0,2357-COQEK
0,69,73.7,4885.85,0,0.015084376311184339,7,0,1,1,1,0,1,0,0,0,1,0,1,0,0,0,1,0,1,0,0,1,0,0,1,0,0,0,0,1,7103-ZGVNT
0,11,96.2,1222.05,1,0.07872018329855571,6,0,1,0,1,0,1,1,0,0,1,0,0,0,0,0,1,0,1,0,0,0,0,1,1,0,0,0,0,0,3737-GCSPV
0,63,108.75,6871.7,0,0.01582577819171384,8,0,1,0,1,0,1,1,0,0,0,0,1,0,1,0,1,0,1,0,1,0,0,1,0,1,0,0,0,1,2027-WKXMW
0,23,20.15,405.6,0,0.049679487179487176,1,1,0,0,1,0,0,0,1,1,0,1,0,1,0,1,0,1,0,1,0,1,0,0,0,0,0,1,0,0,7137-NAXML
0,10,19.75,208.25,0,0.09483793517406963,1,1,0,0,1,0,0,0,1,1,0,1,0,1,0,1,0,1,0,1,0,0,0,0,1,0,0,0,0,0,2428-ZMCTB
0,71,25.95,1801.9,0,0.01440146512015095,2,0,1,0,1,0,1,0,1,1,0,1,0,1,0,1,0,1,0,1,0,0,1,1,1,0,0,0,0,1,2961-VNFKL
1,45,70.05,3062.45,0,0.022873842838250422,6,0,0,0,1,0,1,0,0,0,1,0,0,0,0,0,1,0,0,0,1,0,0,1,0,1,0,0,1,0,1768-HNVGJ
0,70,24.05,1764.75,0,0.013627992633517496,2,0,1,1,1,0,1,0,1,1,0,1,0,1,0,1,0,1,0,1,0,0,1,0,0,0,1,0,0,1,6963-KQYQB
0,22,84.75,1816.75,0,0.04664923627356543,4,0,0,1,1,0,1,1,0,0,0,0,0,0,0,0,0,0,0,0,1,0,0,1,0,1,0,1,0,0,5934-RMPOV
0,52,23.05,1255.1,0,0.01836507051230978,2,0,1,1,1,0,1,0,1,1,0,1,0,1,0,1,0,1,0,1,0,0,1,0,0,0,1,0,0,1,1207-BLKSA
0,55,104.15,5743.05,1,0.018134963129347648,7,1,1,0,1,0,1,1,0,0,0,0,0,0,1,0,1,0,1,0,1,1,0,1,0,1,0,0,0,1,4088-YLDSU
0,65,59.95,3921.1,0,0.015289077044706844,6,0,0,0,0,1,0,0,0,0,1,0,0,0,1,0,1,0,1,0,1,0,1,0,1,0,0,0,0,1,8316-BBQAY
0,72,19.55,1463.45,0,0.013358843827940824,1,0,1,1,1,0,0,0,1,1,0,1,0,1,0,1,0,1,0,1,0,0,1,0,0,0,0,0,0,1,1166-PQLGG
0,10,19.6,189.45,0,0.10345737661652152,1,1,1,0,1,0,0,0,1,1,0,1,0,1,0,1,0,1,0,1,0,1,0,0,0,0,0,0,0,0,3146-JTQHR
0,7,20.05,96.8,0,0.20712809917355374,1,0,0,1,1,0,0,0,1,1,0,1,0,1,0,1,0,1,0,1,0,1,0,0,0,0,1,0,0,0,4291-YZODP
1,5,85.55,408.5,0,0.20942472460220318,4,1,0,0,1,0,0,1,0,0,0,0,1,0,0,0,0,0,0,0,1,0,0,1,0,1,0,0,0,0,4395-PZMSN
0,24,78.6,1846.65,0,0.0425635610429697,7,0,1,1,1,0,1,0,0,0,1,0,0,0,1,0,0,0,1,0,1,0,1,0,1,0,0,1,0,0,6427-FEFIG
0,72,116.8,8456.75,0,0.01381145239010258,9,0,1,1,1,0,1,1,0,0,1,0,1,0,1,0,1,0,1,0,1,0,1,1,1,0,0,0,0,1,0017-IUDMW
0,21,43.55,1011.5,0,0.0430548690064261,4,1,0,0,0,1,0,0,0,0,1,0,0,0,0,0,1,0,1,0,0,0,0,1,0,0,1,1,0,0,8706-HRADD
0,69,60.8,4263.4,0,0.014260918515738612,6,1,1,0,0,1,0,0,0,0,0,0,1,0,1,0,1,0,1,0,1,1,0,1,1,0,0,0,0,1,9955-QOPOY
0,44,54.9,2549.1,0,0.021537013063434154,4,1,1,1,1,0,0,0,0,0,0,0,1,0,0,0,1,0,0,0,0,0,0,1,0,0,0,0,1,0,4385-ZKVNW
1,61,65.2,3965.05,0,0.016443676624506628,5,0,1,1,1,0,1,0,0,0,0,0,0,0,1,0,0,0,1,0,0,1,0,1,0,1,0,0,0,1,5446-DKWYW
1,24,102.95,2496.7,1,0.04123442944686987,7,1,0,0,1,0,1,1,0,0,0,0,1,0,1,0,0,0,1,0,1,0,0,1,1,0,0,1,0,0,2034-CGRHZ
0,1,90.6,90.6,1,1.0,4,0,0,0,1,0,0,1,0,0,0,0,0,0,0,0,0,0,1,0,1,0,0,0,0,1,0,0,0,0,5797-APWZC
0,6,50.8,288.05,1,0.17635827113348376,3,0,0,0,1,0,0,0,0,0,0,0,0,0,0,0,1,0,0,0,0,0,0,1,0,0,0,0,0,0,3683-QKIUE
0,4,90.05,368.1,1,0.2446346101602825,5,1,0,0,1,0,1,1,0,0,0,0,1,0,0,0,0,0,0,0,1,0,0,1,0,1,0,0,0,0,4228-ZGYUW
0,72,108.2,7840.6,0,0.013799964288447313,8,1,1,0,1,0,1,1,0,0,0,0,1,0,1,0,1,0,1,0,1,0,1,1,0,1,0,0,0,1,9031-ZVQPT
0,72,92.0,6632.75,0,0.013870566507104895,9,1,0,0,1,0,1,0,0,0,1,0,1,0,1,0,1,0,1,0,1,0,1,0,0,0,0,0,0,1,2990-IAJSV
1,14,75.1,1013.35,0,0.07411062318053979,3,1,1,0,1,0,1,1,0,0,0,0,0,0,0,0,0,0,0,0,0,0,0,1,0,1,0,1,0,0,8107-KNCIM
0,7,25.05,152.95,0,0.16377901274926449,2,1,0,0,1,0,1,0,1,1,0,1,0,1,0,1,0,1,0,1,0,0,0,1,0,0,0,0,0,0,9027-YFHQJ
0,48,75.15,3772.65,0,0.019919685101984018,3,0,0,0,1,0,0,1,0,0,0,0,1,0,0,0,0,0,0,0,0,1,0,0,0,1,0,0,1,0,5176-LDKUH
0,55,19.5,1026.35,0,0.018999366687777075,1,1,1,1,1,0,0,0,1,1,0,1,0,1,0,1,0,1,0,1,0,1,0,0,0,0,1,0,0,1,4644-OBGFZ
0,1,19.3,19.3,0,1.0,1,1,0,0,1,0,0,0,1,1,0,1,0,1,0,1,0,1,0,1,0,0,0,0,1,0,0,0,0,0,7926-IJOOU
0,45,112.2,5031.85,0,0.022297961982173552,8,1,0,0,1,0,0,1,0,0,1,0,1,0,1,0,1,0,1,0,1,1,0,0,1,0,0,0,1,0,6480-YAGIY
0,3,70.3,220.4,0,0.3189655172413793,2,1,0,0,1,0,0,1,0,0,0,0,0,0,0,0,0,0,0,0,0,0,0,1,0,0,1,0,0,0,4029-HPFVY
0,71,19.6,1416.5,0,0.01383692199082245,1,0,1,0,1,0,0,0,1,1,0,1,0,1,0,1,0,1,0,1,0,0,1,0,0,0,1,0,0,1,7602-DBTOU
0,8,20.25,158.35,0,0.1278812756551942,1,1,1,0,1,0,0,0,1,1,0,1,0,1,0,1,0,1,0,1,0,0,0,0,0,0,1,0,0,0,5345-BMKWB
0,3,75.85,256.6,1,0.29559625876851126,3,0,1,0,1,0,1,1,0,0,0,0,0,0,0,0,0,0,0,0,0,0,0,1,0,1,0,0,0,0,3519-ZKXGG
0,69,80.65,5542.55,0,0.014551064040919794,7,1,1,1,1,0,0,0,0,0,1,0,1,0,0,0,1,0,1,0,1,0,1,0,0,0,0,0,0,1,5457-COLHT
0,1,68.5,68.5,1,1.0,2,1,1,1,1,0,0,1,0,0,0,0,0,0,0,0,0,0,0,0,0,0,0,1,0,1,0,0,0,0,6416-TVAIH
1,72,115.75,8443.7,0,0.013708445349787414,9,0,1,0,1,0,1,1,0,0,1,0,1,0,1,0,1,0,1,0,1,0,1,1,1,0,0,0,0,1,5451-YHYPW
0,11,73.5,791.75,1,0.09283233343858541,3,1,0,0,1,0,0,1,0,0,1,0,0,0,0,0,0,0,0,0,0,0,0,1,0,1,0,0,0,0,5108-ADXWO
0,71,80.6,5708.2,0,0.014120037840299918,8,1,0,0,1,0,1,0,0,0,1,0,1,0,1,0,1,0,0,0,1,0,1,0,0,0,0,0,0,1,7998-WNZEM
0,1,69.95,69.95,1,1.0,2,0,0,0,1,0,0,1,0,0,0,0,0,0,0,0,0,0,0,0,0,0,0,1,0,0,1,0,0,0,3066-RRJIO
0,33,59.55,2016.3,0,0.029534295491742298,6,0,1,0,0,1,0,0,0,0,1,0,0,0,1,0,1,0,1,0,1,0,1,0,0,0,0,0,1,0,4664-NJCMS
0,16,19.05,326.65,0,0.058319302005204354,1,0,0,0,1,0,0,0,1,1,0,1,0,1,0,1,0,1,0,1,0,1,0,0,0,0,1,1,0,0,0307-BCOPK
1,56,95.65,5471.75,0,0.01748069630374195,7,0,1,0,1,0,1,1,0,0,1,0,1,0,1,0,1,0,0,0,0,1,0,0,0,1,0,0,0,1,7629-WFGLW
0,1,19.95,19.95,0,1.0,1,0,0,0,1,0,0,0,1,1,0,1,0,1,0,1,0,1,0,1,0,0,0,0,1,0,0,0,0,0,2542-HYGIQ
0,5,70.05,346.4,1,0.2022228637413395,5,1,0,0,1,0,0,0,0,0,0,0,0,0,1,0,0,0,1,0,1,0,0,1,0,1,0,0,0,0,6715-OFDBP
0,57,19.4,1061.6,0,0.01827430293896006,1,1,1,1,1,0,0,0,1,1,0,1,0,1,0,1,0,1,0,1,0,1,0,0,0,0,1,0,0,1,5016-LIPDW
0,56,36.1,1971.5,0,0.018310930763378138,3,1,1,1,0,1,0,0,0,0,0,0,1,0,1,0,0,0,0,0,0,1,0,1,1,0,0,0,0,1,6481-LXPWL
0,8,94.0,773.65,1,0.1215019711755962,6,1,0,0,1,0,1,1,0,0,0,0,1,0,1,0,0,0,1,0,0,0,0,1,0,1,0,0,0,0,1567-DSCIC
0,22,61.15,1422.05,1,0.043001300938785555,5,0,1,1,1,0,0,0,0,0,1,0,1,0,1,0,0,0,0,0,0,0,0,0,0,0,1,1,0,0,2150-UWTFY
0,1,19.75,19.75,0,1.0,1,0,0,0,1,0,0,0,1,1,0,1,0,1,0,1,0,1,0,1,0,0,0,0,0,0,1,0,0,0,6124-ACRHJ
0,40,64.1,2460.35,0,0.026053203812465706,5,0,0,1,1,0,0,0,0,0,1,0,0,0,0,0,1,0,1,0,0,0,0,1,1,0,0,0,1,0,9362-MWODR
0,46,19.75,856.5,0,0.023058960887332166,1,1,1,1,1,0,0,0,1,1,0,1,0,1,0,1,0,1,0,1,0,0,1,0,1,0,0,0,1,0,9975-GPKZU
0,63,19.7,1275.85,0,0.01544068660108947,1,1,1,1,1,0,0,0,1,1,0,1,0,1,0,1,0,1,0,1,0,0,1,0,0,0,1,0,0,1,9625-RZFUK
0,68,110.2,7467.5,0,0.014757281553398059,8,1,1,1,1,0,1,1,0,0,1,0,1,0,1,0,0,0,1,0,1,0,1,1,0,1,0,0,0,1,5153-LXKDT
0,69,106.35,7261.75,0,0.014645230144248974,7,1,1,1,1,0,0,1,0,0,1,0,1,0,0,0,1,0,1,0,1,0,1,1,1,0,0,0,0,1,5161-UBZXI
0,56,90.55,5116.6,0,0.017697298987608957,6,0,1,0,1,0,1,1,0,0,0,0,1,0,1,0,1,0,0,0,0,0,0,0,0,1,0,0,0,1,1020-JPQOW
0,10,65.9,660.05,0,0.09984092114233772,5,0,1,1,1,0,0,0,0,0,0,0,1,0,1,0,0,0,0,0,1,1,0,1,0,0,1,0,0,0,7919-ZODZZ
0,63,104.5,6590.8,0,0.015855434848576804,8,1,0,0,1,0,1,1,0,0,1,0,1,0,1,0,1,0,1,0,0,1,0,0,1,0,0,0,0,1,0565-JUPYD
0,24,52.5,1208.15,0,0.04345486901460911,6,0,1,1,0,1,0,0,0,0,1,0,1,0,1,0,1,0,0,0,1,0,1,1,0,0,1,1,0,0,6867-ACCZI
0,19,56.1,1033.9,0,0.05426056678595609,4,0,0,0,1,0,1,0,0,0,0,0,0,0,1,0,0,0,0,0,0,0,0,1,0,0,1,1,0,0,5939-XAIXZ
0,22,88.75,1885.15,0,0.04707848181842293,5,1,1,1,1,0,1,1,0,0,0,0,0,0,1,0,0,0,1,0,0,0,0,1,0,1,0,1,0,0,9054-FOWNV
0,29,84.45,2467.1,1,0.034230473025009124,5,1,1,0,1,0,1,1,0,0,1,0,1,0,0,0,0,0,0,0,0,0,0,1,0,1,0,0,1,0,2683-BPJSO
0,13,75.3,989.45,1,0.07610288544140684,6,1,1,0,1,0,1,0,0,0,0,0,0,0,1,0,0,0,1,0,1,1,0,1,0,0,1,1,0,0,2157-MXBJS
0,70,26.0,2006.95,0,0.012954981439497745,2,0,1,0,1,0,1,0,1,1,0,1,0,1,0,1,0,1,0,1,0,0,1,1,0,0,0,0,0,1,8207-VVMYB
0,49,99.4,5025.0,0,0.019781094527363187,6,0,1,0,1,0,0,1,0,0,0,0,1,0,1,0,0,0,1,0,1,0,0,0,0,1,0,0,0,1,9732-EQMWY
1,43,109.55,4830.25,1,0.02267998550799648,8,0,1,0,1,0,1,1,0,0,1,0,0,0,1,0,1,0,1,0,1,1,0,1,0,0,1,0,1,0,9360-AHGNL
0,3,19.6,59.75,1,0.3280334728033473,1,0,0,0,1,0,0,0,1,1,0,1,0,1,0,1,0,1,0,1,0,0,0,1,0,0,1,0,0,0,1087-UDSIH
0,42,73.15,3088.25,0,0.023686553873552986,6,1,1,1,1,0,0,0,0,0,0,0,0,0,1,0,1,0,1,0,1,1,0,0,0,1,0,0,1,0,5269-NRGDP
0,57,54.65,3134.7,0,0.017433885220276262,4,1,0,0,1,0,0,0,0,0,0,0,1,0,0,0,1,0,0,0,0,1,0,1,0,0,1,0,0,1,6195-MELTI
1,2,66.4,94.55,1,0.7022739291380223,5,1,0,0,1,0,0,0,0,0,1,0,0,0,1,0,0,0,1,0,0,0,0,0,0,0,0,0,0,0,5485-WUYWF
0,72,115.55,8312.4,0,0.01390091910880131,9,0,1,0,1,0,1,1,0,0,1,0,1,0,1,0,1,0,1,0,1,0,1,1,1,0,0,0,0,1,2121-JAFOM
1,46,104.45,4863.85,0,0.02147475765083216,7,0,0,0,1,0,1,1,0,0,0,0,1,0,1,0,0,0,1,0,1,0,0,1,0,1,0,0,1,0,8818-DOPVL
1,66,100.05,6871.9,1,0.014559292189932916,6,1,1,0,1,0,1,1,0,0,0,0,0,0,0,0,1,0,1,0,1,0,0,1,1,0,0,0,0,1,2632-UCGVD
0,62,102.0,6529.25,1,0.015622008653367539,7,1,0,0,1,0,1,1,0,0,1,0,1,0,0,0,1,0,0,0,1,1,0,0,0,1,0,0,0,1,5445-PZWGX
0,72,91.15,6637.9,0,0.013731752512089669,9,0,1,0,1,0,1,0,0,0,1,0,1,0,1,0,1,0,1,0,1,0,1,1,0,0,0,0,0,1,1227-UDMZR
0,35,89.7,3165.6,0,0.028335860500379076,5,1,1,1,1,0,0,1,0,0,0,0,1,0,0,0,1,0,1,0,0,1,0,1,0,1,0,0,1,0,5198-HQAEN
0,17,90.2,1454.15,1,0.062029364233400955,6,1,1,0,1,0,1,1,0,0,1,0,1,0,1,0,0,0,0,0,0,0,0,0,1,0,0,1,0,0,9170-CCKOU
0,72,92.4,6786.1,0,0.013616068139284714,9,0,1,0,1,0,1,0,0,0,1,0,1,0,1,0,1,0,1,0,1,0,1,1,0,1,0,0,0,1,2167-FQSTQ
0,28,19.9,543.0,0,0.03664825046040515,1,0,1,1,1,0,0,0,1,1,0,1,0,1,0,1,0,1,0,1,0,1,0,0,0,0,1,0,1,0,2819-GWENI
0,56,25.15,1327.15,1,0.01895038239837245,2,1,1,0,1,0,1,0,1,1,0,1,0,1,0,1,0,1,0,1,0,0,1,1,1,0,0,0,0,1,1043-YCUTE
0,31,79.85,2404.15,1,0.03321340182600919,4,0,0,0,1,0,1,1,0,0,0,0,0,0,0,0,1,0,0,0,0,0,0,1,1,0,0,0,1,0,3814-MLAXC
0,45,18.85,867.3,0,0.02173411737576387,1,1,0,0,1,0,0,0,1,1,0,1,0,1,0,1,0,1,0,1,0,1,0,0,0,0,0,0,1,0,3572-UUHRS
0,1,25.75,25.75,0,1.0,2,0,0,0,1,0,1,0,1,1,0,1,0,1,0,1,0,1,0,1,0,0,0,1,0,0,1,0,0,0,2692-PFYTJ
0,2,49.6,114.7,1,0.43243243243243246,3,0,0,0,1,0,0,0,0,0,0,0,1,0,0,0,0,0,0,0,0,0,0,1,0,0,1,0,0,0,1226-UDFZR
0,6,20.95,109.5,0,0.191324200913242,1,0,0,0,1,0,0,0,1,1,0,1,0,1,0,1,0,1,0,1,0,0,0,1,0,0,1,0,0,0,5955-EPOAZ
0,48,97.05,4692.95,0,0.02067995610436932,6,0,1,0,1,0,0,1,0,0,0,0,1,0,1,0,0,0,1,0,1,1,0,1,0,1,0,0,1,0,6821-JPCDC
0,25,25.4,546.85,0,0.04644783761543384,2,1,1,1,1,0,1,0,1,1,0,1,0,1,0,1,0,1,0,1,0,0,0,1,0,0,0,0,1,0,8815-LMFLX
0,64,19.7,1274.05,0,0.015462501471684785,1,1,1,1,1,0,0,0,1,1,0,1,0,1,0,1,0,1,0,1,0,0,1,1,0,0,0,0,0,1,9135-HSWOC
0,50,35.0,1782.4,0,0.01963644524236984,3,1,0,0,0,1,0,0,0,0,1,0,1,0,0,0,0,0,0,0,0,0,0,1,0,0,1,0,0,1,8582-KRHPJ
0,52,101.25,5301.1,0,0.019099809473505498,6,0,1,1,1,0,1,1,0,0,0,0,0,0,1,0,0,0,1,0,1,1,0,0,0,0,0,0,0,1,5811-IWXYM
1,4,70.2,280.35,0,0.25040128410914925,2,1,1,0,1,0,0,1,0,0,0,0,0,0,0,0,0,0,0,0,0,0,0,1,0,1,0,0,0,0,7044-YAACC
1,32,90.95,2897.95,0,0.03138425438672165,4,0,0,0,1,0,0,1,0,0,0,0,0,0,0,0,0,0,1,0,1,0,0,0,0,1,0,0,1,0,8189-XRIKE
0,45,73.85,3371.0,0,0.021907445861762086,7,1,1,1,1,0,1,0,0,0,1,0,1,0,0,0,1,0,1,0,0,0,1,0,1,0,0,0,1,0,1506-YJTYT
0,9,88.05,801.3,0,0.10988393859977537,5,1,1,0,1,0,1,1,0,0,1,0,0,0,0,0,0,0,0,0,1,0,0,1,0,1,0,0,0,0,4123-DVHPH
1,66,105.95,6975.25,1,0.015189419734059711,7,0,1,0,1,0,1,1,0,0,0,0,0,0,1,0,1,0,1,0,1,1,0,1,1,0,0,0,0,1,6425-YQLLO
0,3,91.85,257.05,1,0.3573234779225831,5,1,0,1,1,0,1,1,0,0,0,0,0,0,1,0,0,0,0,0,1,0,0,0,0,1,0,0,0,0,5442-UTCVD
0,54,20.1,1079.45,0,0.018620593820927324,1,0,0,0,1,0,0,0,1,1,0,1,0,1,0,1,0,1,0,1,0,0,1,0,0,0,1,0,0,1,2228-BZDEE
0,1,40.1,40.1,1,1.0,3,0,1,1,0,1,0,0,0,0,0,0,0,0,0,0,1,0,1,0,0,0,0,0,0,1,0,0,0,0,7734-DBOAI
0,64,110.3,6997.3,0,0.015763222957426434,8,0,1,1,1,0,1,1,0,0,1,0,1,0,0,0,1,0,1,0,1,0,1,0,0,0,0,0,0,1,2789-CZANW
1,31,73.9,2217.15,1,0.033331078185959456,3,0,0,0,1,0,1,1,0,0,0,0,0,0,0,0,0,0,0,0,0,0,0,1,0,1,0,0,1,0,2091-RFFBA
0,14,89.8,1129.1,1,0.07953237091488796,4,0,0,0,1,0,0,1,0,0,0,0,0,0,0,0,0,0,1,0,1,0,0,1,0,0,1,1,0,0,2114-MGINA
0,12,85.15,979.05,0,0.08697206475665187,4,0,0,0,1,0,0,1,0,0,1,0,0,0,0,0,0,0,1,0,0,1,0,1,1,0,0,0,0,0,7596-LDUXP
1,67,60.95,4119.4,0,0.014795844054959461,5,1,1,0,1,0,0,0,0,0,1,0,1,0,0,0,1,0,0,0,0,1,0,1,0,0,0,0,0,1,3740-RLMVT
0,35,72.25,2568.55,1,0.02812871075120204,7,0,1,1,1,0,1,0,0,0,1,0,0,0,1,0,1,0,1,0,0,0,0,0,0,1,0,0,1,0,4489-SNOJF
0,45,73.55,3349.1,0,0.021961123884028544,6,0,0,0,1,0,1,0,0,0,1,0,0,0,0,0,1,0,0,0,1,0,1,0,0,0,1,0,1,0,2192-OZITF
0,10,46.0,492.1,0,0.09347693558219873,2,1,0,0,1,0,0,0,0,0,0,0,0,0,0,0,0,0,0,0,0,0,0,0,0,0,1,0,0,0,5651-CPDND
1,29,58.55,1718.95,0,0.03406149102649873,5,0,0,0,1,0,1,0,0,0,1,0,1,0,0,0,0,0,0,0,0,0,0,1,0,0,0,0,1,0,2186-QZEYA
0,24,24.6,605.25,0,0.04064436183395292,2,0,0,0,1,0,1,0,1,1,0,1,0,1,0,1,0,1,0,1,0,1,0,0,0,0,0,1,0,0,1131-ALZWV
0,66,19.75,1344.5,0,0.014689475641502418,1,1,1,1,1,0,0,0,1,1,0,1,0,1,0,1,0,1,0,1,0,0,1,1,0,0,1,0,0,1,7729-XBTWX
0,51,86.35,4267.15,0,0.02023598889188334,4,1,0,0,1,0,0,1,0,0,1,0,0,0,0,0,0,0,1,0,0,1,0,0,0,0,1,0,0,1,9134-WYRVP
0,45,25.5,1121.05,0,0.02274653226885509,2,0,1,0,1,0,1,0,1,1,0,1,0,1,0,1,0,1,0,1,0,0,1,0,0,0,1,0,1,0,3284-SVCRO
0,49,19.0,918.7,0,0.020681397627081745,1,0,1,0,1,0,0,0,1,1,0,1,0,1,0,1,0,1,0,1,0,1,0,0,1,0,0,0,0,1,9732-OUYRN
0,29,19.55,521.8,0,0.037466462246071294,1,0,1,0,1,0,0,0,1,1,0,1,0,1,0,1,0,1,0,1,0,0,1,1,0,0,1,0,1,0,0559-CKHUS
0,40,110.1,4469.1,0,0.02463583271799691,8,1,1,1,1,0,1,1,0,0,1,0,1,0,0,0,1,0,1,0,1,0,0,1,1,0,0,0,1,0,2931-SVLTV
1,37,96.55,3580.3,1,0.026967013937379547,5,0,0,0,1,0,1,1,0,0,0,0,0,0,0,0,0,0,1,0,1,0,0,1,0,1,0,0,1,0,6899-PPEEA
0,25,69.75,1729.35,0,0.04033307311995837,2,1,0,0,1,0,0,1,0,0,0,0,0,0,0,0,0,0,0,0,0,0,0,0,0,1,0,0,1,0,7504-UWHNB
0,22,50.6,1073.3,0,0.0471443212522128,4,0,0,0,0,1,0,0,0,0,0,0,0,0,1,0,0,0,1,0,1,0,0,1,0,1,0,1,0,0,2582-FFFZR
0,72,65.6,4566.5,0,0.014365487791525237,7,1,0,0,0,1,0,0,0,0,1,0,1,0,1,0,1,0,1,0,1,0,1,1,0,0,0,0,0,1,8908-NMQTX
0,7,40.1,293.3,1,0.13672008182748038,3,0,0,0,0,1,0,0,0,0,0,0,1,0,0,0,0,0,0,0,1,0,0,1,1,0,0,0,0,0,2187-LZGPL
0,33,82.1,2603.1,0,0.03153931850485959,7,1,1,1,1,0,0,0,0,0,0,0,1,0,1,0,1,0,1,0,1,0,1,0,1,0,0,0,1,0,1431-AIDJQ
0,23,79.1,1783.75,0,0.0443447792571829,4,0,0,0,1,0,0,1,0,0,0,0,1,0,0,0,1,0,0,0,0,0,0,1,0,0,1,1,0,0,6288-LBEAR
1,24,101.25,2440.15,1,0.041493350818597216,6,1,0,0,1,0,1,1,0,0,0,0,1,0,0,0,0,0,1,0,1,0,0,1,0,1,0,1,0,0,4597-NUCQV
0,1,79.55,79.55,1,1.0,3,0,0,0,1,0,0,1,0,0,0,0,0,0,0,0,0,0,1,0,0,0,0,0,0,1,0,0,0,0,9019-QVLZD
0,69,90.65,6322.1,0,0.014338590025466221,9,1,0,0,1,0,1,0,0,0,1,0,1,0,1,0,1,0,1,0,1,0,1,0,0,0,1,0,0,1,8413-YNHNV
0,3,20.55,57.4,0,0.35801393728222997,1,0,0,1,1,0,0,0,1,1,0,1,0,1,0,1,0,1,0,1,0,1,0,1,1,0,0,0,0,0,5808-TOTXO
0,56,75.75,4284.65,0,0.01767939038194485,6,1,0,0,1,0,0,0,0,0,0,0,1,0,0,0,1,0,1,0,1,1,0,1,0,0,0,0,0,1,4369-NYSCF
0,65,110.0,7138.65,0,0.015409075945732037,8,1,0,0,1,0,1,1,0,0,1,0,0,0,1,0,1,0,1,0,1,1,0,1,1,0,0,0,0,1,6333-YDVLT
0,71,20.85,1539.75,0,0.013541159279103751,1,1,1,0,1,0,0,0,1,1,0,1,0,1,0,1,0,1,0,1,0,1,0,0,0,1,0,0,0,1,5324-KTGCG
1,14,80.35,1058.1,0,0.07593800207919857,4,0,0,0,1,0,1,1,0,0,0,0,0,0,1,0,0,0,0,0,0,0,0,1,0,0,0,1,0,0,5599-HVLTW
0,2,70.15,123.8,0,0.5666397415185784,2,0,0,0,1,0,0,1,0,0,0,0,0,0,0,0,0,0,0,0,0,0,0,1,0,1,0,0,0,0,7394-LWLYN
0,32,84.05,2781.85,1,0.03021370670596905,4,0,0,0,1,0,1,1,0,0,0,0,0,0,0,0,0,0,1,0,0,1,0,0,0,1,0,0,1,0,3707-LRWZD
0,40,67.45,2731.0,0,0.024697912852435007,5,1,0,0,1,0,0,0,0,0,1,0,0,0,1,0,0,0,0,0,1,0,0,0,0,1,0,0,1,0,6873-UDNLD
0,1,20.75,20.75,0,1.0,1,1,0,0,1,0,0,0,1,1,0,1,0,1,0,1,0,1,0,1,0,0,0,0,1,0,0,0,0,0,2700-LUEVA
0,1,89.1,89.1,1,1.0,4,1,0,0,1,0,0,1,0,0,0,0,0,0,0,0,0,0,1,0,1,0,0,1,0,1,0,0,0,0,1455-ESIQH
0,7,69.9,497.3,0,0.14055901870098533,2,0,0,0,1,0,0,1,0,0,0,0,0,0,0,0,0,0,0,0,0,0,0,1,0,0,1,0,0,0,0958-YHXGP
0,15,51.1,711.15,0,0.0718554454053294,3,0,1,0,1,0,1,0,0,0,0,0,0,0,0,0,0,0,0,0,0,0,0,1,0,1,0,1,0,0,1101-SSWAG
0,17,94.4,1607.2,1,0.0587356893977103,6,0,1,1,1,0,1,1,0,0,1,0,0,0,1,0,0,0,1,0,0,0,0,0,0,1,0,1,0,0,2979-SXESE
0,19,78.25,1490.95,1,0.05248331600657299,4,1,0,0,1,0,0,1,0,0,0,0,1,0,1,0,0,0,0,0,0,0,0,1,0,1,0,1,0,0,4013-TLDHQ
0,71,25.55,1898.1,0,0.013460829250302935,2,1,0,0,1,0,1,0,1,1,0,1,0,1,0,1,0,1,0,1,0,0,1,0,0,0,0,0,0,1,5743-KHMNA
0,54,60.0,3273.95,0,0.018326486354403704,5,0,1,1,1,0,1,0,0,0,1,0,0,0,0,0,1,0,0,0,0,0,1,0,0,0,0,0,0,1,4194-FJARJ
0,31,90.55,2929.75,0,0.030907073982421707,6,1,1,0,1,0,1,1,0,0,1,0,1,0,0,0,1,0,0,0,0,0,0,1,1,0,0,0,1,0,5325-UWTWJ
0,11,76.4,838.7,0,0.09109335876952426,3,0,0,0,1,0,0,1,0,0,1,0,0,0,0,0,0,0,0,0,0,0,0,0,0,1,0,0,0,0,3969-GYXEL
1,18,84.95,1443.65,0,0.05884390260797284,4,0,0,0,1,0,0,1,0,0,0,0,0,0,1,0,0,0,0,0,1,0,0,1,0,1,0,1,0,0,9208-OLGAQ
1,72,110.1,7746.7,0,0.014212503388539636,8,0,0,0,1,0,1,1,0,0,1,0,1,0,0,0,1,0,1,0,1,0,1,1,0,0,0,0,0,1,3244-CQPHU
1,71,99.65,6951.15,0,0.014335757392661647,6,0,0,0,1,0,1,1,0,0,0,0,1,0,0,0,0,0,1,0,1,0,0,1,1,0,0,0,0,1,2674-MLXMN
1,5,45.4,214.75,0,0.21140861466821886,4,1,0,0,0,1,0,0,0,0,0,0,0,0,1,0,1,0,1,0,0,0,0,0,1,0,0,0,0,0,9708-HPXWZ
0,38,69.0,2669.45,0,0.025848021127947707,6,1,1,0,1,0,1,0,0,0,0,0,0,0,1,0,1,0,0,0,1,1,0,0,1,0,0,0,1,0,6992-TKNYO
0,5,48.65,235.2,0,0.2068452380952381,3,1,0,1,1,0,0,0,0,0,0,0,0,0,0,0,1,0,0,0,0,0,0,1,0,0,0,0,0,0,4468-YDOVK
1,2,44.15,92.65,1,0.47652455477603883,2,1,0,0,1,0,0,0,0,0,0,0,0,0,0,0,0,0,0,0,0,0,0,1,0,1,0,0,0,0,3754-DXMRT
1,52,59.85,3103.25,0,0.019286232175944575,5,0,0,0,1,0,1,0,0,0,1,0,0,0,1,0,0,0,0,0,0,0,1,0,0,0,0,0,0,1,5792-JALQC
1,8,75.75,606.25,1,0.12494845360824743,3,0,0,0,1,0,1,1,0,0,0,0,0,0,0,0,0,0,0,0,0,0,0,1,0,1,0,0,0,0,7130-VTEWQ
0,68,80.65,5330.2,0,0.015130764324040376,7,0,0,0,1,0,1,0,0,0,0,0,1,0,1,0,0,0,1,0,1,0,1,1,0,1,0,0,0,1,2200-DSAAL
0,69,20.55,1403.1,0,0.01464614068847552,1,1,1,1,1,0,0,0,1,1,0,1,0,1,0,1,0,1,0,1,0,1,0,1,1,0,0,0,0,1,4302-ZYFEL
0,42,66.4,2727.8,0,0.024341960554292837,6,0,1,0,1,0,1,0,0,0,1,0,1,0,0,0,1,0,0,0,0,0,0,1,1,0,0,0,1,0,9351-LZYGF
0,50,100.2,5038.45,0,0.019887068443668193,6,0,0,0,1,0,0,1,0,0,0,0,1,0,0,0,1,0,1,0,1,0,1,1,0,0,1,0,0,1,4366-CTOUZ
0,1,19.1,19.1,1,1.0,1,0,0,0,1,0,0,0,1,1,0,1,0,1,0,1,0,1,0,1,0,0,0,1,0,0,1,0,0,0,6121-VZNQB
1,1,80.3,80.3,1,1.0,4,1,1,0,1,0,1,1,0,0,1,0,0,0,0,0,0,0,0,0,0,0,0,1,0,1,0,0,0,0,7903-CMPEY
0,33,44.55,1462.6,0,0.030459455763708464,2,1,1,0,1,0,0,0,0,0,0,0,0,0,0,0,0,0,0,0,0,0,0,1,1,0,0,0,1,0,1518-OMDIK
0,7,20.35,150.6,0,0.13512616201859232,1,0,0,0,1,0,0,0,1,1,0,1,0,1,0,1,0,1,0,1,0,0,0,0,0,0,1,0,0,0,6671-NGWON
0,64,91.8,5960.5,0,0.015401392500629142,6,1,1,1,1,0,1,1,0,0,1,0,1,0,1,0,0,0,0,0,0,0,0,1,0,1,0,0,0,1,0595-ITUDF
0,1,74.9,74.9,1,1.0,3,0,0,0,1,0,0,1,0,0,0,0,0,0,1,0,0,0,0,0,0,0,0,1,0,1,0,0,0,0,6996-KNSML
0,59,20.2,1192.3,0,0.016942044787385726,1,1,0,0,1,0,0,0,1,1,0,1,0,1,0,1,0,1,0,1,0,0,1,1,0,0,0,0,0,1,1955-IBMMB
0,6,50.35,314.55,0,0.16006994118582102,3,0,1,0,1,0,1,0,0,0,0,0,0,0,0,0,0,0,0,0,0,0,0,0,0,1,0,0,0,0,0096-BXERS
0,3,18.8,56.0,0,0.33571428571428574,1,0,0,0,1,0,0,0,1,1,0,1,0,1,0,1,0,1,0,1,0,0,0,0,0,0,1,0,0,0,3806-YAZOV
0,15,20.45,330.8,0,0.061819830713422,1,0,1,0,1,0,0,0,1,1,0,1,0,1,0,1,0,1,0,1,0,0,0,0,1,0,0,1,0,0,7998-ZLXWN
0,13,64.75,877.35,0,0.07380178947968313,4,1,1,1,1,0,0,0,0,0,0,0,0,0,0,0,0,0,1,0,1,1,0,1,0,1,0,1,0,0,6253-WRFHY
0,23,98.7,2249.1,0,0.043884220354808594,6,0,0,0,1,0,1,1,0,0,0,0,1,0,0,0,0,0,1,0,1,0,0,1,1,0,0,1,0,0,9133-AYJZG
1,31,89.45,2807.65,0,0.03185938418250138,5,1,1,0,1,0,1,1,0,0,1,0,0,0,0,0,0,0,1,0,0,0,0,0,0,1,0,0,1,0,2675-OTVVJ
0,29,58.75,1696.2,0,0.03463624572573989,5,1,0,0,1,0,0,0,0,0,1,0,1,0,0,0,1,0,0,0,0,1,0,1,0,1,0,0,1,0,8680-CGLTP
0,49,20.7,1032.05,0,0.02005716777287922,1,0,1,0,1,0,0,0,1,1,0,1,0,1,0,1,0,1,0,1,0,1,0,0,1,0,0,0,0,1,8430-TWCBX
0,56,85.6,4902.8,0,0.017459410948845556,4,0,1,0,1,0,1,1,0,0,0,0,0,0,0,0,0,0,1,0,0,0,0,1,0,0,0,0,0,1,5018-GWURO
0,63,80.3,4995.35,0,0.016074949703223998,8,0,0,0,1,0,1,0,0,0,1,0,1,0,1,0,1,0,0,0,1,0,1,1,1,0,0,0,0,1,6741-QRLUP
0,63,79.8,5034.05,0,0.015852047556142668,7,1,1,0,1,0,1,0,0,0,0,0,0,0,1,0,1,0,1,0,1,0,1,0,1,0,0,0,0,1,4737-HOBAX
1,24,79.85,1857.75,0,0.04298210200511371,4,1,1,1,1,0,1,1,0,0,1,0,0,0,0,0,0,0,0,0,0,0,0,1,0,1,0,1,0,0,0537-QYZZN
1,36,54.1,1992.85,0,0.027147050706274933,4,1,1,0,1,0,0,0,0,0,0,0,0,0,1,0,1,0,0,0,0,1,0,0,1,0,0,0,1,0,3340-QBBFM
1,9,80.85,751.65,1,0.10756336060666533,3,0,0,0,1,0,0,1,0,0,0,0,0,0,0,0,0,0,1,0,0,0,0,1,0,1,0,0,0,0,1704-NRWYE
0,3,24.75,66.95,1,0.36967886482449586,1,1,0,0,0,1,0,0,0,0,0,0,0,0,0,0,0,0,0,0,0,0,0,0,0,1,0,0,0,0,2592-SEIFQ
0,21,80.9,1714.95,0,0.04717338697921222,7,0,1,0,1,0,0,0,0,0,1,0,0,0,1,0,1,0,1,0,1,1,0,0,0,0,1,1,0,0,8200-KLNYW
0,13,24.5,343.6,0,0.07130384167636787,2,1,1,1,1,0,1,0,1,1,0,1,0,1,0,1,0,1,0,1,0,1,0,0,0,0,0,1,0,0,3372-CDXFJ
0,1,20.15,20.15,0,1.0,1,1,1,1,1,0,0,0,1,1,0,1,0,1,0,1,0,1,0,1,0,0,0,1,0,0,0,0,0,0,4781-ZXYGU
0,25,20.05,520.1,0,0.038550278792539895,1,0,1,1,1,0,0,0,1,1,0,1,0,1,0,1,0,1,0,1,0,1,0,0,0,0,1,0,1,0,7632-YUTXB
0,71,19.6,1387.45,0,0.014126635194061047,1,1,1,1,1,0,0,0,1,1,0,1,0,1,0,1,0,1,0,1,0,0,1,1,0,0,0,0,0,1,2718-YSKCS
0,66,114.3,7383.7,0,0.015480043880439345,9,1,0,0,1,0,1,1,0,0,1,0,1,0,1,0,1,0,1,0,1,1,0,1,0,0,0,0,0,1,9896-UYMIE
0,45,100.3,4483.95,0,0.022368670480268513,6,0,0,0,1,0,0,1,0,0,1,0,1,0,0,0,0,0,1,0,1,1,0,1,0,1,0,0,1,0,0853-NWIFK
0,22,80.0,1706.45,0,0.04688095168331917,3,0,1,0,1,0,0,1,0,0,0,0,0,0,0,0,0,0,1,0,0,0,0,1,1,0,0,1,0,0,8212-CRQXP
0,67,20.85,1327.4,0,0.015707397920747327,1,0,1,0,1,0,0,0,1,1,0,1,0,1,0,1,0,1,0,1,0,1,0,1,0,0,0,0,0,1,6980-CDGFC
0,68,89.95,5974.3,0,0.01505615720670204,5,0,1,0,1,0,1,1,0,0,0,0,0,0,1,0,0,0,1,0,0,0,1,1,0,0,0,0,0,1,7691-XVTZH
0,0,20.0,0.0,0,0.0,1,0,1,1,1,0,0,0,1,1,0,1,0,1,0,1,0,1,0,1,0,0,1,0,0,0,1,0,0,0,2520-SGTTA
1,49,90.85,4515.85,1,0.020118028721060263,5,0,0,0,1,0,1,1,0,0,0,0,0,0,1,0,0,0,0,0,1,0,0,1,1,0,0,0,0,1,7481-ATQQS
1,4,48.75,179.85,0,0.2710592160133445,3,0,0,0,1,0,1,0,0,0,0,0,0,0,0,0,0,0,0,0,0,0,0,0,0,0,1,0,0,0,2277-VWCNI
0,63,80.0,5040.2,0,0.01587238601642792,8,1,1,0,1,0,1,0,0,0,1,0,1,0,1,0,1,0,0,0,1,1,0,0,1,0,0,0,0,1,1088-CNNKB
0,2,79.7,165.0,1,0.48303030303030303,4,0,1,0,1,0,0,1,0,0,0,0,1,0,1,0,0,0,0,0,0,0,0,0,0,0,0,0,0,0,8642-GVWRF
0,21,20.35,422.7,0,0.048142890939200385,1,1,0,0,1,0,0,0,1,1,0,1,0,1,0,1,0,1,0,1,0,1,0,1,0,0,1,1,0,0,1930-BZLHI
0,55,57.55,3046.4,1,0.018891150210084032,5,1,1,1,1,0,0,0,0,0,1,0,1,0,0,0,1,0,0,0,0,0,1,0,0,0,0,0,0,1,3400-ESFUW
0,1,20.25,20.25,0,1.0,1,1,0,1,1,0,0,0,1,1,0,1,0,1,0,1,0,1,0,1,0,0,0,1,0,0,1,0,0,0,5868-YTYKS
0,17,19.4,358.05,0,0.05418237676302192,1,0,0,0,1,0,0,0,1,1,0,1,0,1,0,1,0,1,0,1,0,0,1,0,0,0,1,1,0,0,3525-DVKFN
0,30,100.4,2936.25,0,0.03419327373350362,6,1,0,0,1,0,1,1,0,0,1,0,0,0,0,0,0,0,1,0,1,0,0,1,0,0,0,0,1,0,1482-OXZSY
0,22,57.95,1271.8,0,0.04556534046233685,5,1,1,1,1,0,0,0,0,0,1,0,1,0,0,0,1,0,0,0,0,0,0,1,0,0,1,1,0,0,0377-JBKKT
0,9,59.5,530.05,0,0.11225356098481276,4,0,0,0,1,0,0,0,0,0,0,0,0,0,0,0,1,0,1,0,0,0,0,1,0,0,0,0,0,0,5778-BVOFB
0,1,19.2,19.2,0,1.0,1,1,1,1,1,0,0,0,1,1,0,1,0,1,0,1,0,1,0,1,0,0,0,0,0,0,1,0,0,0,3373-YZZYM
0,21,86.5,1808.7,1,0.04782440426825897,4,0,1,0,1,0,1,1,0,0,0,0,0,0,0,0,0,0,0,0,1,0,0,1,0,1,0,1,0,0,2057-ZBLPD
0,19,59.55,1144.6,0,0.05202690896383016,5,1,0,0,1,0,1,0,0,0,0,0,0,0,1,0,1,0,0,0,0,0,0,0,0,1,0,1,0,0,0228-MAUWC
0,69,103.95,7446.9,1,0.013958828505821216,7,0,1,1,1,0,1,1,0,0,0,0,1,0,1,0,0,0,1,0,1,0,0,1,0,1,0,0,0,1,5502-RLUYV
1,1,25.1,25.1,1,1.0,1,1,0,0,0,1,0,0,0,0,0,0,0,0,0,0,0,0,0,0,0,0,0,1,0,1,0,0,0,0,0023-HGHWL
0,72,103.95,7556.9,0,0.013755640540433248,8,0,1,0,1,0,1,1,0,0,1,0,1,0,1,0,1,0,1,0,0,0,1,1,0,0,0,0,0,1,7663-YJHSN
0,70,68.95,4858.7,0,0.014191038755222592,6,1,1,1,1,0,1,0,0,0,1,0,0,0,1,0,0,0,1,0,0,0,1,0,1,0,0,0,0,1,4915-BFSXL
0,66,103.1,6595.0,0,0.0156330553449583,8,0,0,0,1,0,1,1,0,0,1,0,1,0,1,0,1,0,0,0,1,0,0,1,0,0,0,0,0,1,3086-RUCRN
0,7,24.7,149.05,0,0.1657162026165716,1,0,1,1,0,1,0,0,0,0,0,0,0,0,0,0,0,0,0,0,0,0,0,1,0,1,0,0,0,0,5215-LNLDJ
1,46,110.2,4972.1,0,0.022163673296997245,8,0,1,1,1,0,1,1,0,0,1,0,1,0,0,0,1,0,1,0,1,0,0,1,0,1,0,0,1,0,7576-JMYWV
0,39,48.95,1880.85,1,0.026025467208974667,5,1,0,0,0,1,0,0,0,0,1,0,1,0,0,0,1,0,1,0,0,0,0,1,1,0,0,0,1,0,9039-RBEEE
0,32,62.45,2045.55,0,0.0305296863924128,5,0,1,1,1,0,1,0,0,0,0,0,1,0,1,0,0,0,0,0,0,0,0,0,0,0,0,0,1,0,0257-KXZGU
0,24,89.55,2187.15,0,0.04094369384815856,5,1,0,0,1,0,0,1,0,0,0,0,1,0,1,0,0,0,0,0,1,0,0,1,0,1,0,1,0,0,1307-ATKGB
0,6,83.55,477.55,1,0.174955502041671,4,1,1,1,1,0,0,1,0,0,0,0,1,0,0,0,0,0,0,0,1,0,0,1,1,0,0,0,0,0,8417-FMLZI
0,37,78.9,2976.95,0,0.026503636272023384,8,0,0,0,1,0,1,0,0,0,1,0,1,0,1,0,1,0,1,0,0,0,0,1,1,0,0,0,1,0,3714-XPXBW
0,8,20.35,178.7,0,0.11387800783435928,1,1,0,1,1,0,0,0,1,1,0,1,0,1,0,1,0,1,0,1,0,0,0,0,0,0,1,0,0,0,1850-AKQEP
0,72,71.45,5025.85,0,0.01421650069142533,6,0,1,1,1,0,1,0,0,0,1,0,0,0,1,0,0,0,1,0,0,0,1,1,0,0,0,0,0,1,2824-DXNKN
1,71,46.35,3353.4,0,0.013821792807300054,5,1,1,0,0,1,0,0,0,0,1,0,1,0,1,0,1,0,0,0,0,0,1,0,1,0,0,0,0,1,5227-JSCFE
0,16,94.65,1461.15,0,0.06477774355815624,5,0,1,0,1,0,0,1,0,0,0,0,1,0,0,0,0,0,1,0,1,0,0,1,0,0,0,1,0,0,0848-ZGQIJ
0,57,49.9,2782.4,0,0.017934157561817134,5,0,1,0,0,1,0,0,0,0,1,0,0,0,1,0,1,0,0,0,1,0,0,1,0,0,0,0,0,1,3621-CHYVB
0,66,25.45,1699.15,0,0.014978077273931082,2,1,0,0,1,0,1,0,1,1,0,1,0,1,0,1,0,1,0,1,0,1,0,0,0,0,0,0,0,1,8042-RNLKO
1,17,89.15,1496.9,1,0.05955641659429488,5,0,0,0,1,0,0,1,0,0,0,0,1,0,1,0,0,0,1,0,0,0,0,1,0,1,0,1,0,0,1792-UXAFY
0,21,20.75,452.2,0,0.04588677576293675,1,0,0,1,1,0,0,0,1,1,0,1,0,1,0,1,0,1,0,1,0,0,0,0,0,0,1,1,0,0,5372-FBKBN
0,66,66.1,4428.45,0,0.014926215718818097,6,1,1,0,1,0,1,0,0,0,1,0,1,0,1,0,0,0,0,0,0,0,1,1,1,0,0,0,0,1,0420-TXVSG
0,17,75.4,1322.55,0,0.057011077085932484,6,0,1,0,1,0,1,0,0,0,0,0,1,0,0,0,0,0,1,0,1,0,0,1,0,0,0,1,0,0,6217-TOWGS
0,1,70.45,70.45,1,1.0,2,1,0,1,1,0,0,1,0,0,0,0,0,0,0,0,0,0,0,0,0,0,0,1,0,0,1,0,0,0,0515-YPMCW
0,58,60.3,3563.8,1,0.016920141422077557,5,1,1,0,1,0,0,0,0,0,1,0,1,0,1,0,0,0,0,0,0,1,0,0,1,0,0,0,0,1,0378-XSZPU
0,8,21.05,139.75,0,0.15062611806797854,1,0,1,1,1,0,0,0,1,1,0,1,0,1,0,1,0,1,0,1,0,0,0,0,1,0,0,0,0,0,1045-LTCYT
0,27,69.35,1927.3,0,0.0359829813729051,6,1,0,0,1,0,0,0,0,0,1,0,0,0,1,0,1,0,1,0,0,1,0,0,1,0,0,0,1,0,1544-JJMYL
0,34,88.85,3000.25,0,0.029614198816765268,5,1,1,0,1,0,1,1,0,0,0,0,1,0,0,0,0,0,0,0,1,0,0,0,0,0,1,0,1,0,4636-JGAAI
0,30,97.0,3021.3,0,0.03210538509912951,5,1,0,0,1,0,0,1,0,0,0,0,1,0,0,0,0,0,1,0,1,1,0,1,0,0,0,0,1,0,6874-SGLHU
0,33,66.4,2245.4,0,0.02957156854012648,5,1,0,0,1,0,0,0,0,0,0,0,1,0,1,0,0,0,1,0,0,0,0,1,1,0,0,0,1,0,5951-AOFIH
0,1,24.75,24.75,1,1.0,1,1,0,1,0,1,0,0,0,0,0,0,0,0,0,0,0,0,0,0,0,0,0,0,0,1,0,0,0,0,4729-XKASR
0,14,69.2,944.65,0,0.0732546445773567,6,1,1,1,1,0,1,0,0,0,1,0,1,0,0,0,0,0,0,0,1,0,0,0,0,0,1,1,0,0,3059-NGMXB
0,16,79.5,1264.2,0,0.06288561936402468,4,0,0,1,1,0,1,1,0,0,0,0,0,0,0,0,1,0,0,0,0,1,0,1,1,0,0,1,0,0,8652-YHIYU
0,49,100.65,4917.75,0,0.02046667683391795,6,0,0,0,1,0,0,1,0,0,0,0,0,0,1,0,1,0,1,0,1,0,1,0,1,0,0,0,0,1,5278-PNYOX
0,19,103.3,2012.7,1,0.051324092015700304,7,1,1,1,1,0,1,1,0,0,0,0,0,0,1,0,1,0,1,0,1,0,0,0,0,1,0,1,0,0,5449-FIBXJ
0,70,79.7,5743.3,0,0.01387703933278777,8,0,1,1,1,0,1,0,0,0,1,0,1,0,1,0,1,0,1,0,0,0,1,0,0,0,0,0,0,1,3486-HOOGQ
0,32,61.4,1864.65,0,0.03292843160914917,5,0,1,1,1,0,0,0,0,0,1,0,1,0,0,0,1,0,0,0,0,0,0,0,0,0,0,0,1,0,5061-PBXFW
0,18,69.8,1221.65,0,0.05713584087095321,2,0,0,0,1,0,0,1,0,0,0,0,0,0,0,0,0,0,0,0,0,0,0,1,0,1,0,1,0,0,8630-FJLIB
0,37,40.55,1390.85,0,0.029154833375274112,4,1,0,0,0,1,0,0,0,0,1,0,1,0,0,0,1,0,0,0,0,0,1,1,0,0,1,0,1,0,3891-NLXJB
0,4,75.65,302.35,0,0.2502067140730941,3,0,0,0,1,0,1,1,0,0,0,0,0,0,0,0,0,0,0,0,0,0,0,1,0,1,0,0,0,0,4749-OJKQU
0,16,90.7,1374.9,0,0.06596843406793221,6,0,1,0,1,0,1,1,0,0,1,0,1,0,1,0,0,0,0,0,0,0,0,0,0,1,0,1,0,0,0577-WHMEV
0,17,80.5,1336.9,0,0.0602139277432867,4,1,1,0,1,0,1,1,0,0,0,0,1,0,0,0,0,0,0,0,0,0,0,1,0,0,0,1,0,0,5453-AXEPF
0,19,60.6,1297.8,0,0.04669440591770689,5,0,0,1,1,0,0,0,0,0,1,0,1,0,1,0,0,0,0,0,0,0,0,1,0,1,0,1,0,0,3639-XJHKQ
0,60,101.15,6067.4,0,0.0166710617397897,6,1,1,0,1,0,1,1,0,0,0,0,0,0,1,0,0,0,1,0,1,0,1,0,1,0,0,0,0,1,3716-LRGXK
0,51,24.95,1222.25,0,0.020413172427899366,2,1,1,1,1,0,1,0,1,1,0,1,0,1,0,1,0,1,0,1,0,0,1,1,0,0,1,0,0,1,2263-SFSQZ
0,28,20.3,487.95,0,0.041602623219592176,1,1,1,1,1,0,0,0,1,1,0,1,0,1,0,1,0,1,0,1,0,0,1,1,1,0,0,0,1,0,9950-MTGYX
0,43,60.0,2548.55,0,0.023542798846402854,4,1,0,0,1,0,0,0,0,0,0,0,1,0,0,0,0,0,0,0,1,0,1,1,0,1,0,0,1,0,3397-AVTKU
0,42,20.25,835.5,0,0.02423698384201077,1,1,1,0,1,0,0,0,1,1,0,1,0,1,0,1,0,1,0,1,0,0,1,0,0,1,0,0,1,0,4825-FUREZ
0,3,78.5,242.05,1,0.3243131584383392,3,1,0,0,1,0,0,1,0,0,0,0,0,0,0,0,0,0,1,0,0,0,0,1,0,1,0,0,0,0,9837-BMCLM
0,1,44.75,44.75,0,1.0,2,0,0,0,1,0,0,0,0,0,0,0,0,0,0,0,0,0,0,0,0,0,0,0,0,0,1,0,0,0,2672-OJQZP
0,3,19.85,63.75,1,0.31137254901960787,1,0,0,0,1,0,0,0,1,1,0,1,0,1,0,1,0,1,0,1,0,0,0,0,0,0,1,0,0,0,0137-UDEUO
0,63,98.0,6218.45,0,0.01575955422975179,7,0,0,0,1,0,1,1,0,0,1,0,1,0,1,0,0,0,1,0,0,0,1,0,1,0,0,0,0,1,3134-DSHVC
1,3,79.9,260.9,1,0.306247604446148,3,1,0,0,1,0,0,1,0,0,0,0,0,0,0,0,0,0,1,0,0,0,0,1,0,1,0,0,0,0,6161-UUUTA
0,68,107.7,7320.9,0,0.014711305986968817,8,1,1,0,1,0,1,1,0,0,1,0,1,0,0,0,1,0,1,0,1,0,0,1,0,1,0,0,0,1,7821-DPRQE
1,30,99.7,2967.35,1,0.03359900247695756,6,0,0,0,1,0,1,1,0,0,0,0,1,0,0,0,0,0,1,0,1,0,0,1,0,1,0,0,1,0,6543-XRMYR
0,60,104.7,6333.8,0,0.01653036092077426,7,0,0,0,1,0,1,1,0,0,0,0,1,0,1,0,0,0,1,0,1,0,1,0,0,1,0,0,0,1,2001-EWBQU
0,15,58.6,939.7,1,0.06236032776418005,5,1,0,0,1,0,1,0,0,0,0,0,1,0,0,0,1,0,0,0,0,0,0,1,1,0,0,1,0,0,4925-LMHOK
1,45,93.9,4200.25,0,0.02235581215403845,5,1,0,0,1,0,1,1,0,0,0,0,0,0,0,0,0,0,1,0,1,0,0,1,0,0,0,0,1,0,1608-GMEWB
0,70,86.45,5950.2,0,0.014528923397532856,8,0,1,0,1,0,0,0,0,0,1,0,1,0,1,0,1,0,1,0,1,0,1,0,1,0,0,0,0,1,6695-AMZUF
0,10,98.5,1037.75,1,0.09491688749698868,6,1,1,0,1,0,1,1,0,0,0,0,0,0,1,0,0,0,1,0,1,0,0,1,0,1,0,0,0,0,1455-UGQVH
0,4,19.4,93.4,0,0.20770877944325478,1,1,0,0,1,0,0,0,1,1,0,1,0,1,0,1,0,1,0,1,0,0,0,0,0,0,1,0,0,0,8410-BGQXN
0,1,50.45,50.45,1,1.0,3,0,0,0,1,0,0,0,0,0,0,0,0,0,1,0,0,0,0,0,0,0,0,1,0,0,1,0,0,0,8280-MQRQN
0,68,24.95,1614.9,0,0.01544987305715524,2,0,1,0,1,0,1,0,1,1,0,1,0,1,0,1,0,1,0,1,0,0,1,1,1,0,0,0,0,1,1619-YWUBB
0,22,75.0,1573.95,0,0.047650814828933574,3,1,1,1,1,0,0,1,0,0,1,0,0,0,0,0,0,0,0,0,0,0,0,0,0,0,0,1,0,0,7611-YKYTC
0,38,94.65,3624.3,1,0.02611538779902326,6,1,1,1,1,0,1,1,0,0,0,0,1,0,1,0,0,0,1,0,0,0,0,1,0,1,0,0,1,0,2037-SGXHH
0,1,100.25,100.25,1,1.0,6,0,0,0,1,0,1,1,0,0,0,0,1,0,0,0,0,0,1,0,1,0,0,1,1,0,0,0,0,0,3178-FESZO
0,18,78.2,1468.75,0,0.053242553191489364,4,1,1,0,1,0,0,1,0,0,0,0,0,0,1,0,1,0,0,0,0,0,0,0,0,1,0,1,0,0,0365-GXEZS
0,29,94.2,2607.6,0,0.03612517257248044,5,1,0,0,1,0,0,1,0,0,0,0,0,0,0,0,1,0,1,0,1,0,0,1,0,1,0,0,1,0,0082-OQIQY
0,16,88.45,1422.1,1,0.062196751283313416,5,0,0,0,1,0,1,1,0,0,0,0,0,0,1,0,0,0,0,0,1,0,0,1,0,1,0,1,0,0,6087-MVHJH
0,1,69.85,69.85,1,1.0,2,1,0,0,1,0,0,1,0,0,0,0,0,0,0,0,0,0,0,0,0,0,0,1,0,1,0,0,0,0,4603-JANFB
0,12,81.7,858.6,1,0.09515490333100396,4,1,0,0,1,0,0,1,0,0,1,0,0,0,1,0,0,0,0,0,0,0,0,0,0,0,0,0,0,0,3018-TFTSU
0,31,50.05,1523.4,0,0.03285414205067611,4,1,0,0,0,1,0,0,0,0,0,0,0,0,1,0,0,0,1,0,1,1,0,1,0,1,0,0,1,0,3606-SBKRY
0,4,79.9,324.3,1,0.2463768115942029,3,1,0,0,1,0,0,1,0,0,0,0,0,0,0,0,0,0,0,0,1,0,0,1,0,1,0,0,0,0,4806-KEXQR
0,48,69.55,3435.6,0,0.02024391663755967,6,0,1,0,1,0,1,0,0,0,0,0,0,0,1,0,1,0,0,0,1,1,0,1,0,0,1,0,1,0,0667-NSRGI
0,15,25.4,399.6,1,0.06356356356356356,2,0,0,0,1,0,1,0,1,1,0,1,0,1,0,1,0,1,0,1,0,0,0,1,1,0,0,1,0,0,7083-YNSKY
0,50,90.1,4549.45,0,0.019804591763839585,6,1,0,0,1,0,0,1,0,0,1,0,1,0,1,0,1,0,0,0,0,1,0,1,1,0,0,0,0,1,6893-ODYYE
0,7,44.65,322.5,0,0.13844961240310077,2,1,0,0,1,0,0,0,0,0,0,0,0,0,0,0,0,0,0,0,0,0,0,1,0,0,0,0,0,0,8242-JSVBO
1,41,83.75,3273.55,1,0.02558384628308717,5,1,1,0,1,0,1,1,0,0,1,0,0,0,1,0,0,0,0,0,0,0,0,1,0,0,0,0,1,0,2479-BRAMR
0,68,80.35,5375.15,0,0.014948420044091793,4,1,1,1,1,0,0,1,0,0,1,0,0,0,1,0,0,0,0,0,0,0,1,0,1,0,0,0,0,1,9541-ZPSEA
1,26,98.1,2510.7,0,0.03907276855060342,6,0,1,0,1,0,1,1,0,0,0,0,0,0,1,0,0,0,1,0,1,0,0,1,0,0,0,0,1,0,2665-NPTGL
0,57,53.35,3090.05,0,0.017265092797851166,5,1,0,0,0,1,0,0,0,0,0,0,0,0,1,0,1,0,1,0,1,0,1,0,1,0,0,0,0,1,1139-WUOAH
0,3,19.55,61.05,0,0.32022932022932027,1,0,0,0,1,0,0,0,1,1,0,1,0,1,0,1,0,1,0,1,0,0,0,0,0,1,0,0,0,0,4693-VWVBO
0,1,20.9,20.9,1,1.0,1,0,0,0,1,0,0,0,1,1,0,1,0,1,0,1,0,1,0,1,0,0,0,0,0,0,1,0,0,0,7434-SHXLS
0,19,48.95,955.6,0,0.05122436165759732,3,1,1,1,1,0,0,0,0,0,1,0,0,0,0,0,0,0,0,0,0,1,0,1,0,0,0,1,0,0,6937-GCDGQ
0,3,54.2,140.4,0,0.38603988603988604,3,0,0,0,1,0,0,0,0,0,0,0,0,0,0,0,0,0,1,0,0,0,0,1,0,1,0,0,0,0,0988-JRWWP
0,59,24.45,1493.1,0,0.01637532650190878,2,0,0,0,1,0,1,0,1,1,0,1,0,1,0,1,0,1,0,1,0,0,1,0,0,1,0,0,0,1,5075-JSDKI
0,1,69.4,69.4,1,1.0,2,0,1,0,1,0,0,1,0,0,0,0,0,0,0,0,0,0,0,0,0,0,0,1,0,0,1,0,0,0,7908-QCBCA
0,42,40.15,1626.05,0,0.024691737646443838,3,1,1,0,0,1,0,0,0,0,1,0,0,0,0,0,0,0,1,0,0,0,0,1,0,0,0,0,1,0,8644-XYTSV
0,7,74.9,541.15,1,0.13840894391573502,3,0,0,0,1,0,1,1,0,0,0,0,0,0,0,0,0,0,0,0,0,0,0,1,0,1,0,0,0,0,6711-FLDFB
0,67,25.6,1784.9,0,0.014342540198330438,2,1,1,0,1,0,1,0,1,1,0,1,0,1,0,1,0,1,0,1,0,0,1,0,1,0,0,0,0,1,3873-WOSBC
0,1,70.35,70.35,0,1.0,2,1,0,0,1,0,0,1,0,0,0,0,0,0,0,0,0,0,0,0,0,0,0,1,0,1,0,0,0,0,7465-ZZRVX
0,66,91.7,6075.9,0,0.015092414292532795,9,1,1,0,1,0,1,0,0,0,1,0,1,0,1,0,1,0,1,0,1,0,1,0,0,0,0,0,0,1,7975-JMZNT
0,61,89.2,5500.6,0,0.016216412754972185,5,0,0,0,1,0,1,1,0,0,0,0,0,0,1,0,0,0,0,0,1,0,0,0,0,0,1,0,0,1,7251-XFOIL
0,4,24.1,73.1,0,0.3296853625170999,2,1,1,1,1,0,1,0,1,1,0,1,0,1,0,1,0,1,0,1,0,1,0,0,1,0,0,0,0,0,4116-IQRFR
1,42,74.15,3229.4,1,0.02296092153341178,3,0,1,0,1,0,0,1,0,0,1,0,0,0,0,0,0,0,0,0,0,0,0,1,1,0,0,0,1,0,3714-JTVOV
0,64,53.85,3399.85,0,0.015838934070620765,4,0,1,1,1,0,1,0,0,0,0,0,1,0,0,0,0,0,0,0,0,1,0,1,0,0,0,0,0,1,8259-DZLIZ
1,54,115.6,6431.05,0,0.017975291748625805,9,0,1,0,1,0,1,1,0,0,1,0,1,0,1,0,1,0,1,0,1,1,0,1,0,0,0,0,0,1,0442-ZXKVS
0,1,19.75,19.75,0,1.0,1,1,0,0,1,0,0,0,1,1,0,1,0,1,0,1,0,1,0,1,0,0,0,1,1,0,0,0,0,0,7853-WNZSY
0,54,24.05,1230.9,0,0.01953854902916565,2,1,1,1,1,0,1,0,1,1,0,1,0,1,0,1,0,1,0,1,0,0,1,1,0,0,0,0,0,1,3120-FAZKD
0,18,25.3,454.65,0,0.055647201143736946,2,0,0,1,1,0,1,0,1,1,0,1,0,1,0,1,0,1,0,1,0,0,1,0,1,0,0,1,0,0,8606-OEGQZ
0,3,84.3,235.05,0,0.35864709636247605,4,1,0,0,1,0,0,1,0,0,0,0,1,0,0,0,0,0,0,0,1,0,0,0,0,1,0,0,0,0,0225-ZORZP
0,1,70.1,70.1,1,1.0,2,0,0,0,1,0,0,1,0,0,0,0,0,0,0,0,0,0,0,0,0,0,0,1,0,1,0,0,0,0,4702-IOQDC
0,72,89.75,6595.9,0,0.013606937643081308,9,0,1,1,1,0,1,0,0,0,1,0,1,0,1,0,1,0,1,0,1,0,1,0,1,0,0,0,0,1,9489-JMTTN
1,60,97.95,5867.0,0,0.016695074143514572,6,1,1,0,1,0,0,1,0,0,0,0,1,0,1,0,0,0,1,0,1,1,0,1,0,1,0,0,0,1,0575-CUQOV
0,11,20.0,196.35,0,0.10185892538833716,1,0,1,1,1,0,0,0,1,1,0,1,0,1,0,1,0,1,0,1,0,1,0,1,0,0,1,0,0,0,0967-BMLBD
0,12,78.3,909.25,1,0.08611492988726972,4,0,0,1,1,0,1,1,0,0,1,0,0,0,0,0,0,0,0,0,0,0,0,1,0,1,0,0,0,0,6178-KFNHS
0,61,103.9,6449.15,0,0.0161106502407294,7,1,1,1,1,0,0,1,0,0,0,0,1,0,1,0,1,0,1,0,1,1,0,0,1,0,0,0,0,1,2830-LEWOA
0,39,20.7,762.45,0,0.027149321266968323,1,0,0,0,1,0,0,0,1,1,0,1,0,1,0,1,0,1,0,1,0,0,1,0,1,0,0,0,1,0,5006-MXVRN
0,55,96.8,5283.95,1,0.018319628308367794,5,1,0,0,1,0,1,1,0,0,0,0,0,0,0,0,0,0,1,0,1,0,0,1,0,1,0,0,0,1,1264-BYWMS
0,17,94.4,1617.5,1,0.058361669242658426,6,0,0,0,1,0,1,1,0,0,1,0,1,0,0,0,0,0,1,0,0,0,0,1,0,1,0,1,0,0,9658-WYUFB
0,37,20.15,785.75,0,0.025644288895959273,1,1,0,0,1,0,0,0,1,1,0,1,0,1,0,1,0,1,0,1,0,1,0,0,1,0,0,0,1,0,8327-WKMIE
0,72,26.0,1776.0,0,0.01463963963963964,2,0,1,0,1,0,1,0,1,1,0,1,0,1,0,1,0,1,0,1,0,0,1,1,0,0,1,0,0,1,6917-FIJHC
1,72,77.35,5396.25,0,0.014334028260365993,7,1,1,0,1,0,1,0,0,0,0,0,1,0,1,0,1,0,1,0,0,0,1,0,1,0,0,0,0,1,5329-KRDTM
0,8,66.05,574.5,0,0.11496953872932984,5,0,0,0,1,0,0,0,0,0,1,0,0,0,0,0,1,0,0,0,1,0,0,0,0,0,0,0,0,0,7797-EJMDP
0,22,19.9,400.3,0,0.049712715463402446,1,0,1,1,1,0,0,0,1,1,0,1,0,1,0,1,0,1,0,1,0,0,0,0,0,0,1,1,0,0,3530-VWVGU
0,1,84.3,84.3,1,1.0,4,0,0,0,1,0,0,1,0,0,0,0,1,0,0,0,0,0,1,0,0,0,0,0,0,1,0,0,0,0,2013-SGDXK
0,38,68.15,2656.3,0,0.02565598765199714,6,0,0,0,1,0,1,0,0,0,0,0,1,0,0,0,1,0,0,0,1,0,0,0,1,0,0,0,1,0,6368-NWMCE
0,17,80.85,1445.95,0,0.05591479650057055,7,1,0,1,1,0,0,0,0,0,0,0,1,0,1,0,1,0,1,0,1,1,0,0,0,1,0,1,0,0,3633-CDBUW
1,70,75.5,5212.65,0,0.014483995664393352,7,0,0,0,1,0,1,0,0,0,0,0,1,0,1,0,1,0,1,0,0,0,1,1,0,0,0,0,0,1,0707-HOVVN
1,72,92.45,6440.25,1,0.01435503280152168,9,0,1,1,1,0,1,0,0,0,1,0,1,0,1,0,1,0,1,0,1,0,1,0,1,0,0,0,0,1,8580-QVLOC
0,28,80.6,2244.95,0,0.035902804071360164,3,0,0,0,1,0,0,1,0,0,0,0,0,0,0,0,0,0,0,0,1,0,0,1,0,1,0,0,1,0,3956-MGXOG
0,15,83.2,1130.0,0,0.0736283185840708,4,0,0,0,1,0,0,1,0,0,0,0,1,0,0,0,0,0,1,0,0,0,0,1,0,0,0,1,0,0,9274-UARKJ
0,72,87.55,6463.15,0,0.013546026318436056,9,1,1,1,1,0,1,0,0,0,1,0,1,0,1,0,1,0,1,0,1,0,1,1,0,0,0,0,0,1,4077-HWUYD
1,11,99.55,1131.2,1,0.08800388967468174,6,0,1,0,1,0,1,1,0,0,0,0,0,0,1,0,0,0,1,0,1,0,0,1,0,1,0,0,0,0,2012-NWRPA
1,8,81.25,585.95,1,0.13866370850755183,4,1,0,0,1,0,1,1,0,0,0,0,0,0,1,0,0,0,0,0,0,0,0,1,0,1,0,0,0,0,8808-ELEHO
0,57,109.4,6252.7,0,0.017496441537255908,8,0,1,0,1,0,1,1,0,0,0,0,1,0,1,0,1,0,1,0,1,1,0,1,0,0,0,0,0,1,0103-CSITQ
0,1,19.95,19.95,1,1.0,1,1,1,1,1,0,0,0,1,1,0,1,0,1,0,1,0,1,0,1,0,0,0,0,0,0,0,0,0,0,3506-LCJDC
0,46,45.55,2062.15,0,0.02208859685279926,4,0,1,0,0,1,0,0,0,0,1,0,1,0,0,0,0,0,1,0,0,0,0,0,0,1,0,0,1,0,8671-KKKOS
0,30,20.7,587.1,0,0.03525804803270311,1,1,1,0,1,0,0,0,1,1,0,1,0,1,0,1,0,1,0,1,0,1,0,0,1,0,0,0,1,0,7305-ZWMAJ
1,10,75.3,720.45,0,0.10451800957734748,3,1,1,0,1,0,0,1,0,0,1,0,0,0,0,0,0,0,0,0,0,0,0,0,0,1,0,0,0,0,9518-XXBXE
0,23,99.25,2186.4,1,0.04539425539699963,7,1,1,0,1,0,1,1,0,0,1,0,1,0,1,0,0,0,1,0,0,0,0,1,0,1,0,1,0,0,3934-HXCFZ
0,32,93.4,2979.3,0,0.03134964588997415,6,1,0,0,1,0,0,1,0,0,1,0,1,0,1,0,0,0,0,0,1,0,0,1,1,0,0,0,1,0,6578-KRMAW
0,13,73.75,956.65,0,0.07709193539957142,3,1,0,0,1,0,0,1,0,0,1,0,0,0,0,0,0,0,0,0,0,0,0,1,1,0,0,1,0,0,4860-IJUDE
0,39,80.45,3201.55,1,0.02512845340538177,4,0,0,0,1,0,0,1,0,0,0,0,0,0,1,0,1,0,0,0,0,0,1,1,0,1,0,0,1,0,7666-WKRON
0,44,88.15,3973.2,0,0.022186147186147188,5,0,0,0,1,0,0,1,0,0,0,0,1,0,1,0,0,0,1,0,0,0,0,1,1,0,0,0,1,0,9688-YGXVR
1,9,49.2,447.9,0,0.10984594775619559,3,1,0,0,1,0,0,0,0,0,0,0,0,0,0,0,1,0,0,0,0,0,0,0,0,0,1,0,0,0,0423-UDIJQ
0,67,19.65,1335.2,0,0.014716896345116835,1,0,1,0,1,0,0,0,1,1,0,1,0,1,0,1,0,1,0,1,0,0,1,0,0,0,1,0,0,1,1945-XISKS
0,9,79.35,661.25,1,0.12,4,1,1,1,1,0,1,1,0,0,0,0,0,0,1,0,0,0,0,0,0,0,0,1,0,0,0,0,0,0,4910-AQFFX
0,15,79.75,1111.85,1,0.07172730134460584,4,0,0,0,1,0,1,1,0,0,0,0,1,0,0,0,0,0,0,0,0,0,0,1,0,1,0,1,0,0,2154-KVJFF
0,71,105.15,7555.0,0,0.013917935142289875,7,0,1,0,1,0,1,1,0,0,0,0,1,0,1,0,0,0,1,0,1,0,1,1,0,0,0,0,0,1,5360-LJCNJ
0,1,49.0,49.0,0,1.0,3,1,0,0,1,0,0,0,0,0,0,0,0,0,0,0,1,0,0,0,0,0,0,0,1,0,0,0,0,0,2607-FBDFF
0,30,100.05,3046.15,1,0.03284473844032631,6,0,1,1,1,0,1,1,0,0,0,0,0,0,1,0,0,0,1,0,1,0,0,1,0,1,0,0,1,0,9647-ERGBE
0,1,69.35,69.35,1,1.0,2,1,0,0,1,0,0,1,0,0,0,0,0,0,0,0,0,0,0,0,0,0,0,1,0,1,0,0,0,0,3428-XZMAZ
0,17,49.8,836.35,0,0.05954444909427871,4,1,1,0,0,1,0,0,0,0,0,0,1,0,0,0,0,0,1,0,1,0,0,1,0,0,1,1,0,0,1100-DDVRV
0,3,85.8,272.2,1,0.3152094048493755,4,0,0,0,1,0,0,1,0,0,0,0,0,0,0,0,1,0,0,0,1,0,0,0,0,1,0,0,0,0,0378-TOVMS
0,67,79.7,5293.4,1,0.01505648543469226,7,1,1,1,1,0,1,0,0,0,1,0,0,0,1,0,0,0,1,0,1,0,1,1,0,1,0,0,0,1,4355-HBJHH
0,1,20.95,20.95,0,1.0,1,1,0,0,1,0,0,0,1,1,0,1,0,1,0,1,0,1,0,1,0,0,0,0,0,0,0,0,0,0,6728-WYQBC
1,1,50.55,50.55,1,1.0,3,0,0,0,1,0,1,0,0,0,0,0,0,0,0,0,0,0,0,0,0,0,0,0,0,0,1,0,0,0,9058-CBREO
1,32,79.3,2570.0,0,0.030856031128404668,4,0,1,0,1,0,1,1,0,0,0,0,0,0,1,0,0,0,0,0,0,0,0,0,0,0,1,0,1,0,9029-FEGVJ
0,41,19.5,798.2,0,0.024429967426710095,1,1,1,1,1,0,0,0,1,1,0,1,0,1,0,1,0,1,0,1,0,1,0,0,0,0,0,0,1,0,7216-KAOID
0,1,80.55,80.55,1,1.0,3,1,1,0,1,0,0,1,0,0,0,0,0,0,0,0,0,0,1,0,0,0,0,1,0,1,0,0,0,0,0318-QUUOB
0,1,44.15,44.15,0,1.0,2,0,0,0,1,0,0,0,0,0,0,0,0,0,0,0,0,0,0,0,0,0,0,0,0,0,0,0,0,0,6145-NNPNO
0,12,84.5,916.9,1,0.09215835969026066,5,0,1,1,1,0,1,1,0,0,0,0,1,0,1,0,0,0,0,0,0,0,0,1,0,1,0,0,0,0,5520-FVEWJ
0,62,105.5,6487.2,0,0.01626279442594648,7,1,1,1,1,0,1,1,0,0,1,0,1,0,0,0,0,0,1,0,1,0,0,1,0,1,0,0,0,1,5339-TJFEK
0,22,84.3,1855.65,1,0.04542882547894268,4,0,0,0,1,0,0,1,0,0,0,0,1,0,0,0,0,0,0,0,1,0,0,1,0,0,1,1,0,0,5572-ZDXHY
0,17,92.7,1556.85,0,0.05954330860391175,6,0,0,1,1,0,1,1,0,0,0,0,1,0,1,0,1,0,0,0,0,0,0,1,1,0,0,1,0,0,2074-GUHPQ
0,72,26.25,1988.05,0,0.013203893262241896,2,0,1,1,1,0,1,0,1,1,0,1,0,1,0,1,0,1,0,1,0,0,1,1,0,0,0,0,0,1,4625-XMOYM
0,56,96.95,5432.2,0,0.01784728102794448,6,1,1,1,1,0,1,1,0,0,0,0,1,0,0,0,1,0,1,0,0,0,0,1,1,0,0,0,0,1,5827-MWCZK
0,9,20.45,147.55,0,0.1385970857336496,1,0,0,0,1,0,0,0,1,1,0,1,0,1,0,1,0,1,0,1,0,0,0,1,1,0,0,0,0,0,1385-TQOZW
0,72,115.8,8424.9,0,0.013744970266709398,9,1,1,0,1,0,1,1,0,0,1,0,1,0,1,0,1,0,1,0,1,0,1,1,0,0,0,0,0,1,5914-XRFQB
0,20,108.2,2203.7,0,0.04909924218360032,8,1,0,0,1,0,0,1,0,0,1,0,1,0,1,0,1,0,1,0,1,0,0,1,0,0,0,1,0,0,4329-YPDDQ
0,19,20.2,387.4,0,0.05214248838409912,1,1,1,1,1,0,0,0,1,1,0,1,0,1,0,1,0,1,0,1,0,0,1,0,0,0,1,1,0,0,4804-NCPET
0,2,67.75,116.65,1,0.5807972567509644,2,1,0,0,1,0,0,1,0,0,0,0,0,0,0,0,0,0,0,0,0,0,0,1,0,1,0,0,0,0,3750-CKVKH
0,53,54.9,3045.75,0,0.018025116966264465,5,1,0,0,0,1,0,0,0,0,0,0,0,0,1,0,1,0,1,0,1,1,0,0,1,0,0,0,0,1,5944-UGLLK
1,27,85.25,2287.25,1,0.03727183298721172,4,0,0,0,1,0,1,1,0,0,0,0,0,0,0,0,0,0,0,0,1,0,0,1,0,1,0,0,1,0,8063-GBATB
0,6,20.15,130.5,0,0.15440613026819922,1,1,0,0,1,0,0,0,1,1,0,1,0,1,0,1,0,1,0,1,0,0,0,0,0,0,0,0,0,0,7787-BNTZM
0,9,90.35,767.9,0,0.11765854929027217,5,1,1,1,1,0,1,1,0,0,0,0,0,0,1,0,0,0,1,0,0,1,0,1,0,1,0,0,0,0,2252-ISRNH
0,8,55.75,446.8,0,0.12477618621307072,4,0,1,1,1,0,1,0,0,0,0,0,1,0,0,0,0,0,0,0,0,0,0,0,0,1,0,0,0,0,9415-TPKRV
0,71,114.6,8100.25,0,0.014147711490386098,9,0,1,1,1,0,1,1,0,0,1,0,1,0,1,0,1,0,1,0,1,0,1,0,0,0,0,0,0,1,5322-TEUJK
0,10,80.05,830.7,1,0.0963645118574696,4,0,0,0,1,0,1,1,0,0,0,0,1,0,0,0,0,0,0,0,0,0,0,1,0,0,0,0,0,0,4547-KQRTM
0,1,20.0,20.0,1,1.0,1,1,0,0,1,0,0,0,1,1,0,1,0,1,0,1,0,1,0,1,0,0,0,0,0,0,1,0,0,0,4877-EVATK
0,71,66.8,4689.15,0,0.01424565219709329,7,0,1,0,0,1,0,0,0,0,1,0,1,0,1,0,1,0,1,0,1,1,0,0,0,0,0,0,0,1,1866-DIOQZ
0,68,100.3,6754.35,0,0.014849689459385432,6,1,1,0,1,0,0,1,0,0,0,0,1,0,0,0,1,0,1,0,1,1,0,1,0,1,0,0,0,1,8375-KVTHK
0,34,105.35,3540.65,0,0.029754423622781124,7,1,0,0,1,0,1,1,0,0,0,0,1,0,0,0,1,0,1,0,1,0,0,1,0,1,0,0,1,0,2697-NQBPF
0,26,85.2,2184.6,0,0.03900027464982148,5,1,0,0,1,0,0,1,0,0,0,0,1,0,1,0,1,0,0,0,0,1,0,1,0,1,0,0,1,0,3709-OIJEA
0,22,48.8,1054.6,1,0.046273468613692394,3,0,0,0,1,0,0,0,0,0,1,0,0,0,0,0,0,0,0,0,0,0,0,1,1,0,0,1,0,0,7639-SUPCW
0,7,18.95,130.55,0,0.1451551129835312,1,1,0,0,1,0,0,0,1,1,0,1,0,1,0,1,0,1,0,1,0,0,0,1,0,0,1,0,0,0,1386-ZIKUV
0,20,69.8,1540.35,0,0.04531437660272016,2,0,1,0,1,0,0,1,0,0,0,0,0,0,0,0,0,0,0,0,0,0,0,1,0,0,0,1,0,0,0599-XNYDO
0,60,106.15,6411.25,0,0.01655683369077793,7,0,1,0,1,0,1,1,0,0,0,0,1,0,1,0,0,0,1,0,1,0,0,1,0,1,0,0,0,1,6377-WHAOX
0,72,20.55,1432.55,0,0.01434504903842798,1,1,1,1,1,0,0,0,1,1,0,1,0,1,0,1,0,1,0,1,0,0,1,0,0,1,0,0,0,1,6855-VLGOS
1,72,105.75,7629.85,0,0.013860036566904984,7,0,1,0,1,0,1,1,0,0,0,0,1,0,1,0,0,0,1,0,1,1,0,1,1,0,0,0,0,1,8999-XXGNS
0,4,25.25,101.9,0,0.2477919528949951,2,1,0,0,1,0,1,0,1,1,0,1,0,1,0,1,0,1,0,1,0,0,0,0,0,0,1,0,0,0,8746-OQQRW
0,16,19.75,313.4,0,0.06301850670070198,1,1,1,1,1,0,0,0,1,1,0,1,0,1,0,1,0,1,0,1,0,0,0,0,0,1,0,1,0,0,3181-MIZBN
1,62,104.85,6312.9,0,0.016608848548210806,7,0,1,0,1,0,1,1,0,0,1,0,0,0,1,0,0,0,1,0,1,1,0,1,0,1,0,0,0,1,0471-ARVMX
0,10,60.95,629.55,0,0.09681518544992455,4,0,0,0,1,0,0,0,0,0,0,0,0,0,0,0,1,0,0,0,1,0,0,1,0,0,1,0,0,0,7766-CLTIC
0,31,81.15,2640.55,0,0.03073223381492492,4,1,0,0,1,0,1,1,0,0,0,0,1,0,0,0,0,0,0,0,0,0,0,1,0,1,0,0,1,0,5650-YLIBA
0,71,19.1,1372.45,0,0.01391671827753288,1,0,1,0,1,0,0,0,1,1,0,1,0,1,0,1,0,1,0,1,0,0,1,0,1,0,0,0,0,1,0825-CPPQH
0,58,20.8,1212.25,0,0.017158176943699734,1,1,0,0,1,0,0,0,1,1,0,1,0,1,0,1,0,1,0,1,0,0,1,0,0,0,1,0,0,1,9084-OAYKL
0,70,90.15,6237.05,0,0.014453948581460787,9,1,1,1,1,0,1,0,0,0,1,0,1,0,1,0,1,0,1,0,1,0,1,1,1,0,0,0,0,1,6122-LJADA
0,71,90.1,6310.9,0,0.014276886022595827,9,0,1,0,1,0,1,0,0,0,1,0,1,0,1,0,1,0,1,0,1,0,1,0,0,1,0,0,0,1,2400-XIWIO
1,69,74.1,5031.0,0,0.014728682170542634,7,1,0,0,1,0,1,0,0,0,1,0,0,0,1,0,1,0,0,0,1,0,1,0,1,0,0,0,0,1,7524-VRLPL
1,1,85.05,85.05,1,1.0,4,0,0,0,1,0,1,1,0,0,0,0,0,0,0,0,0,0,0,0,1,0,0,1,0,1,0,0,0,0,1069-XAIEM
0,72,118.75,8672.45,0,0.013692785775645866,9,0,1,1,1,0,1,1,0,0,1,0,1,0,1,0,1,0,1,0,1,0,1,1,0,0,0,0,0,1,7569-NMZYQ
0,26,85.9,2196.45,0,0.03910856154248902,4,0,1,0,1,0,0,1,0,0,0,0,0,0,0,0,1,0,0,0,1,0,0,0,1,0,0,0,1,0,5201-USSQZ
0,33,95.0,3008.15,0,0.03158087196449645,6,0,1,0,1,0,1,1,0,0,0,0,0,0,1,0,1,0,0,0,1,0,0,1,1,0,0,0,1,0,2105-PHWON
0,10,20.15,220.8,0,0.09125905797101448,1,0,1,1,1,0,0,0,1,1,0,1,0,1,0,1,0,1,0,1,0,0,1,0,0,0,1,0,0,0,1494-EJZDW
1,57,101.3,5779.6,0,0.017527164509654646,7,0,0,0,1,0,1,1,0,0,1,0,0,0,1,0,1,0,0,0,1,0,1,0,1,0,0,0,0,1,4884-TVUQF
0,10,21.2,222.65,0,0.09521670783741297,1,0,0,0,1,0,0,0,1,1,0,1,0,1,0,1,0,1,0,1,0,0,0,1,0,1,0,0,0,0,8003-EWNDZ
0,39,24.2,914.6,0,0.026459654493767765,2,0,1,1,1,0,1,0,1,1,0,1,0,1,0,1,0,1,0,1,0,1,0,1,0,0,1,0,1,0,1897-RCFUM
0,11,20.3,246.3,0,0.08241981323589119,1,0,0,0,1,0,0,0,1,1,0,1,0,1,0,1,0,1,0,1,0,0,0,0,0,0,0,0,0,0,9256-JTBNZ
0,21,102.8,2110.15,1,0.04871691585906215,7,0,1,1,1,0,0,1,0,0,0,0,1,0,1,0,1,0,1,0,1,0,0,1,0,1,0,1,0,0,4658-HCOHW
0,68,85.3,5560.0,0,0.015341726618705035,8,0,1,1,1,0,1,0,0,0,0,0,1,0,1,0,1,0,1,0,1,0,1,0,0,0,0,0,0,1,2211-RMNHO
0,18,89.6,1633.0,0,0.0548683404776485,5,1,0,0,1,0,1,1,0,0,0,0,0,0,1,0,0,0,1,0,0,1,0,1,1,0,0,1,0,0,2432-TFSMK
0,6,99.95,547.65,1,0.1825070756870264,6,0,0,0,1,0,0,1,0,0,0,0,0,0,1,0,1,0,1,0,1,0,0,1,0,0,1,0,0,0,3440-JPSCL
0,18,56.25,969.85,0,0.057998659586533996,4,1,0,0,1,0,1,0,0,0,1,0,0,0,0,0,0,0,0,0,0,0,0,0,0,0,1,1,0,0,4929-ROART
0,52,50.95,2610.65,0,0.01951621243751556,3,0,1,1,1,0,0,0,0,0,0,0,0,0,1,0,0,0,0,0,0,1,0,1,0,0,0,0,0,1,1834-ABKHQ
0,56,115.85,6567.9,0,0.017638819105041184,9,1,1,1,1,0,1,1,0,0,1,0,1,0,1,0,1,0,1,0,1,0,1,0,0,0,1,0,0,1,1741-WTPON
0,45,103.65,4747.85,0,0.021830934001706034,7,1,0,0,1,0,1,1,0,0,0,0,0,0,1,0,1,0,1,0,1,0,0,1,0,0,0,0,1,0,3932-IJWDZ
0,67,26.1,1759.55,0,0.014833338069392743,2,0,0,0,1,0,1,0,1,1,0,1,0,1,0,1,0,1,0,1,0,0,1,1,0,0,1,0,0,1,1240-HCBOH
0,3,35.1,101.1,0,0.3471810089020772,3,1,1,0,0,1,0,0,0,0,1,0,0,0,0,0,1,0,0,0,0,0,0,0,0,0,1,0,0,0,3594-KADLU
1,65,99.1,6496.15,0,0.01525518961230883,6,1,0,0,1,0,0,1,0,0,0,0,1,0,1,0,0,0,1,0,1,0,0,1,0,0,0,0,0,1,8065-BVEPF
0,63,67.25,4234.15,0,0.015882762774110507,6,1,1,0,1,0,1,0,0,0,0,0,1,0,0,0,1,0,0,0,1,0,1,0,0,0,1,0,0,1,3796-ENZGF
0,11,25.0,300.7,0,0.08313934153641503,2,0,1,1,1,0,1,0,1,1,0,1,0,1,0,1,0,1,0,1,0,0,1,0,0,0,1,0,0,0,1734-ZMNTZ
0,1,59.55,59.55,0,1.0,4,1,0,1,1,0,0,0,0,0,0,0,0,0,0,0,1,0,0,0,1,0,0,1,0,0,1,0,0,0,2853-CWQFQ
0,55,77.8,4323.35,0,0.017995304567060263,6,1,0,0,1,0,1,0,0,0,0,0,0,0,1,0,0,0,1,0,1,0,1,1,0,0,0,0,0,1,0813-TAXXS
0,25,55.1,1466.1,0,0.03758270240774845,4,1,1,1,1,0,1,0,0,0,0,0,0,0,0,0,1,0,0,0,0,1,0,1,0,0,1,0,1,0,2519-TWKFS
0,72,117.8,8684.8,1,0.013563927781871777,9,1,1,0,1,0,1,1,0,0,1,0,1,0,1,0,1,0,1,0,1,1,0,1,0,0,0,0,0,1,2889-FPWRM
0,72,24.15,1776.45,0,0.013594528413408764,2,0,1,0,1,0,1,0,1,1,0,1,0,1,0,1,0,1,0,1,0,0,1,1,1,0,0,0,0,1,0626-QXNGV
0,65,45.25,2933.95,0,0.015422894050682527,4,0,0,1,0,1,0,0,0,0,0,0,1,0,0,0,1,0,1,0,0,0,1,0,0,0,1,0,0,1,6723-CEGQI
1,54,79.5,4370.25,1,0.01819117899433671,4,0,0,0,1,0,1,1,0,0,0,0,1,0,0,0,0,0,0,0,0,0,0,1,0,1,0,0,0,1,6987-XQSJT
0,7,20.25,144.35,0,0.14028403186698996,1,1,1,1,1,0,0,0,1,1,0,1,0,1,0,1,0,1,0,1,0,0,0,0,0,0,1,0,0,0,4732-RRJZC
0,72,64.75,4804.75,0,0.01347624746344763,6,0,1,0,1,0,1,0,0,0,1,0,1,0,0,0,1,0,0,0,0,0,1,0,0,0,0,0,0,1,9499-XPZXM
0,21,54.6,1125.2,0,0.048524706718805544,3,1,1,0,1,0,0,0,0,0,0,0,0,0,0,0,0,0,1,0,0,0,0,0,0,0,0,1,0,0,4338-EYCER
0,2,20.7,39.85,0,0.5194479297365119,1,0,0,0,1,0,0,0,1,1,0,1,0,1,0,1,0,1,0,1,0,0,0,1,0,0,0,0,0,0,3007-FDPEA
1,4,94.75,422.4,0,0.224313446969697,5,1,0,0,1,0,0,1,0,0,0,0,0,0,1,0,0,0,1,0,1,0,0,1,0,1,0,0,0,0,6350-XFYGW
0,3,79.65,251.75,1,0.3163853028798411,4,1,1,0,1,0,1,1,0,0,0,0,0,0,0,0,1,0,0,0,0,0,0,1,0,0,0,0,0,0,4290-BSXUX
0,72,115.8,8332.15,0,0.013897973512238739,9,1,1,0,1,0,1,1,0,0,1,0,1,0,1,0,1,0,1,0,1,0,1,0,1,0,0,0,0,1,8513-OLYGY
0,6,49.45,314.6,0,0.15718372536554354,3,0,0,0,1,0,0,0,0,0,1,0,0,0,0,0,0,0,0,0,0,0,0,1,0,1,0,0,0,0,0311-QYWSS
0,52,83.8,4331.4,0,0.019347093318557513,4,1,0,0,1,0,0,1,0,0,0,0,0,0,1,0,0,0,0,0,1,0,0,1,1,0,0,0,0,1,8705-DWKTI
1,69,95.35,6382.0,0,0.014940457536822311,6,1,1,0,1,0,1,1,0,0,0,0,1,0,1,0,0,0,0,0,1,0,0,1,0,0,0,0,0,1,8755-IWJHN
0,8,94.7,740.3,1,0.12792111306227205,5,1,0,0,1,0,0,1,0,0,0,0,0,0,1,0,0,0,1,0,1,0,0,1,0,1,0,0,0,0,0325-XBFAC
1,8,74.05,600.15,0,0.12338582021161376,3,0,0,0,1,0,0,1,0,0,0,0,0,0,1,0,0,0,0,0,0,0,0,1,0,0,0,0,0,0,4480-QQRHC
1,63,89.6,5538.8,0,0.016176789196215784,5,0,0,0,1,0,1,1,0,0,0,0,0,0,1,0,0,0,0,0,1,0,0,1,0,0,0,0,0,1,0929-PECLO
0,60,116.6,7049.5,0,0.016540180154620894,9,1,0,0,1,0,1,1,0,0,1,0,1,0,1,0,1,0,1,0,1,1,0,1,1,0,0,0,0,1,3680-CTHUH
0,12,54.2,690.5,0,0.07849384503982622,4,0,1,0,1,0,0,0,0,0,1,0,0,0,0,0,1,0,0,0,0,0,0,0,0,0,0,0,0,0,1202-KKGFU
0,13,19.3,279.3,0,0.06910132474042248,1,0,0,0,1,0,0,0,1,1,0,1,0,1,0,1,0,1,0,1,0,0,0,1,0,0,1,1,0,0,6112-KTHFQ
0,22,65.05,1427.55,0,0.0455675808202865,6,1,0,0,1,0,1,0,0,0,1,0,1,0,1,0,0,0,0,0,0,0,0,0,0,0,1,1,0,0,1852-XEMDW
0,5,92.5,452.7,1,0.20432957808703336,5,1,0,0,1,0,1,1,0,0,0,0,0,0,1,0,0,0,1,0,0,0,0,1,0,1,0,0,0,0,2462-XIIJB
0,1,19.45,19.45,1,1.0,1,0,1,1,1,0,0,0,1,1,0,1,0,1,0,1,0,1,0,1,0,0,0,0,0,0,1,0,0,0,4760-XOHVN
0,72,24.05,1709.15,0,0.014071322002164818,2,0,1,1,1,0,1,0,1,1,0,1,0,1,0,1,0,1,0,1,0,0,1,1,0,0,0,0,0,1,1820-DJFPH
0,2,18.75,53.15,0,0.3527751646284102,1,0,0,0,1,0,0,0,1,1,0,1,0,1,0,1,0,1,0,1,0,0,0,0,0,0,0,0,0,0,9426-SXNHE
0,40,20.15,777.35,0,0.02592139962693767,1,0,1,1,1,0,0,0,1,1,0,1,0,1,0,1,0,1,0,1,0,0,1,0,0,0,0,0,1,0,9068-FHQHD
0,44,20.0,860.85,0,0.02323285125166986,1,1,1,1,1,0,0,0,1,1,0,1,0,1,0,1,0,1,0,1,0,1,0,0,0,0,0,0,1,0,1269-FOYWN
1,71,71.0,5012.1,0,0.014165718960116517,6,1,1,0,1,0,0,0,0,0,1,0,1,0,0,0,1,0,1,0,0,1,0,1,0,0,0,0,0,1,9470-YFUYI
0,2,75.55,166.3,1,0.4542994588093806,3,0,0,0,1,0,1,1,0,0,0,0,0,0,0,0,0,0,0,0,0,0,0,1,0,1,0,0,0,0,7817-BOQPW
1,26,93.6,2404.1,0,0.038933488623601346,5,1,0,0,1,0,1,1,0,0,0,0,0,0,0,0,0,0,1,0,1,0,0,1,0,1,0,0,1,0,7402-EYFXX
0,1,70.0,70.0,1,1.0,2,1,1,1,1,0,0,1,0,0,0,0,0,0,0,0,0,0,0,0,0,0,0,1,0,1,0,0,0,0,1853-UDXBW
0,1,24.4,24.4,0,1.0,1,0,0,0,0,1,0,0,0,0,0,0,0,0,0,0,0,0,0,0,0,0,0,0,0,0,1,0,0,0,9895-VFOXH
0,65,74.8,4820.15,1,0.01551818926796884,6,1,1,1,1,0,0,0,0,0,1,0,0,0,0,0,1,0,1,0,1,0,1,1,0,0,0,0,0,1,5458-CQJTA
0,3,65.25,209.9,0,0.31086231538828013,5,1,0,0,1,0,1,0,0,0,0,0,0,0,0,0,1,0,1,0,0,0,0,1,0,0,1,0,0,0,1230-QAJDW
0,13,50.55,610.75,0,0.08276708964388046,3,1,0,0,1,0,0,0,0,0,0,0,0,0,0,0,1,0,0,0,0,0,0,1,0,0,1,1,0,0,5701-ZIKJE
0,33,104.4,3409.6,1,0.030619427498826846,7,0,1,0,1,0,1,1,0,0,0,0,1,0,1,0,0,0,1,0,1,0,0,1,0,1,0,0,1,0,5219-YIPTK
0,1,70.7,70.7,0,1.0,2,0,0,0,1,0,0,1,0,0,0,0,0,0,0,0,0,0,0,0,0,0,0,1,0,0,1,0,0,0,5032-MIYKT
0,4,45.25,155.35,0,0.29127775989700677,2,1,1,1,1,0,0,0,0,0,0,0,0,0,0,0,0,0,0,0,0,0,0,0,0,0,1,0,0,0,7396-VJUZB
0,2,70.3,144.0,0,0.48819444444444443,2,1,0,0,1,0,0,1,0,0,0,0,0,0,0,0,0,0,0,0,0,0,0,1,0,1,0,0,0,0,9717-QEBGU
0,72,108.95,7875.0,0,0.013834920634920636,8,1,1,0,1,0,1,1,0,0,1,0,1,0,0,0,1,0,1,0,1,0,1,1,1,0,0,0,0,1,5172-RKOCB
0,37,26.45,911.6,0,0.02901491882404563,2,0,1,1,1,0,1,0,1,1,0,1,0,1,0,1,0,1,0,1,0,0,0,0,0,0,1,0,1,0,6509-TSGWN
0,15,86.2,1270.2,1,0.06786332860966778,4,0,0,0,1,0,0,1,0,0,1,0,0,0,0,0,0,0,1,0,0,0,0,0,0,1,0,1,0,0,3540-RZJYU
0,23,19.65,478.1,0,0.041100188245137,1,0,0,0,1,0,0,0,1,1,0,1,0,1,0,1,0,1,0,1,0,1,0,1,1,0,0,1,0,0,3178-CIFOT
0,30,51.2,1561.5,1,0.032788984950368236,4,0,1,1,0,1,0,0,0,0,0,0,0,0,0,0,1,0,1,0,1,0,0,0,1,0,0,0,1,0,2091-MJTFX
0,42,19.05,761.85,0,0.025004922228785195,1,0,1,1,1,0,0,0,1,1,0,1,0,1,0,1,0,1,0,1,0,1,0,1,0,1,0,0,1,0,4530-NDRKU
0,32,74.75,2282.95,0,0.03274272323090738,6,0,0,0,1,0,1,0,0,0,1,0,0,0,0,0,0,0,1,0,1,1,0,0,0,0,1,0,1,0,5985-TBABQ
0,22,75.8,1615.1,0,0.04693207850907065,3,0,1,1,1,0,1,1,0,0,0,0,0,0,0,0,0,0,0,0,0,0,0,1,0,0,0,1,0,0,9800-ONTFE
0,42,25.1,1097.15,0,0.02287745522490088,1,1,1,0,0,1,0,0,0,0,0,0,0,0,0,0,0,0,0,0,0,0,0,1,1,0,0,0,1,0,6743-HHQPF
0,8,44.45,369.3,0,0.12036284863254806,2,0,0,0,1,0,0,0,0,0,0,0,0,0,0,0,0,0,0,0,0,0,0,0,0,0,1,0,0,0,8455-HIRAQ
0,65,104.3,6725.3,0,0.015508601846757765,7,0,1,1,1,0,1,1,0,0,1,0,0,0,1,0,0,0,1,0,1,0,1,1,1,0,0,0,0,1,6616-AALSR
0,2,19.5,31.55,1,0.618066561014263,1,0,0,0,1,0,0,0,1,1,0,1,0,1,0,1,0,1,0,1,0,0,0,0,0,0,1,0,0,0,0883-EIBTI
0,70,89.0,6293.2,0,0.014142248776457129,9,0,1,1,1,0,1,0,0,0,1,0,1,0,1,0,1,0,1,0,1,0,1,1,0,0,0,0,0,1,9415-ZNBSX
0,22,20.15,432.5,0,0.04658959537572254,1,1,0,1,1,0,0,0,1,1,0,1,0,1,0,1,0,1,0,1,0,0,0,0,1,0,0,1,0,0,4018-KJYUY
1,4,74.9,321.75,1,0.23278943278943282,3,0,0,0,1,0,1,1,0,0,0,0,0,0,0,0,0,0,0,0,0,0,0,1,0,1,0,0,0,0,0722-TROQR
0,2,74.9,147.15,1,0.509004417261298,3,0,0,0,1,0,1,1,0,0,0,0,0,0,0,0,0,0,0,0,0,0,0,0,1,0,0,0,0,0,7571-YXDAD
0,67,36.15,2434.45,0,0.014849349955842183,3,0,1,1,0,1,0,0,0,0,1,0,1,0,0,0,0,0,0,0,0,0,1,0,0,0,0,0,0,1,3884-UEBXB
0,25,19.2,532.1,0,0.036083442961849274,1,0,0,0,1,0,0,0,1,1,0,1,0,1,0,1,0,1,0,1,0,0,0,1,1,0,0,0,1,0,8780-RSYYU
0,20,19.25,375.25,0,0.051299133910726186,1,0,1,0,1,0,0,0,1,1,0,1,0,1,0,1,0,1,0,1,0,0,0,0,0,0,0,1,0,0,5537-UXXVS
0,2,61.2,125.95,0,0.48590710599444226,4,0,0,1,1,0,0,0,0,0,1,0,0,0,0,0,0,0,0,0,1,0,0,1,1,0,0,0,0,0,1791-PQHBB
0,51,20.45,1042.65,0,0.01961348487028245,1,1,0,0,1,0,0,0,1,1,0,1,0,1,0,1,0,1,0,1,0,0,1,0,0,0,1,0,0,1,8701-DGLVH
0,46,35.05,1620.25,0,0.021632464125906494,3,0,1,1,0,1,0,0,0,0,1,0,1,0,0,0,0,0,0,0,0,0,0,0,0,0,0,0,1,0,8741-LQOBK
0,25,100.25,2387.75,1,0.0419851324468642,6,0,0,0,1,0,1,1,0,0,0,0,1,0,0,0,0,0,1,0,1,0,0,1,0,1,0,0,1,0,3393-FMZPV
0,13,44.0,659.35,0,0.06673238795783726,2,1,0,1,1,0,0,0,0,0,0,0,0,0,0,0,0,0,0,0,0,0,0,0,0,0,1,1,0,0,8082-GHXOP
1,25,102.8,2660.2,1,0.038643710999173,7,0,0,0,1,0,1,1,0,0,1,0,1,0,0,0,0,0,1,0,1,0,0,1,0,0,1,0,1,0,6402-ZFPPI
0,26,50.35,1285.8,0,0.039158500544408156,3,1,1,1,1,0,0,0,0,0,0,0,0,0,1,0,0,0,0,0,0,1,0,0,0,0,1,0,1,0,0980-FEXWF
0,43,100.0,4211.55,1,0.023744227184765702,6,1,0,0,1,0,1,1,0,0,0,0,0,0,0,0,1,0,1,0,1,1,0,1,0,1,0,0,1,0,7486-KSRVI
0,19,20.0,377.55,0,0.052973116143557146,1,1,0,1,1,0,0,0,1,1,0,1,0,1,0,1,0,1,0,1,0,0,0,1,0,1,0,1,0,0,3011-WQKSZ
0,10,99.85,990.9,1,0.10076697951357351,6,1,1,0,1,0,0,1,0,0,0,0,1,0,0,0,1,0,1,0,1,0,0,1,0,1,0,0,0,0,8443-WVPSS
0,2,94.2,193.8,1,0.48606811145510836,5,0,0,1,1,0,1,1,0,0,0,0,0,0,0,0,0,0,1,0,1,0,0,1,0,0,0,0,0,0,3006-XIMLN
0,72,86.4,6058.95,0,0.014259896516723197,8,0,1,0,1,0,1,0,0,0,1,0,1,0,0,0,1,0,1,0,1,0,1,1,0,0,0,0,0,1,8218-FFJDS
1,18,58.4,964.9,0,0.06052440667426676,5,1,0,0,1,0,1,0,0,0,1,0,1,0,0,0,0,0,0,0,0,0,0,1,1,0,0,1,0,0,1986-PHGZF
1,9,83.85,790.15,1,0.10611909131177624,4,1,0,0,1,0,1,1,0,0,0,0,0,0,0,0,0,0,0,0,1,0,0,1,0,1,0,0,0,0,9965-YOKZB
1,27,88.3,2467.75,1,0.03578158241312937,5,0,0,0,1,0,1,1,0,0,0,0,0,0,1,0,0,0,0,0,1,0,0,0,1,0,0,0,1,0,0504-HHAPI
0,24,94.1,2322.85,0,0.04051057967582926,5,1,0,0,1,0,1,1,0,0,0,0,0,0,0,0,0,0,1,0,1,0,0,1,0,1,0,1,0,0,9360-OMDZZ
0,69,104.05,7262.0,1,0.014328008812999173,7,1,0,0,1,0,0,1,0,0,0,0,1,0,1,0,1,0,1,0,1,1,0,1,0,0,0,0,0,1,6305-YLBMM
0,46,108.9,4854.3,0,0.022433718558803536,8,0,1,0,1,0,1,1,0,0,0,0,1,0,1,0,1,0,1,0,1,0,1,1,1,0,0,0,1,0,0345-XMMUG
1,72,107.4,7748.75,0,0.013860300048394903,8,0,0,0,1,0,1,1,0,0,1,0,1,0,1,0,1,0,0,0,1,0,1,1,0,0,0,0,0,1,8024-XNAFQ
0,22,94.7,1914.9,1,0.049454279596845785,5,1,1,0,1,0,0,1,0,0,0,0,0,0,1,0,0,0,1,0,1,0,0,1,1,0,0,1,0,0,3647-GMGDH
1,70,90.85,6470.1,0,0.01404151404151404,5,0,1,0,1,0,1,1,0,0,1,0,0,0,0,0,0,0,0,0,1,0,0,1,0,1,0,0,0,1,2988-GBIVW
0,2,19.9,57.4,0,0.34668989547038326,1,0,0,0,1,0,0,0,1,1,0,1,0,1,0,1,0,1,0,1,0,0,0,0,0,1,0,0,0,0,2832-SCUCO
0,31,66.4,2019.8,0,0.032874542033864744,5,1,1,0,1,0,0,0,0,0,0,0,0,0,1,0,1,0,0,0,1,0,0,1,1,0,0,0,1,0,7036-ZZKBD
1,56,100.65,5688.05,1,0.017694992132628932,6,0,1,0,1,0,1,1,0,0,0,0,0,0,1,0,0,0,1,0,1,0,0,1,0,0,0,0,0,1,3791-LGQCY
0,16,100.7,1522.7,0,0.06613252774676562,6,0,1,1,1,0,0,1,0,0,1,0,0,0,1,0,0,0,1,0,1,0,0,0,0,0,0,1,0,0,0265-PSUAE
0,52,25.6,1334.5,0,0.019183214687148745,2,1,0,1,1,0,1,0,1,1,0,1,0,1,0,1,0,1,0,1,0,0,1,0,1,0,0,0,0,1,0463-TXOAK
0,13,19.85,252.0,0,0.07876984126984128,1,1,1,1,1,0,0,0,1,1,0,1,0,1,0,1,0,1,0,1,0,0,0,1,0,0,1,1,0,0,0594-UFTUL
0,35,20.75,700.45,0,0.029623813262902417,1,0,0,0,1,0,0,0,1,1,0,1,0,1,0,1,0,1,0,1,0,1,0,0,0,0,1,0,1,0,9509-MPYOD
0,59,95.8,5655.45,0,0.01693941242518279,5,0,0,0,1,0,0,1,0,0,0,0,0,0,1,0,0,0,1,0,1,0,1,0,0,1,0,0,0,1,9128-CPXKI
0,72,94.65,6747.35,0,0.014027729404877471,5,1,1,0,1,0,0,1,0,0,0,0,0,0,1,0,0,0,1,0,1,0,0,1,0,1,0,0,0,1,0129-KPTWJ
1,66,80.55,5265.1,1,0.015298854722607357,7,0,1,0,1,0,1,0,0,0,0,0,1,0,1,0,0,0,1,0,1,0,1,1,0,0,0,0,0,1,8166-ZZTFS
0,49,106.65,5174.35,0,0.0206112845091654,8,0,1,0,1,0,1,1,0,0,1,0,1,0,1,0,1,0,0,0,1,0,1,0,1,0,0,0,0,1,5855-EIBDE
0,2,45.85,105.6,0,0.4341856060606061,2,0,0,0,1,0,0,0,0,0,0,0,0,0,0,0,0,0,0,0,0,0,0,1,0,0,1,0,0,0,5365-LLFYV
1,21,104.35,2271.85,0,0.04593172964764399,7,1,0,0,1,0,1,1,0,0,0,0,1,0,1,0,0,0,1,0,1,0,0,1,0,1,0,1,0,0,5956-YHHRX
1,54,55.45,2966.95,0,0.018689226309846815,5,1,0,0,0,1,0,0,0,0,0,0,1,0,1,0,0,0,1,0,1,1,0,1,0,1,0,0,0,1,6008-NAIXK
1,24,78.85,1772.25,1,0.0444914656510086,4,1,1,0,1,0,1,1,0,0,1,0,0,0,0,0,0,0,0,0,0,0,0,1,0,1,0,1,0,0,2956-GGUCQ
0,1,61.15,61.15,0,1.0,5,1,0,0,1,0,1,0,0,0,1,0,1,0,0,0,0,0,0,0,0,0,0,0,0,1,0,0,0,0,1928-BXYIV
0,6,78.95,494.95,0,0.15951106172340643,4,1,0,0,1,0,0,1,0,0,1,0,1,0,0,0,0,0,0,0,0,0,0,1,0,1,0,0,0,0,5760-FXFVO
0,1,44.45,44.45,1,1.0,2,0,0,0,1,0,0,0,0,0,0,0,0,0,0,0,0,0,0,0,0,0,0,1,0,0,1,0,0,0,6595-COKXZ
0,49,109.2,5290.45,0,0.020640966269409977,8,1,0,1,1,0,1,1,0,0,1,0,1,0,1,0,0,0,1,0,1,1,0,1,1,0,0,0,0,1,0961-ZWLVI
0,56,61.3,3346.8,0,0.018316003346480217,5,0,1,1,1,0,0,0,0,0,1,0,1,0,1,0,0,0,0,0,0,0,1,1,1,0,0,0,0,1,5181-OABFK
1,56,96.85,5219.65,0,0.018554883948157443,6,0,0,0,1,0,1,1,0,0,1,0,1,0,0,0,0,0,0,0,1,0,0,1,0,1,0,0,0,1,4007-NHVHI
0,6,40.55,217.5,0,0.18643678160919538,4,0,1,1,0,1,0,0,0,0,0,0,1,0,1,0,1,0,0,0,0,0,1,0,0,0,1,0,0,0,7816-VGHTO
0,32,19.8,607.7,0,0.03258186605232845,1,1,0,0,1,0,0,0,1,1,0,1,0,1,0,1,0,1,0,1,0,1,0,0,0,0,1,0,1,0,5871-DGTXZ
0,50,108.25,5431.4,0,0.019930404683875247,8,1,1,1,1,0,1,1,0,0,1,0,1,0,1,0,0,0,1,0,1,1,0,1,0,1,0,0,0,1,7550-WIQVA
0,58,105.05,6004.85,0,0.017494192194642662,7,1,1,1,1,0,1,1,0,0,0,0,0,0,1,0,1,0,1,0,1,1,0,1,0,0,0,0,0,1,7544-ZVIKX
0,65,90.45,5957.9,0,0.01518152369123349,9,0,1,1,1,0,1,0,0,0,1,0,1,0,1,0,1,0,1,0,1,0,1,1,0,0,1,0,0,1,0016-QLJIS
0,64,86.4,5442.05,0,0.015876370117878374,9,0,0,0,1,0,1,0,0,0,1,0,1,0,1,0,1,0,1,0,1,0,1,1,1,0,0,0,0,1,7508-DQAKK
0,66,66.9,4370.25,0,0.015308048738630514,6,0,1,0,1,0,1,0,0,0,1,0,1,0,1,0,0,0,0,0,0,0,1,0,0,0,0,0,0,1,5176-OLSKT
0,38,110.7,4428.6,0,0.0249966129250779,8,1,1,0,1,0,1,1,0,0,1,0,0,0,1,0,1,0,1,0,1,1,0,1,0,1,0,0,1,0,9356-AXGMP
0,20,20.0,416.45,0,0.048024972985952694,1,0,1,0,1,0,0,0,1,1,0,1,0,1,0,1,0,1,0,1,0,1,0,1,0,0,1,1,0,0,3556-BVQGL
0,36,84.9,3067.2,1,0.027679968701095466,4,1,0,0,1,0,1,1,0,0,0,0,0,0,0,0,0,0,0,0,1,0,0,1,0,1,0,0,1,0,0362-ZBZWJ
1,64,102.1,6688.1,0,0.015265920066984642,7,1,0,0,1,0,1,1,0,0,0,0,0,0,1,0,1,0,1,0,1,1,0,0,0,1,0,0,0,1,8979-CAMGB
0,1,20.25,20.25,1,1.0,1,1,0,0,1,0,0,0,1,1,0,1,0,1,0,1,0,1,0,1,0,0,0,0,0,0,1,0,0,0,4211-MMAZN
0,60,70.15,4224.7,0,0.01660472932989325,6,0,0,0,1,0,0,0,0,0,0,0,1,0,1,0,1,0,1,0,0,1,0,1,1,0,0,0,0,1,7581-EBBOU
0,1,74.35,74.35,1,1.0,3,1,0,0,1,0,0,1,0,0,0,0,1,0,0,0,0,0,0,0,0,0,0,1,0,1,0,0,0,0,4274-OWWYO
0,50,80.05,4042.2,0,0.01980357231210727,8,0,1,1,1,0,1,0,0,0,1,0,1,0,1,0,1,0,0,0,1,1,0,1,0,0,0,0,0,1,5073-RZGBK
0,1,62.05,62.05,1,1.0,5,1,0,0,1,0,1,0,0,0,0,0,0,0,1,0,1,0,0,0,0,0,0,0,0,0,1,0,0,0,1541-ETJZO
0,72,49.2,3580.95,0,0.013739370837347633,5,0,1,0,0,1,0,0,0,0,1,0,1,0,1,0,0,0,0,0,1,0,1,1,0,1,0,0,0,1,2192-CKRLV
0,60,20.5,1198.8,0,0.017100433767100433,1,1,1,0,1,0,0,0,1,1,0,1,0,1,0,1,0,1,0,1,0,0,1,1,0,0,0,0,0,1,3154-HMWUU
0,46,38.25,1755.35,0,0.021790526105904807,4,1,0,0,0,1,0,0,0,0,1,0,0,0,1,0,1,0,0,0,0,0,1,0,0,0,1,0,1,0,6119-SPUDB
0,69,54.95,3772.5,0,0.01456593770709079,5,0,1,1,0,1,0,0,0,0,0,0,1,0,1,0,0,0,1,0,1,0,1,1,1,0,0,0,0,1,6522-OIQSX
1,31,96.6,2877.95,0,0.03356555881790858,6,1,0,0,1,0,1,1,0,0,0,0,0,0,1,0,1,0,1,0,0,0,0,1,0,0,0,0,1,0,7813-ZGGAW
0,19,19.9,357.7,0,0.05563321218898518,1,1,1,1,1,0,0,0,1,1,0,1,0,1,0,1,0,1,0,1,0,1,0,0,0,0,1,1,0,0,8748-HFWBO
0,71,19.9,1397.3,0,0.014241751950189651,1,0,1,1,1,0,0,0,1,1,0,1,0,1,0,1,0,1,0,1,0,0,1,0,1,0,0,0,0,1,1052-QJIBV
0,12,84.6,959.9,0,0.08813418064381706,5,1,1,0,1,0,0,1,0,0,1,0,1,0,1,0,0,0,0,0,0,0,0,1,0,1,0,0,0,0,1319-YLZJG
0,39,80.0,3182.95,1,0.025133916649648914,7,1,1,1,1,0,0,0,0,0,1,0,0,0,1,0,1,0,1,0,1,1,0,0,1,0,0,0,1,0,4106-HADHQ
0,44,85.25,3704.15,0,0.023014726725429584,8,1,0,0,1,0,1,0,0,0,0,0,1,0,1,0,1,0,1,0,1,1,0,1,0,0,0,0,1,0,0723-FDLAY
0,56,81.25,4620.4,0,0.017585057570773093,8,0,1,1,1,0,1,0,0,0,1,0,1,0,1,0,1,0,1,0,0,0,1,0,1,0,0,0,0,1,3050-RLLXC
0,72,115.5,8312.75,0,0.01389431896785059,9,0,1,0,1,0,1,1,0,0,1,0,1,0,1,0,1,0,1,0,1,0,1,1,0,0,0,0,0,1,9298-WGMRW
0,5,104.1,541.9,1,0.19210186381251154,7,1,0,0,1,0,1,1,0,0,0,0,1,0,1,0,0,0,1,0,1,0,0,0,0,0,1,0,0,0,2369-UAPKZ
0,11,79.0,929.3,0,0.08501022274830518,4,0,0,0,1,0,1,1,0,0,1,0,0,0,0,0,0,0,0,0,0,0,0,1,0,0,0,0,0,0,3088-LHEFH
1,24,39.1,971.3,1,0.04025532791104705,3,1,1,0,0,1,0,0,0,0,1,0,0,0,0,0,0,0,0,0,1,0,0,0,0,0,0,1,0,0,2778-OCLGR
1,15,94.65,1285.05,0,0.0736547216061632,5,0,1,0,1,0,0,1,0,0,0,0,1,0,0,0,0,0,1,0,1,0,0,1,0,1,0,1,0,0,6583-KQJLK
0,72,20.8,1521.2,0,0.013673415724428083,1,1,0,0,1,0,0,0,1,1,0,1,0,1,0,1,0,1,0,1,0,0,1,1,0,0,1,0,0,1,8544-JNBOX
0,56,59.5,3389.25,0,0.017555506380467656,5,1,1,0,1,0,1,0,0,0,0,0,1,0,1,0,0,0,0,0,0,0,1,0,1,0,0,0,0,1,6681-ZSEXG
1,64,20.05,1198.05,0,0.016735528567255124,1,1,0,0,1,0,0,0,1,1,0,1,0,1,0,1,0,1,0,1,0,0,1,1,0,0,0,0,0,1,6139-ZZRBQ
0,34,100.45,3414.65,0,0.029417363419384123,6,0,1,0,1,0,1,1,0,0,0,0,0,0,1,0,0,0,1,0,1,0,0,1,0,1,0,0,1,0,6116-RFVHN
0,2,76.5,162.45,1,0.47091412742382277,3,1,0,0,1,0,1,1,0,0,0,0,0,0,0,0,0,0,0,0,0,0,0,1,0,1,0,0,0,0,0637-KVDLV
0,35,20.6,754.0,0,0.027320954907161805,1,1,0,0,1,0,0,0,1,1,0,1,0,1,0,1,0,1,0,1,0,1,0,0,0,0,0,0,1,0,8884-FEEWR
0,22,20.3,467.15,0,0.04345499304291984,1,1,0,0,1,0,0,0,1,1,0,1,0,1,0,1,0,1,0,1,0,1,0,0,1,0,0,1,0,0,3125-RAHBV
0,5,49.2,216.9,1,0.2268326417704011,3,1,0,0,1,0,0,0,0,0,0,0,0,0,0,0,1,0,0,0,0,0,0,1,0,1,0,0,0,0,6633-MPWBS
0,9,39.55,373.0,0,0.10603217158176943,4,1,0,0,0,1,0,0,0,0,1,0,1,0,1,0,0,0,0,0,0,1,0,0,0,0,1,0,0,0,0373-AIVNJ
0,11,23.15,245.2,1,0.09441272430668841,2,1,0,0,1,0,1,0,1,1,0,1,0,1,0,1,0,1,0,1,0,0,0,0,1,0,0,0,0,0,8785-EPNCG
0,23,20.45,481.1,0,0.0425067553523176,1,1,0,0,1,0,0,0,1,1,0,1,0,1,0,1,0,1,0,1,0,1,0,0,0,0,1,1,0,0,1682-VCOIO
0,4,80.85,302.75,1,0.26705202312138726,3,0,1,1,1,0,0,1,0,0,0,0,0,0,0,0,0,0,0,0,1,0,0,0,0,1,0,0,0,0,5729-KLZAR
0,68,25.25,1728.2,0,0.014610577479458396,2,1,1,0,1,0,1,0,1,1,0,1,0,1,0,1,0,1,0,1,0,0,1,0,0,0,0,0,0,1,2072-ZVJJX
0,33,91.25,2964.05,0,0.030785580540139336,4,1,1,0,1,0,0,1,0,0,0,0,0,0,0,0,0,0,1,0,1,0,0,0,0,1,0,0,1,0,8849-AYPTR
0,31,72.45,2156.25,0,0.0336,7,1,0,0,1,0,0,0,0,0,1,0,1,0,1,0,1,0,1,0,0,0,0,1,0,0,0,0,1,0,9518-IMLHK
0,1,60.1,60.1,1,1.0,5,1,0,0,1,0,1,0,0,0,0,0,1,0,0,0,1,0,0,0,0,0,0,0,0,0,1,0,0,0,1582-RAFML
0,56,19.7,1051.9,0,0.018728015971099913,1,0,0,0,1,0,0,0,1,1,0,1,0,1,0,1,0,1,0,1,0,0,1,0,0,0,0,0,0,1,3646-ITDGM
0,1,78.95,78.95,1,1.0,3,1,0,0,1,0,0,1,0,0,0,0,0,0,0,0,0,0,1,0,0,0,0,1,0,1,0,0,0,0,8740-CRYFY
0,66,75.1,5013.0,0,0.014981049271893077,7,1,1,1,1,0,0,0,0,0,1,0,1,0,1,0,1,0,1,0,0,1,0,1,0,1,0,0,0,1,3569-VLDHH
0,72,25.0,1738.9,0,0.014376904939904537,2,1,1,1,1,0,1,0,1,1,0,1,0,1,0,1,0,1,0,1,0,0,1,0,0,0,0,0,0,1,8224-KDLKN
1,34,69.15,2275.1,0,0.030394268383807307,2,1,0,0,1,0,0,1,0,0,0,0,0,0,0,0,0,0,0,0,0,0,0,0,1,0,0,0,1,0,7594-LZNWR
0,58,91.55,5511.65,0,0.016610270971487668,5,0,1,1,1,0,0,1,0,0,0,0,1,0,1,0,0,0,1,0,0,0,0,1,0,1,0,0,0,1,4001-TSBTV
0,2,45.15,98.5,1,0.4583756345177665,2,1,0,0,1,0,0,0,0,0,0,0,0,0,0,0,0,0,0,0,0,0,0,1,0,1,0,0,0,0,2962-XPMCQ
0,37,35.8,1316.9,0,0.027185055812893915,2,1,0,0,0,1,0,0,0,0,0,0,0,0,0,0,0,0,1,0,0,0,1,0,1,0,0,0,1,0,8727-XDPUD
0,71,113.15,7993.3,0,0.014155605319455044,9,0,0,0,1,0,1,1,0,0,1,0,1,0,1,0,1,0,1,0,1,0,1,1,1,0,0,0,0,1,1043-UXOVO
0,1,19.85,19.85,0,1.0,1,1,1,1,1,0,0,0,1,1,0,1,0,1,0,1,0,1,0,1,0,1,0,0,1,0,0,0,0,0,1064-FBXNK
1,71,19.8,1388.45,0,0.01426050631999712,1,1,1,1,1,0,0,0,1,1,0,1,0,1,0,1,0,1,0,1,0,0,1,0,1,0,0,0,0,1,3996-ZNWYK
0,35,19.9,666.0,0,0.02987987987987988,1,1,1,1,1,0,0,0,1,1,0,1,0,1,0,1,0,1,0,1,0,1,0,0,0,1,0,0,1,0,2878-DHMIN
0,6,19.7,94.45,0,0.20857596611964,1,0,1,1,1,0,0,0,1,1,0,1,0,1,0,1,0,1,0,1,0,1,0,0,0,0,1,0,0,0,7762-ONLJY
0,3,79.4,244.65,1,0.32454526875127737,3,0,0,0,1,0,0,1,0,0,0,0,0,0,0,0,0,0,1,0,0,0,0,1,0,1,0,0,0,0,1678-FYZOW
0,69,59.1,4134.7,0,0.014293660966938352,5,0,1,1,1,0,0,0,0,0,0,0,1,0,1,0,1,0,0,0,0,1,0,0,0,0,0,0,0,1,5795-BKOYE
0,44,53.95,2375.4,1,0.022711964300749347,5,1,0,0,0,1,0,0,0,0,0,0,1,0,1,0,0,0,1,0,1,1,0,1,0,0,1,0,1,0,8627-EHGIP
0,53,91.15,4862.5,0,0.018745501285347046,5,0,1,0,1,0,1,1,0,0,0,0,0,0,0,0,1,0,0,0,1,1,0,1,0,1,0,0,0,1,7402-PWYJJ
0,24,99.3,2431.35,1,0.04084150780430625,6,0,1,0,1,0,0,1,0,0,0,0,1,0,1,0,0,0,1,0,1,0,0,1,1,0,0,1,0,0,5480-TBGPH
0,5,68.95,351.5,0,0.1961593172119488,2,0,1,0,1,0,0,1,0,0,0,0,0,0,0,0,0,0,0,0,0,0,0,1,0,1,0,0,0,0,0018-NYROU
0,2,51.55,106.2,0,0.48540489642184553,3,0,0,1,1,0,0,0,0,0,0,0,1,0,0,0,0,0,0,0,0,0,0,0,0,0,1,0,0,0,7501-VTYLJ
0,62,24.4,1413.0,0,0.017268223637650387,2,1,0,1,1,0,1,0,1,1,0,1,0,1,0,1,0,1,0,1,0,0,1,1,0,0,1,0,0,1,7608-RGIRO
0,19,96.8,1743.05,0,0.055534838358050544,5,0,1,0,1,0,0,1,0,0,0,0,0,0,1,0,0,0,1,0,1,0,0,1,0,1,0,1,0,0,0480-BIXDE
0,9,70.05,657.5,0,0.10653992395437262,2,1,0,0,1,0,0,1,0,0,0,0,0,0,0,0,0,0,0,0,0,0,0,0,0,0,1,0,0,0,5895-QSXOD
0,53,19.5,1050.5,0,0.018562589243217516,1,1,0,0,1,0,0,0,1,1,0,1,0,1,0,1,0,1,0,1,0,0,1,0,1,0,0,0,0,1,9814-AOUDH
0,5,78.75,426.35,0,0.1847074000234549,3,1,0,0,1,0,0,1,0,0,0,0,0,0,0,0,0,0,0,0,1,0,0,0,0,0,1,0,0,0,6175-IRFIT
1,71,69.2,4982.5,0,0.01388861013547416,6,0,1,1,1,0,1,0,0,0,1,0,1,0,0,0,0,0,1,0,0,1,0,0,0,1,0,0,0,1,8760-ZRHKE
0,1,19.55,19.55,0,1.0,1,0,0,0,1,0,0,0,1,1,0,1,0,1,0,1,0,1,0,1,0,0,0,1,0,0,1,0,0,0,1622-HSHSF
0,18,80.65,1451.9,1,0.05554790274812315,4,1,0,0,1,0,1,1,0,0,0,0,1,0,0,0,0,0,0,0,0,0,0,1,0,1,0,1,0,0,8854-CCVSQ
0,72,103.65,7634.8,0,0.013575994132131819,7,1,0,0,1,0,1,1,0,0,0,0,1,0,1,0,0,0,1,0,1,0,1,1,0,1,0,0,0,1,6749-UTDVX
0,4,54.7,235.05,0,0.23271644330993405,4,0,1,0,1,0,0,0,0,0,1,0,1,0,0,0,0,0,0,0,0,0,0,0,0,0,1,0,0,0,5542-DHSXL
0,59,54.15,3116.15,0,0.01737721226513486,4,1,0,0,1,0,1,0,0,0,0,0,0,0,1,0,0,0,0,0,0,0,1,0,1,0,0,0,0,1,9102-OXKFY
0,1,71.1,71.1,1,1.0,2,0,0,0,1,0,0,1,0,0,0,0,0,0,0,0,0,0,0,0,0,0,0,0,0,0,1,0,0,0,0511-JTEOY
1,31,84.85,2633.4,0,0.03222070327333485,4,0,1,0,1,0,1,1,0,0,0,0,0,0,0,0,0,0,0,0,1,0,0,1,0,1,0,0,1,0,5216-WASFJ
0,3,20.0,49.65,0,0.4028197381671702,1,1,1,0,1,0,0,0,1,1,0,1,0,1,0,1,0,1,0,1,0,0,0,0,0,0,0,0,0,0,7808-DVWEP
1,65,106.25,6979.8,1,0.015222499212011804,7,0,1,0,1,0,1,1,0,0,0,0,1,0,1,0,0,0,1,0,1,1,0,1,0,1,0,0,0,1,7067-KSAZT
0,49,99.25,4920.8,0,0.020169484636644447,6,1,1,0,1,0,0,1,0,0,0,0,0,0,1,0,1,0,1,0,1,1,0,1,1,0,0,0,0,1,2284-VFLKH
0,2,19.35,46.35,0,0.41747572815533984,1,1,0,0,1,0,0,0,1,1,0,1,0,1,0,1,0,1,0,1,0,0,0,0,0,0,1,0,0,0,0366-NQSHS
0,53,20.8,1021.8,1,0.020356234096692113,1,0,1,0,1,0,0,0,1,1,0,1,0,1,0,1,0,1,0,1,0,1,0,0,0,0,0,0,0,1,6532-YLWSI
0,55,94.75,5276.1,0,0.017958340440855935,5,0,1,0,1,0,0,1,0,0,1,0,0,0,0,0,0,0,1,0,1,1,0,1,0,1,0,0,0,1,3807-BPOMJ
0,72,114.05,8289.2,0,0.013758866959417072,9,1,1,1,1,0,1,1,0,0,1,0,1,0,1,0,1,0,1,0,1,0,1,1,1,0,0,0,0,1,3892-NXAZG
1,36,74.9,2659.45,0,0.028163718062005304,3,0,0,0,1,0,1,1,0,0,0,0,0,0,0,0,0,0,0,0,0,0,0,1,0,0,0,0,1,0,4948-WBBKL
0,10,19.8,196.75,0,0.10063532401524777,1,0,1,1,1,0,0,0,1,1,0,1,0,1,0,1,0,1,0,1,0,0,0,1,0,0,0,0,0,0,4182-BGSIQ
1,1,94.0,94.0,1,1.0,5,1,0,0,1,0,1,1,0,0,0,0,0,0,0,0,0,0,1,0,1,0,0,1,0,1,0,0,0,0,9300-AGZNL
0,72,80.85,5824.75,0,0.013880424052534443,8,0,1,1,1,0,1,0,0,0,1,0,1,0,1,0,1,0,0,0,1,0,1,0,0,0,0,0,0,1,0988-AADSA
0,28,54.65,1517.5,0,0.03601317957166392,4,0,0,0,1,0,0,0,0,0,0,0,1,0,0,0,1,0,0,0,0,0,0,0,0,0,0,0,1,0,9972-NKTFD
0,38,91.7,3479.05,0,0.026357770080912894,5,1,1,0,1,0,1,1,0,0,1,0,0,0,0,0,0,0,1,0,0,0,0,0,0,0,0,0,1,0,3717-LNXKW
0,61,118.6,7365.7,0,0.01610166039887587,9,0,0,0,1,0,1,1,0,0,1,0,1,0,1,0,1,0,1,0,1,1,0,1,0,1,0,0,0,1,5734-EJKXG
0,52,24.55,1331.05,0,0.018444085496412608,2,1,1,1,1,0,1,0,1,1,0,1,0,1,0,1,0,1,0,1,0,0,1,0,0,0,1,0,0,1,2207-RYYRL
0,67,19.45,1195.95,0,0.016263221706593084,1,1,0,0,1,0,0,0,1,1,0,1,0,1,0,1,0,1,0,1,0,1,0,1,0,0,1,0,0,1,6729-FZWSY
0,34,116.15,3946.9,0,0.029428158808178572,9,0,0,1,1,0,1,1,0,0,1,0,1,0,1,0,1,0,1,0,1,0,1,1,1,0,0,0,1,0,9695-IDRZR
0,54,80.6,4299.95,0,0.018744404004697728,7,0,0,0,1,0,0,0,0,0,1,0,0,0,1,0,1,0,1,0,1,0,1,0,0,1,0,0,0,1,8144-DGHXP
0,1,20.3,20.3,0,1.0,1,0,1,0,1,0,0,0,1,1,0,1,0,1,0,1,0,1,0,1,0,0,0,1,0,0,0,0,0,0,7814-LEEVE
1,15,89.85,1424.95,1,0.06305484402961507,5,0,0,0,1,0,1,1,0,0,0,0,1,0,0,0,0,0,0,0,1,0,0,0,0,1,0,1,0,0,1112-CUNAO
0,4,46.0,193.6,1,0.23760330578512398,2,0,0,0,1,0,0,0,0,0,0,0,0,0,0,0,0,0,0,0,0,0,0,1,0,0,1,0,0,0,5175-AOBHI
0,9,66.25,620.55,1,0.1067601321408428,5,0,0,0,1,0,0,0,0,0,0,0,1,0,0,0,1,0,1,0,0,0,0,0,0,0,1,0,0,0,5174-RNGBH
0,46,99.8,4391.25,0,0.022727013948192428,6,0,0,1,1,0,0,1,0,0,0,0,1,0,1,0,0,0,1,0,1,0,0,1,0,1,0,0,1,0,8631-WUXGY
0,22,90.0,1993.8,1,0.04513993379476377,5,0,0,0,1,0,1,1,0,0,0,0,0,0,0,0,1,0,1,0,0,0,0,1,0,1,0,1,0,0,7270-BDIOA
0,38,70.45,2597.6,1,0.027121188789651987,2,1,0,0,1,0,0,1,0,0,0,0,0,0,0,0,0,0,0,0,0,1,0,1,0,0,0,0,1,0,9565-JSNFM
0,55,75.0,4213.9,0,0.017798239160872354,7,0,1,1,1,0,1,0,0,0,1,0,1,0,0,0,1,0,1,0,0,1,0,1,1,0,0,0,0,1,5906-DVAPM
0,1,19.9,19.9,0,1.0,1,0,0,0,1,0,0,0,1,1,0,1,0,1,0,1,0,1,0,1,0,0,0,0,0,0,1,0,0,0,6654-QGBZZ
1,64,80.3,5017.7,0,0.016003348147557647,4,1,1,0,1,0,0,1,0,0,1,0,0,0,1,0,0,0,0,0,0,1,0,0,1,0,0,0,0,1,8348-JLBUG
0,53,19.75,1052.35,1,0.018767520311683376,1,1,0,1,1,0,0,0,1,1,0,1,0,1,0,1,0,1,0,1,0,0,1,0,0,0,0,0,0,1,0607-DAAHE
0,58,84.3,4916.4,0,0.017146692701977058,8,0,1,0,1,0,1,0,0,0,1,0,0,0,1,0,1,0,1,0,1,0,1,1,0,1,0,0,0,1,5641-DMBFJ
0,56,54.05,2959.8,0,0.018261369011419688,5,1,1,0,0,1,0,0,0,0,0,0,0,0,1,0,1,0,1,0,1,1,0,1,0,0,0,0,0,1,9200-NLNPD
0,72,104.9,7559.55,0,0.013876487357051676,7,1,1,1,1,0,0,1,0,0,1,0,0,0,1,0,1,0,1,0,1,0,1,1,1,0,0,0,0,1,2664-XJZNO
0,1,53.95,53.95,1,1.0,4,1,0,0,1,0,0,0,0,0,1,0,0,0,0,0,1,0,0,0,0,0,0,1,0,1,0,0,0,0,9732-KPKBW
1,72,97.25,7133.1,0,0.013633623529741627,6,1,1,0,1,0,1,1,0,0,0,0,1,0,0,0,0,0,1,0,1,1,0,1,1,0,0,0,0,1,3339-EAQNV
0,22,83.05,1799.3,0,0.04615683877063302,4,1,0,0,1,0,1,1,0,0,0,0,0,0,0,0,0,0,0,0,1,0,0,0,0,1,0,1,0,0,0921-OHLVP
1,8,105.5,829.55,1,0.12717738532939546,7,0,0,0,1,0,1,1,0,0,0,0,1,0,1,0,0,0,1,0,1,0,0,1,0,1,0,0,0,0,3389-YGYAI
0,16,81.0,1312.15,1,0.061730747246884876,3,0,0,1,1,0,0,1,0,0,0,0,0,0,0,0,0,0,1,0,0,0,0,1,0,1,0,1,0,0,9560-ARGQJ
0,39,41.1,1597.05,0,0.02573494881187189,4,0,0,0,0,1,0,0,0,0,0,0,1,0,1,0,1,0,0,0,0,0,0,0,0,0,0,0,1,0,8350-NYMVI
0,12,45.0,524.35,0,0.08582053971583865,2,0,0,0,1,0,0,0,0,0,0,0,0,0,0,0,0,0,0,0,0,0,0,1,0,0,0,0,0,0,1600-DILPE
0,54,74.55,4191.45,0,0.01778620763697527,6,1,1,0,1,0,0,0,0,0,1,0,1,0,0,0,0,0,1,0,1,0,1,1,0,0,0,0,0,1,0536-ESJEP
0,18,40.2,711.95,0,0.05646463937074233,4,0,0,0,0,1,0,0,0,0,1,0,1,0,0,0,1,0,0,0,0,1,0,1,0,0,1,1,0,0,4654-GGUII
0,32,70.5,2201.75,0,0.03201998410355399,6,1,1,0,1,0,0,0,0,0,1,0,1,0,0,0,1,0,0,0,1,1,0,0,0,0,1,0,1,0,6478-HRRCZ
0,41,19.75,806.95,0,0.024474874527541976,1,0,0,0,1,0,0,0,1,1,0,1,0,1,0,1,0,1,0,1,0,1,0,1,0,0,1,0,1,0,8510-BBWMU
0,67,24.65,1620.45,0,0.015211823876083802,2,1,1,1,1,0,1,0,1,1,0,1,0,1,0,1,0,1,0,1,0,0,1,0,0,0,0,0,0,1,6857-TKDJV
0,65,104.25,6812.95,0,0.015301741536338884,7,1,1,0,1,0,1,1,0,0,1,0,0,0,1,0,0,0,1,0,1,0,0,1,0,1,0,0,0,1,2360-RDGRO
0,25,78.35,1837.9,0,0.04263017574405571,8,0,0,0,1,0,1,0,0,0,1,0,1,0,1,0,1,0,1,0,0,0,0,1,0,0,0,0,1,0,0584-BJQGZ
0,1,69.8,69.8,1,1.0,2,0,1,1,1,0,0,1,0,0,0,0,0,0,0,0,0,0,0,0,0,0,0,1,0,1,0,0,0,0,5134-IKDAY
0,67,109.7,7344.45,0,0.014936448610855817,8,0,1,0,1,0,1,1,0,0,0,0,1,0,1,0,1,0,1,0,1,1,0,1,1,0,0,0,0,1,1360-XFJMR
1,7,73.75,545.15,1,0.13528386682564433,3,1,0,0,1,0,1,1,0,0,0,0,0,0,0,0,0,0,0,0,0,0,0,0,0,0,1,0,0,0,3070-DVEYC
1,43,33.45,1500.25,0,0.022296283952674557,3,0,0,0,0,1,0,0,0,0,1,0,1,0,0,0,0,0,0,0,0,0,0,1,1,0,0,0,1,0,5730-RIITO
0,24,94.6,2283.15,0,0.04143398375052011,5,0,0,0,1,0,0,1,0,0,1,0,0,0,0,0,0,0,1,0,1,0,0,1,0,1,0,1,0,0,9058-MJLZC
1,9,54.55,494.05,1,0.11041392571602064,4,1,0,0,1,0,1,0,0,0,1,0,0,0,0,0,0,0,0,0,0,0,0,0,0,1,0,0,0,0,5707-ORNDZ
0,69,20.2,1376.5,0,0.01467490010897203,1,1,1,1,1,0,0,0,1,1,0,1,0,1,0,1,0,1,0,1,0,0,1,0,0,0,0,0,0,1,0902-XKXPN
0,37,20.3,755.4,0,0.026873179772306063,1,0,0,1,1,0,0,0,1,1,0,1,0,1,0,1,0,1,0,1,0,1,0,0,0,0,0,0,1,0,5177-RVZNU
0,20,39.4,825.4,0,0.04773443179064696,4,1,1,1,0,1,0,0,0,0,1,0,0,0,1,0,1,0,0,0,0,0,1,1,1,0,0,1,0,0,0056-EPFBG
0,7,69.15,488.65,0,0.14151232988846824,2,1,0,0,1,0,0,1,0,0,0,0,0,0,0,0,0,0,0,0,0,0,0,0,0,0,0,0,0,0,8993-IZEUX
1,37,76.25,2841.55,1,0.026833946261723352,3,0,0,0,1,0,1,1,0,0,0,0,0,0,0,0,0,0,0,0,0,0,0,1,0,1,0,0,1,0,8696-JKZNU
0,5,93.9,486.85,1,0.19287254801273493,5,0,0,0,1,0,1,1,0,0,0,0,0,0,0,0,0,0,1,0,1,0,0,1,0,0,1,0,0,0,5380-AFSSK
0,41,51.35,2075.1,0,0.024745795383355022,4,1,0,0,0,1,0,0,0,0,0,0,0,0,1,0,0,0,1,0,1,1,0,1,0,1,0,0,1,0,8190-ZTQFB
0,54,100.05,5299.65,0,0.018878605190908834,6,0,0,0,1,0,0,1,0,0,1,0,1,0,0,0,0,0,1,0,1,1,0,1,1,0,0,0,0,1,0931-MHTEM
1,3,70.4,204.7,1,0.34391792867611143,2,0,0,0,1,0,0,1,0,0,0,0,0,0,0,0,0,0,0,0,0,0,0,1,0,1,0,0,0,0,2055-PDADH
1,69,20.3,1356.3,0,0.014967190149671903,1,1,0,0,1,0,0,0,1,1,0,1,0,1,0,1,0,1,0,1,0,0,1,0,1,0,0,0,0,1,7515-LODFU
0,53,94.45,5042.75,0,0.01872985969956869,6,0,0,0,1,0,0,1,0,0,0,0,1,0,1,0,1,0,0,0,1,1,0,1,1,0,0,0,0,1,0440-UEDAI
0,18,46.4,812.4,0,0.05711472181191531,4,1,1,1,0,1,0,0,0,0,0,0,1,0,1,0,0,0,1,0,0,1,0,0,1,0,0,1,0,0,1337-BOZWO
0,64,104.05,6605.55,0,0.015751905594537926,7,1,1,0,1,0,0,1,0,0,1,0,1,0,0,0,1,0,1,0,1,0,1,1,1,0,0,0,0,1,0868-VJRDR
0,31,91.15,2995.45,1,0.030429484718489712,5,0,1,1,1,0,1,1,0,0,0,0,1,0,0,0,0,0,0,0,1,0,0,1,0,1,0,0,1,0,8714-EUHJO
0,20,24.9,505.95,0,0.04921434924399644,1,0,0,0,0,1,0,0,0,0,0,0,0,0,0,0,0,0,0,0,0,0,0,0,1,0,0,1,0,0,6344-SFJVH
0,57,59.6,3509.4,0,0.016982960050151024,5,1,1,1,1,0,0,0,0,0,1,0,1,0,0,0,1,0,0,0,0,1,0,0,0,0,1,0,0,1,3950-VPYJB
1,63,108.5,6991.9,0,0.015517956492512766,8,1,1,0,1,0,1,1,0,0,1,0,1,0,1,0,0,0,1,0,1,0,1,0,1,0,0,0,0,1,8041-TMEID
0,13,40.55,590.35,0,0.06868806640128737,4,1,1,1,0,1,0,0,0,0,1,0,1,0,0,0,1,0,0,0,0,0,1,0,0,0,1,1,0,0,7321-ZNSLA
1,48,58.95,2789.7,0,0.021131304441337782,4,0,1,0,1,0,0,0,0,0,0,0,1,0,0,0,0,0,0,0,1,1,0,1,0,0,0,0,1,0,6941-KXRRV
0,2,70.95,137.95,1,0.5143167814425517,2,0,0,0,1,0,0,1,0,0,0,0,0,0,0,0,0,0,0,0,0,0,0,1,0,1,0,0,0,0,3721-CNEYS
0,57,20.75,1123.15,0,0.018474825268218847,1,1,1,1,1,0,0,0,1,1,0,1,0,1,0,1,0,1,0,1,0,0,1,0,0,0,1,0,0,1,8727-JQFHV
0,71,113.15,7953.25,0,0.014226888378964575,8,1,1,0,1,0,1,1,0,0,0,0,1,0,1,0,1,0,1,0,1,1,0,1,0,0,0,0,0,1,9475-NNDGC
0,7,48.8,349.8,0,0.13950829045168667,3,0,1,1,1,0,1,0,0,0,0,0,0,0,0,0,0,0,0,0,0,0,0,0,0,1,0,0,0,0,1355-KUSBG
0,16,63.05,1067.05,0,0.059088140199615766,4,0,0,0,1,0,1,0,0,0,0,0,0,0,0,0,0,0,0,0,1,0,0,1,0,0,0,1,0,0,3688-FTHLT
0,34,100.85,3527.3,0,0.028591273778810985,6,1,1,0,1,0,1,1,0,0,0,0,0,0,1,0,0,0,1,0,1,0,0,0,0,1,0,0,1,0,0899-LIIBW
0,37,99.5,3762.0,1,0.02644869750132908,6,0,1,0,1,0,1,1,0,0,0,0,0,0,1,0,0,0,1,0,1,0,0,1,0,1,0,0,1,0,2568-OIADY
0,16,80.55,1248.9,0,0.06449675714628873,4,1,0,0,1,0,1,1,0,0,0,0,1,0,0,0,0,0,0,0,0,0,0,1,0,0,1,1,0,0,1384-RCUXW
0,48,64.4,3035.35,0,0.02121666364669643,6,1,0,1,1,0,1,0,0,0,1,0,1,0,1,0,0,0,0,0,0,1,0,1,0,0,0,0,1,0,5825-XJOCM
0,58,75.2,4300.8,0,0.017485119047619048,6,1,1,1,1,0,0,0,0,0,0,0,1,0,0,0,1,0,1,0,1,1,0,1,1,0,0,0,0,1,6848-YLDFR
0,72,84.9,6065.3,0,0.01399765881324914,8,0,1,0,1,0,1,0,0,0,1,0,0,0,1,0,1,0,1,0,1,0,1,1,0,0,0,0,0,1,8125-QPFJD
0,7,19.3,144.95,0,0.13314936184891343,1,0,0,0,1,0,0,0,1,1,0,1,0,1,0,1,0,1,0,1,0,0,0,0,0,0,1,0,0,0,2320-YKQBO
0,38,83.9,3233.6,1,0.025946313706086098,5,0,0,0,1,0,0,1,0,0,1,0,1,0,1,0,0,0,0,0,0,0,0,1,1,0,0,0,1,0,1193-RTSLK
1,48,117.45,5438.9,1,0.021594440052216442,9,0,1,0,1,0,1,1,0,0,1,0,1,0,1,0,1,0,1,0,1,0,0,0,0,1,0,0,1,0,2302-ANTDP
0,10,104.4,1081.45,1,0.0965370567293911,7,1,0,0,1,0,0,1,0,0,1,0,1,0,1,0,0,0,1,0,1,0,0,1,0,1,0,0,0,0,5923-GXUOC
0,30,74.65,2308.6,0,0.03233561465823443,7,0,0,0,1,0,0,0,0,0,1,0,1,0,1,0,1,0,1,0,0,1,0,0,1,0,0,0,1,0,4973-RLZVI
0,31,59.05,1882.8,0,0.03136286381984279,4,1,1,0,1,0,1,0,0,0,0,0,0,0,0,0,0,0,1,0,0,0,0,1,1,0,0,0,1,0,7869-ZYDST
1,46,69.1,3255.35,0,0.021226596218532567,6,0,0,0,1,0,1,0,0,0,0,0,0,0,1,0,1,0,0,0,1,1,0,1,1,0,0,0,1,0,4501-UYKBC
0,50,20.55,1067.65,0,0.019247880859832343,1,1,1,0,1,0,0,0,1,1,0,1,0,1,0,1,0,1,0,1,0,0,1,0,0,0,1,0,0,1,1215-EXRMO
0,28,76.55,2065.4,0,0.03706303863658371,3,1,1,0,1,0,0,1,0,0,0,0,0,0,0,0,1,0,0,0,0,0,0,0,0,0,0,0,1,0,2305-MRGLV
0,66,62.5,4136.4,0,0.015109757276859107,7,0,0,0,0,1,0,0,0,0,1,0,1,0,1,0,1,0,1,0,1,0,1,1,0,0,0,0,0,1,8404-VIOMB
1,8,29.4,221.9,1,0.13249211356466875,2,1,0,0,0,1,0,0,0,0,0,0,0,0,1,0,0,0,0,0,0,0,0,1,0,1,0,0,0,0,5233-GEEAX
0,41,94.9,3848.0,0,0.024662162162162164,5,0,1,1,1,0,0,1,0,0,0,0,0,0,1,0,0,0,1,0,1,0,0,1,0,0,0,0,1,0,2359-KLTEK
1,72,111.65,8022.85,0,0.013916500994035786,8,1,1,0,1,0,1,1,0,0,0,0,1,0,1,0,1,0,1,0,1,0,1,1,0,0,0,0,0,1,5304-EFJLP
0,7,19.9,173.15,0,0.11492925209356049,1,0,0,0,1,0,0,0,1,1,0,1,0,1,0,1,0,1,0,1,0,1,0,0,0,0,1,0,0,0,2673-ZALNP
0,38,20.45,781.25,0,0.026175999999999998,1,0,1,1,1,0,0,0,1,1,0,1,0,1,0,1,0,1,0,1,0,0,0,0,0,0,1,0,1,0,9184-GALIL
0,44,106.05,4510.8,0,0.02351024208566108,7,1,0,0,1,0,0,1,0,0,1,0,1,0,1,0,0,0,1,0,1,1,0,1,0,1,0,0,1,0,4393-RYCRE
0,47,113.45,5317.8,0,0.021334010305013352,9,1,1,1,1,0,1,1,0,0,1,0,1,0,1,0,1,0,1,0,1,1,0,1,0,0,0,0,1,0,9746-MDMBK
0,53,92.55,4779.45,0,0.01936415277908546,5,1,1,1,1,0,0,1,0,0,0,0,1,0,0,0,1,0,1,0,0,0,0,1,0,1,0,0,0,1,3162-ZJZFU
0,4,65.6,250.1,0,0.2622950819672131,5,1,1,0,1,0,1,0,0,0,0,0,0,0,1,0,0,0,1,0,0,0,0,0,0,1,0,0,0,0,8404-GFGCZ
1,20,84.35,1745.2,0,0.04833256933302773,4,1,0,0,1,0,1,1,0,0,0,0,0,0,0,0,0,0,1,0,0,0,0,1,0,1,0,1,0,0,8875-AKBYH
0,2,44.65,74.9,1,0.596128170894526,2,1,0,0,1,0,0,0,0,0,0,0,0,0,0,0,0,0,0,0,0,0,0,0,0,0,1,0,0,0,4432-ADRLB
1,57,71.1,4140.1,0,0.01717349822468056,6,1,1,0,1,0,1,0,0,0,0,0,1,0,1,0,0,0,1,0,0,1,0,1,1,0,0,0,0,1,0533-UCAAU
1,44,85.15,3670.5,0,0.023198474322299417,5,0,1,0,1,0,0,1,0,0,1,0,1,0,0,0,1,0,0,0,0,0,0,1,0,1,0,0,1,0,1394-SUIUH
0,24,49.7,1167.8,0,0.04255865730433294,3,1,0,0,1,0,0,0,0,0,0,0,0,0,1,0,0,0,0,0,0,0,0,1,0,0,1,1,0,0,3521-MNKLV
0,15,30.2,469.65,0,0.06430320451399979,2,1,1,1,0,1,0,0,0,0,1,0,0,0,0,0,0,0,0,0,0,0,0,1,0,0,0,1,0,0,2533-TIBIX
0,3,25.25,58.9,1,0.42869269949066213,1,0,0,0,0,1,0,0,0,0,0,0,0,0,0,0,0,0,0,0,0,0,0,0,0,1,0,0,0,0,8993-PHFWD
0,4,84.05,333.55,1,0.2519862089641733,5,0,0,1,1,0,1,1,0,0,0,0,1,0,1,0,0,0,0,0,0,0,0,0,0,0,0,0,0,0,1565-RHDJD
1,37,85.7,3171.15,1,0.027024896330984028,4,1,1,0,1,0,1,1,0,0,0,0,0,0,0,0,0,0,1,0,0,0,0,1,0,1,0,0,1,0,7137-RYLPP
0,1,74.7,74.7,1,1.0,3,0,0,0,1,0,0,1,0,0,0,0,1,0,0,0,0,0,0,0,0,0,0,1,0,1,0,0,0,0,3765-JXVKY
0,24,56.35,1381.2,0,0.04079785693599768,4,0,0,0,1,0,0,0,0,0,1,0,0,0,0,0,1,0,0,0,0,0,0,0,1,0,0,1,0,0,5092-STPKP
0,5,90.8,455.5,1,0.19934138309549945,5,0,0,0,1,0,1,1,0,0,0,0,1,0,0,0,0,0,1,0,0,0,0,1,0,1,0,0,0,0,7330-WZLNC
0,33,107.55,3645.5,0,0.029502125908654506,7,0,0,0,1,0,1,1,0,0,0,0,1,0,1,0,0,0,1,0,1,0,0,0,0,1,0,0,1,0,0114-PEGZZ
0,58,19.85,1158.85,0,0.017129050351641716,1,0,1,1,1,0,0,0,1,1,0,1,0,1,0,1,0,1,0,1,0,0,1,1,0,0,1,0,0,1,3359-DSRKA
0,72,95.9,6954.15,0,0.013790326639488652,6,0,1,1,1,0,1,1,0,0,1,0,1,0,0,0,0,0,1,0,0,0,1,1,0,0,0,0,0,1,8639-NHQEI
0,71,23.85,1672.1,0,0.01426350098678309,2,0,1,0,1,0,1,0,1,1,0,1,0,1,0,1,0,1,0,1,0,0,1,0,0,0,1,0,0,1,7161-DFHUF
1,28,106.15,3152.5,1,0.03367168913560666,7,0,0,0,1,0,1,1,0,0,0,0,1,0,1,0,0,0,1,0,1,0,0,1,0,1,0,0,1,0,3957-LXOLK
0,51,83.85,4307.1,0,0.01946785540154628,8,1,1,0,1,0,0,0,0,0,1,0,1,0,1,0,1,0,1,0,1,0,1,1,1,0,0,0,0,1,3720-DBRWL
0,30,85.35,2530.4,1,0.03372984508378122,8,0,0,0,1,0,0,0,0,0,1,0,1,0,1,0,1,0,1,0,1,1,0,0,0,0,0,0,1,0,6635-MYYYZ
1,72,84.8,6141.65,0,0.013807364470459892,5,1,1,0,1,0,0,1,0,0,1,0,1,0,0,0,1,0,0,0,0,0,1,1,1,0,0,0,0,1,8565-WUXZU
1,36,90.85,3186.7,1,0.02850911601343082,5,1,0,0,1,0,1,1,0,0,1,0,0,0,0,0,0,0,1,0,0,0,0,1,0,1,0,0,1,0,5281-BUZGT
0,14,76.1,1054.8,0,0.07214637846037163,7,1,0,1,1,0,0,0,0,0,1,0,1,0,1,0,1,0,0,0,1,0,1,0,0,0,0,1,0,0,4994-OBRSZ
0,72,74.55,5430.65,0,0.013727638496312597,7,0,1,1,1,0,1,0,0,0,1,0,1,0,0,0,1,0,1,0,0,0,1,0,0,0,1,0,0,1,0562-FGDCR
0,22,39.2,849.9,0,0.046123073302741506,3,0,1,1,0,1,0,0,0,0,0,0,1,0,0,0,0,0,1,0,0,0,0,0,0,1,0,1,0,0,2436-QBZFP
0,2,79.55,151.75,0,0.5242174629324546,4,0,0,0,1,0,1,1,0,0,0,0,1,0,0,0,0,0,0,0,0,0,0,0,0,1,0,0,0,0,3420-YJLQT
0,15,19.6,299.4,0,0.06546426185704744,1,0,0,0,1,0,0,0,1,1,0,1,0,1,0,1,0,1,0,1,0,0,0,0,0,0,1,1,0,0,6040-CGACY
0,51,19.55,1086.75,0,0.01798941798941799,1,1,1,1,1,0,0,0,1,1,0,1,0,1,0,1,0,1,0,1,0,0,1,0,1,0,0,0,0,1,6582-PLFUU
0,70,39.15,2692.75,0,0.014539040014854702,4,1,1,0,0,1,0,0,0,0,1,0,0,0,1,0,1,0,0,0,0,0,1,1,1,0,0,0,0,1,8242-PDSGJ
0,71,20.1,1389.6,0,0.014464594127806565,1,0,1,1,1,0,0,0,1,1,0,1,0,1,0,1,0,1,0,1,0,0,1,0,0,0,0,0,0,1,0264-CNITK
0,39,99.95,3767.4,0,0.026530233051972184,6,0,1,1,1,0,1,1,0,0,0,0,0,0,0,0,1,0,1,0,1,0,0,1,1,0,0,0,1,0,0089-IIQKO
0,61,59.8,3641.5,0,0.016421804201565287,5,0,1,1,1,0,1,0,0,0,1,0,1,0,0,0,0,0,0,0,0,0,0,0,0,1,0,0,0,1,7839-NUIAA
0,52,49.75,2535.55,0,0.019620989528899055,3,0,0,0,1,0,0,0,0,0,1,0,0,0,0,0,0,0,0,0,0,0,0,1,0,0,0,0,0,1,6075-QMNRR
0,1,35.75,35.75,1,1.0,2,0,0,0,0,1,0,0,0,0,0,0,0,0,0,0,0,0,1,0,0,0,0,1,0,1,0,0,0,0,5378-IKEEG
0,64,108.5,6880.85,0,0.015768400706308087,8,1,1,0,1,0,1,1,0,0,1,0,0,0,1,0,1,0,1,0,1,1,0,1,0,0,1,0,0,1,5966-EMAZU
0,62,60.15,3753.2,0,0.016026324203346477,5,1,1,0,1,0,0,0,0,0,0,0,1,0,1,0,1,0,0,0,0,0,1,1,1,0,0,0,0,1,0440-EKDCF
0,30,19.05,637.55,0,0.02988000941102659,1,1,1,0,1,0,0,0,1,1,0,1,0,1,0,1,0,1,0,1,0,0,1,0,0,0,1,0,1,0,4774-HHGGS
1,4,46.0,181.6,1,0.2533039647577093,2,0,1,1,1,0,0,0,0,0,0,0,0,0,0,0,0,0,0,0,0,0,0,0,0,1,0,0,0,0,2718-GAXQD
1,63,84.0,5329.55,0,0.015761180587479242,8,1,1,0,1,0,0,0,0,0,1,0,1,0,1,0,1,0,1,0,1,1,0,1,0,0,0,0,0,1,2055-BFOCC
0,1,44.55,44.55,0,1.0,2,0,0,0,1,0,0,0,0,0,0,0,0,0,0,0,0,0,0,0,0,0,0,1,1,0,0,0,0,0,8180-AKMJV
0,15,103.45,1539.8,0,0.06718404987660735,7,1,1,0,1,0,1,1,0,0,0,0,0,0,1,0,1,0,1,0,1,0,0,1,0,1,0,1,0,0,4298-OYIFC
0,27,80.65,2209.75,0,0.03649734132820455,4,1,1,1,1,0,0,1,0,0,1,0,1,0,0,0,0,0,0,0,0,1,0,1,1,0,0,0,1,0,5566-SOEZD
0,4,57.2,223.75,0,0.2556424581005587,6,0,0,1,0,1,0,0,0,0,1,0,1,0,1,0,0,0,1,0,1,0,0,1,0,0,1,0,0,0,9842-EFSYY
0,72,110.75,7751.7,0,0.014287188616690533,8,0,1,0,1,0,1,1,0,0,1,0,1,0,1,0,0,0,1,0,1,0,1,1,0,1,0,0,0,1,2272-WUSPA
1,45,24.7,1174.35,0,0.02103291182356197,2,1,1,0,1,0,1,0,1,1,0,1,0,1,0,1,0,1,0,1,0,1,0,0,1,0,0,0,1,0,4584-LBNMK
1,45,97.05,4385.05,0,0.02213201673869169,7,0,0,0,1,0,1,1,0,0,1,0,1,0,0,0,1,0,1,0,0,0,0,1,0,1,0,0,1,0,3898-GUYTS
0,36,76.35,2606.35,0,0.029293840044506685,7,0,0,0,1,0,0,0,0,0,1,0,1,0,1,0,1,0,1,0,0,1,0,1,0,0,1,0,1,0,0930-EHUZA
0,17,89.4,1539.45,1,0.05807268829776869,5,1,1,1,1,0,0,1,0,0,1,0,0,0,1,0,0,0,1,0,0,0,0,1,0,1,0,1,0,0,6413-XKKPU
0,1,18.9,18.9,0,1.0,1,1,0,0,1,0,0,0,1,1,0,1,0,1,0,1,0,1,0,1,0,0,0,0,0,0,1,0,0,0,9975-SKRNR
1,16,74.45,1261.35,0,0.059024061521385826,3,1,0,0,1,0,1,1,0,0,0,0,0,0,0,0,0,0,0,0,0,0,0,1,0,0,0,1,0,0,3703-KBKZP
0,3,19.8,58.15,1,0.3404987102321582,1,1,0,0,1,0,0,0,1,1,0,1,0,1,0,1,0,1,0,1,0,0,0,1,0,0,1,0,0,0,1449-XQEMT
0,4,50.9,225.6,1,0.2256205673758865,3,1,1,1,1,0,1,0,0,0,0,0,0,0,0,0,0,0,0,0,0,0,0,1,0,1,0,0,0,0,2626-URJFX
0,71,84.4,5969.3,0,0.014139011274353777,8,0,1,0,1,0,0,0,0,0,1,0,1,0,1,0,1,0,1,0,1,0,1,1,1,0,0,0,0,1,4973-MGTON
0,10,24.4,253.9,0,0.09610082709728239,2,1,1,1,1,0,1,0,1,1,0,1,0,1,0,1,0,1,0,1,0,0,0,1,0,0,1,0,0,0,3682-YEUWS
0,20,20.05,400.0,0,0.050125,1,1,1,1,1,0,0,0,1,1,0,1,0,1,0,1,0,1,0,1,0,0,1,0,0,0,1,1,0,0,1223-UNPKS
0,4,81.0,340.85,1,0.23764119113979754,3,1,0,0,1,0,0,1,0,0,0,0,0,0,0,0,0,0,1,0,0,0,0,1,0,1,0,0,0,0,2612-RRIDN
0,26,98.35,2515.3,1,0.03910070369339641,6,1,0,0,1,0,1,1,0,0,0,0,0,0,1,0,0,0,1,0,1,0,0,1,0,1,0,0,1,0,4735-ASGMA
0,4,55.5,227.35,0,0.24411700021992525,3,0,0,0,1,0,0,0,0,0,0,0,0,0,0,0,0,0,1,0,0,0,0,0,1,0,0,0,0,0,3446-QDSZF
0,5,51.0,305.95,1,0.16669390423271777,4,1,0,0,0,1,0,0,0,0,0,0,1,0,0,0,0,0,1,0,1,0,0,1,0,0,1,0,0,0,3669-LVWZB
0,4,91.65,365.4,1,0.2508210180623974,5,0,1,0,1,0,1,1,0,0,0,0,1,0,0,0,0,0,1,0,0,0,0,1,0,1,0,0,0,0,6892-EZDTG
1,29,84.3,2357.75,0,0.035754426890043475,4,1,1,0,1,0,1,1,0,0,0,0,0,0,0,0,0,0,0,0,1,0,0,1,0,1,0,0,1,0,5117-IFGPS
0,2,100.2,198.5,0,0.5047858942065492,6,1,0,0,1,0,0,1,0,0,1,0,1,0,0,0,0,0,1,0,1,0,0,0,0,1,0,0,0,0,7379-FNIUJ
0,29,19.4,554.25,0,0.03500225529995489,1,0,0,0,1,0,0,0,1,1,0,1,0,1,0,1,0,1,0,1,0,0,1,0,0,0,1,0,1,0,1627-AFWVJ
0,1,90.85,90.85,1,1.0,4,1,0,1,1,0,0,1,0,0,0,0,0,0,0,0,0,0,1,0,1,0,0,1,0,1,0,0,0,0,9725-SCPZG
0,1,69.4,69.4,1,1.0,2,1,0,0,1,0,0,1,0,0,0,0,0,0,0,0,0,0,0,0,0,0,0,0,0,0,1,0,0,0,5884-GCYMI
1,8,94.45,742.95,1,0.12712833972676493,5,0,0,0,1,0,0,1,0,0,0,0,0,0,1,0,0,0,1,0,1,0,0,1,1,0,0,0,0,0,3217-FZDMN
0,13,20.4,251.65,0,0.08106497119014504,1,1,0,0,1,0,0,0,1,1,0,1,0,1,0,1,0,1,0,1,0,0,0,1,0,1,0,1,0,0,4486-EFAEB
0,59,94.75,5597.65,0,0.016926746045215404,6,0,1,0,1,0,1,1,0,0,1,0,1,0,0,0,0,0,1,0,0,0,0,1,0,1,0,0,0,1,0060-FUALY
0,1,20.15,20.15,1,1.0,1,0,1,1,1,0,0,0,1,1,0,1,0,1,0,1,0,1,0,1,0,0,0,1,1,0,0,0,0,0,7853-GVUDZ
1,50,95.7,4816.7,1,0.019868374613324476,5,1,0,0,1,0,1,1,0,0,0,0,0,0,0,0,0,0,1,0,1,0,0,1,0,1,0,0,0,1,7480-QNVZJ
0,18,44.35,768.05,0,0.05774363648199988,2,1,1,0,1,0,0,0,0,0,0,0,0,0,0,0,0,0,0,0,0,0,0,1,0,0,0,1,0,0,6954-OOYZZ
0,17,74.55,1215.8,0,0.06131765092942918,6,0,1,1,1,0,0,0,0,0,1,0,1,0,0,0,0,0,1,0,1,0,0,0,0,0,1,1,0,0,7088-FBAWU
0,47,73.6,3522.65,0,0.02089336153180134,6,1,1,0,1,0,0,0,0,0,0,0,1,0,1,0,0,0,1,0,1,0,1,0,0,1,0,0,1,0,8313-AFGBW
0,26,74.95,1834.95,1,0.04084579961306847,3,0,0,0,1,0,1,1,0,0,0,0,0,0,0,0,0,0,0,0,0,0,0,1,0,0,0,0,1,0,3943-KDREE
0,6,47.95,305.1,1,0.1571615863651262,4,0,0,0,0,1,0,0,0,0,0,0,0,0,1,0,0,0,1,0,1,0,0,1,0,1,0,0,0,0,9239-ZBZZV
0,19,50.1,910.45,0,0.05502773353836015,3,1,1,1,1,0,1,0,0,0,0,0,0,0,0,0,0,0,0,0,0,0,0,0,1,0,0,1,0,0,3097-IDVPU
0,3,63.6,155.65,1,0.4086090587857372,5,0,0,0,1,0,1,0,0,0,0,0,0,0,0,0,1,0,1,0,0,0,0,1,0,1,0,0,0,0,4398-HSCJH
1,68,53.0,3656.25,0,0.014495726495726495,5,0,1,1,0,1,0,0,0,0,0,0,1,0,1,0,0,0,1,0,1,0,1,1,0,1,0,0,0,1,2197-OMWGI
0,2,19.85,52.0,0,0.38173076923076926,1,0,1,0,1,0,0,0,1,1,0,1,0,1,0,1,0,1,0,1,0,0,0,0,0,0,0,0,0,0,2303-PJYHN
0,7,24.35,150.85,0,0.16141862777593638,1,1,0,0,0,1,0,0,0,0,0,0,0,0,0,0,0,0,0,0,0,1,0,1,1,0,0,0,0,0,9795-VOWON
0,18,19.55,389.25,0,0.05022479126525369,1,0,0,0,1,0,0,0,1,1,0,1,0,1,0,1,0,1,0,1,0,0,0,1,0,0,1,1,0,0,1237-WIYYZ
0,71,25.05,1873.7,0,0.013369269360089663,2,0,1,0,1,0,1,0,1,1,0,1,0,1,0,1,0,1,0,1,0,0,1,0,1,0,0,0,0,1,1987-AUELQ
1,13,93.8,1261.0,0,0.07438540840602696,6,1,1,0,1,0,1,1,0,0,1,0,1,0,0,0,0,0,0,0,1,0,0,0,1,0,0,1,0,0,7852-LECYP
0,3,36.85,108.7,1,0.3390064397424103,3,1,0,0,0,1,0,0,0,0,0,0,1,0,0,0,1,0,0,0,0,0,0,1,0,0,1,0,0,0,4430-UZIPO
0,72,103.75,7346.2,0,0.01412294791865182,7,1,1,0,1,0,1,1,0,0,0,0,1,0,1,0,0,0,1,0,1,0,1,1,0,0,0,0,0,1,4822-LPTYJ
0,66,56.75,3708.4,0,0.0153030956746845,5,1,1,1,0,1,0,0,0,0,0,0,1,0,1,0,0,0,1,0,1,0,1,1,1,0,0,0,0,1,8165-CBKXO
0,24,20.8,469.65,0,0.04428829979772171,1,1,1,1,1,0,0,0,1,1,0,1,0,1,0,1,0,1,0,1,0,1,0,1,1,0,0,1,0,0,6527-PZFPV
0,1,44.1,44.1,1,1.0,2,0,0,0,1,0,0,0,0,0,0,0,0,0,0,0,0,0,0,0,0,0,0,1,0,1,0,0,0,0,4855-SNKMY
0,56,24.45,1385.85,0,0.017642602013204892,2,0,1,1,1,0,1,0,1,1,0,1,0,1,0,1,0,1,0,1,0,0,1,1,0,0,1,0,0,1,9593-CVZKR
1,22,25.6,548.8,0,0.046647230320699715,2,0,1,0,1,0,1,0,1,1,0,1,0,1,0,1,0,1,0,1,0,1,0,0,0,0,0,1,0,0,8595-SIZNC
0,14,50.75,712.75,1,0.07120308663626798,4,1,0,0,0,1,0,0,0,0,0,0,0,0,1,0,0,0,1,0,1,0,0,1,0,1,0,1,0,0,8008-HAWED
1,61,104.4,6405.0,1,0.01629976580796253,7,0,1,0,1,0,1,1,0,0,0,0,1,0,1,0,0,0,1,0,1,1,0,1,1,0,0,0,0,1,7124-UGSUR
1,40,39.3,1637.4,1,0.024001465738365698,3,0,1,0,0,1,0,0,0,0,0,0,1,0,0,0,0,0,1,0,0,0,0,1,0,1,0,0,1,0,1862-SKORY
0,42,59.65,2536.55,0,0.02351619325461749,5,0,0,0,1,0,0,0,0,0,1,0,1,0,1,0,0,0,0,0,0,0,0,0,0,0,0,0,1,0,5236-XMZJY
0,72,83.3,6042.7,0,0.013785228457477618,8,0,1,1,1,0,1,0,0,0,1,0,0,0,1,0,1,0,1,0,1,0,1,1,0,0,0,0,0,1,4827-DPADN
0,12,79.55,958.25,0,0.0830159144273415,4,0,0,0,1,0,1,1,0,0,0,0,0,0,0,0,1,0,0,0,0,0,0,1,1,0,0,0,0,0,2694-CIUMO
0,71,24.45,1730.65,0,0.01412763990408228,2,1,1,0,1,0,1,0,1,1,0,1,0,1,0,1,0,1,0,1,0,0,1,0,0,0,0,0,0,1,5846-ABOBJ
0,26,19.2,459.6,0,0.041775456919060046,1,0,1,0,1,0,0,0,1,1,0,1,0,1,0,1,0,1,0,1,0,1,0,0,0,0,1,0,1,0,1439-LCGVL
0,7,29.8,201.95,0,0.14756127754394655,2,0,0,1,0,1,0,0,0,0,1,0,0,0,0,0,0,0,0,0,0,0,0,0,0,0,1,0,0,0,0909-SDHNU
0,6,45.5,285.2,0,0.15953716690042077,2,0,1,1,1,0,0,0,0,0,0,0,0,0,0,0,0,0,0,0,0,0,0,0,0,0,1,0,0,0,4647-XXZAM
0,58,106.45,6145.85,1,0.017320630994898997,7,0,0,0,1,0,0,1,0,0,1,0,1,0,1,0,0,0,1,0,1,1,0,1,0,1,0,0,0,1,1502-XFCVR
0,51,30.05,1529.45,0,0.019647585733433587,2,1,1,0,0,1,0,0,0,0,0,0,1,0,0,0,0,0,0,0,0,0,0,1,1,0,0,0,0,1,7740-KKCXF
0,72,65.65,4664.5,0,0.01407439168185229,7,1,1,1,0,1,0,0,0,0,1,0,1,0,1,0,1,0,1,0,1,0,1,1,0,0,0,0,0,1,5360-XGYAZ
0,18,96.05,1740.7,1,0.05517895099672545,5,0,0,0,1,0,0,1,0,0,1,0,0,0,0,0,0,0,1,0,1,0,0,1,0,1,0,1,0,0,9692-TUSXH
0,7,75.1,552.95,1,0.13581698164390993,3,0,0,0,1,0,1,1,0,0,0,0,0,0,0,0,0,0,0,0,0,0,0,1,0,0,0,0,0,0,7912-SYRQT
0,47,74.05,3496.3,0,0.021179532648800157,7,0,0,0,1,0,1,0,0,0,1,0,1,0,0,0,1,0,0,0,1,0,1,0,0,0,1,0,1,0,3557-HTYWR
1,2,44.7,93.7,1,0.4770544290288154,2,1,0,0,1,0,0,0,0,0,0,0,0,0,0,0,0,0,0,0,0,0,0,1,0,1,0,0,0,0,4816-JBHOV
1,62,110.75,7053.35,0,0.01570175873875534,8,1,0,0,1,0,1,1,0,0,0,0,1,0,1,0,1,0,1,0,1,1,0,1,0,0,0,0,0,1,8920-NAVAY
0,16,19.7,301.55,0,0.06532913281379539,1,0,1,1,1,0,0,0,1,1,0,1,0,1,0,1,0,1,0,1,0,0,1,0,0,0,1,1,0,0,1699-TLDLZ
0,6,49.5,312.7,0,0.15829868883914294,3,1,0,0,1,0,0,0,0,0,0,0,0,0,0,0,1,0,0,0,0,0,0,1,1,0,0,0,0,0,5600-PDUJF
0,19,55.0,1046.5,1,0.05255613951266125,4,1,0,0,1,0,0,0,0,0,0,0,0,0,1,0,1,0,0,0,0,0,0,1,1,0,0,1,0,0,8292-TYSPY
0,69,43.95,2960.1,0,0.014847471369210502,4,0,1,1,0,1,0,0,0,0,1,0,0,0,1,0,0,0,0,0,1,0,1,1,1,0,0,0,0,1,0567-XRHCU
0,11,74.35,834.2,1,0.08912730760009589,3,1,1,1,1,0,1,1,0,0,0,0,0,0,0,0,0,0,0,0,0,0,0,1,0,1,0,0,0,0,1867-BDVFH
0,64,111.15,6953.4,0,0.015984985762360862,8,0,1,0,1,0,1,1,0,0,0,0,1,0,1,0,1,0,1,0,1,0,0,1,0,1,0,0,0,1,2067-QYTCF
0,39,104.7,4134.85,1,0.025321353858060145,7,0,1,0,1,0,0,1,0,0,1,0,0,0,1,0,1,0,1,0,1,1,0,1,1,0,0,0,1,0,2359-QWQUL
0,15,55.7,899.8,1,0.06190264503222939,4,0,0,0,1,0,1,0,0,0,1,0,0,0,0,0,0,0,0,0,0,0,0,1,0,0,1,1,0,0,9103-TCIHJ
0,25,20.6,541.5,0,0.03804247460757156,1,1,0,0,1,0,0,0,1,1,0,1,0,1,0,1,0,1,0,1,0,0,0,0,0,0,1,0,1,0,7407-SUJIZ
0,6,19.65,116.85,0,0.1681643132220796,1,0,0,0,1,0,0,0,1,1,0,1,0,1,0,1,0,1,0,1,0,0,1,0,1,0,0,0,0,0,9150-KPBJQ
0,66,115.8,7942.15,0,0.014580434768922772,9,1,1,0,1,0,1,1,0,0,1,0,1,0,1,0,1,0,1,0,1,1,0,0,0,0,0,0,0,1,0052-DCKON
0,61,88.65,5321.25,0,0.016659619450317124,8,0,0,0,1,0,1,0,0,0,0,0,1,0,1,0,1,0,1,0,1,0,1,0,1,0,0,0,0,1,3654-ARMGP
1,43,94.5,4156.8,0,0.022733833718244802,6,0,1,0,1,0,1,1,0,0,1,0,1,0,0,0,0,0,1,0,0,0,0,1,0,1,0,0,1,0,9699-UBQFS
0,12,20.1,223.6,0,0.08989266547406083,1,0,0,0,1,0,0,0,1,1,0,1,0,1,0,1,0,1,0,1,0,0,0,0,0,0,1,0,0,0,9367-TCUYN
1,23,34.65,768.45,0,0.04509076712863556,2,1,0,0,0,1,0,0,0,0,0,0,0,0,0,0,0,0,0,0,1,0,0,1,0,0,0,1,0,0,1261-FWTTE
1,71,52.3,3765.05,0,0.01389091778329637,5,1,1,0,0,1,0,0,0,0,0,0,1,0,1,0,0,0,1,0,1,0,0,1,0,0,0,0,0,1,3528-HFRIQ
0,34,65.0,2157.5,0,0.030127462340672075,5,0,0,0,1,0,1,0,0,0,0,0,0,0,0,0,1,0,1,0,0,0,0,0,0,0,1,0,1,0,0708-SJDIS
0,5,19.85,108.05,1,0.18371124479407683,1,0,0,0,1,0,0,0,1,1,0,1,0,1,0,1,0,1,0,1,0,0,0,0,1,0,0,0,0,0,4140-WJAWW
0,41,35.45,1391.65,0,0.025473358962382783,3,0,1,0,0,1,0,0,0,0,0,0,1,0,0,0,1,0,0,0,0,1,0,0,0,0,1,0,1,0,2073-QBVBI
0,72,19.7,1379.8,0,0.014277431511813305,1,0,1,1,1,0,0,0,1,1,0,1,0,1,0,1,0,1,0,1,0,0,1,0,1,0,0,0,0,1,6928-ONTRW
1,14,95.6,1273.3,0,0.07508049948951544,5,1,0,0,1,0,1,1,0,0,0,0,0,0,0,0,0,0,1,0,1,0,0,1,0,1,0,1,0,0,3320-VEOYC
0,41,19.85,810.45,0,0.02449256585847369,1,0,0,0,1,0,0,0,1,1,0,1,0,1,0,1,0,1,0,1,0,0,1,1,0,0,1,0,1,0,5231-FIQPA
0,23,81.85,1810.85,0,0.04519976806472099,4,0,1,1,1,0,1,1,0,0,1,0,0,0,0,0,0,0,0,0,0,1,0,0,1,0,0,1,0,0,6617-WLBQC
0,71,109.3,7782.85,0,0.014043698645097875,8,1,1,1,1,0,0,1,0,0,1,0,1,0,1,0,1,0,1,0,1,0,1,0,1,0,0,0,0,1,2599-CIPQE
0,1,70.3,70.3,1,1.0,2,0,0,0,1,0,0,1,0,0,0,0,0,0,0,0,0,0,0,0,0,0,0,1,0,1,0,0,0,0,6653-CBBOM
0,72,25.4,1797.1,0,0.014133882366034167,2,1,1,0,1,0,1,0,1,1,0,1,0,1,0,1,0,1,0,1,0,0,1,0,0,0,1,0,0,1,8774-GSBUN
0,6,69.8,377.85,0,0.18472938996956462,2,1,1,1,1,0,0,1,0,0,0,0,0,0,0,0,0,0,0,0,0,0,0,1,0,1,0,0,0,0,7326-RIGQZ
0,23,20.0,445.3,0,0.04491354143274197,1,1,1,1,1,0,0,0,1,1,0,1,0,1,0,1,0,1,0,1,0,1,0,1,1,0,0,1,0,0,1401-FTHFQ
1,10,85.55,851.75,1,0.10044027003228646,4,1,1,0,1,0,1,1,0,0,0,0,0,0,0,0,0,0,0,0,1,0,0,0,0,1,0,0,0,0,3247-ZVOUO
0,72,109.9,7624.2,0,0.014414627108417934,8,0,0,0,1,0,0,1,0,0,1,0,1,0,1,0,1,0,1,0,1,0,1,1,0,1,0,0,0,1,0254-FNMCI
0,7,50.3,355.1,0,0.14165023936919177,3,0,1,0,1,0,0,0,0,0,1,0,0,0,0,0,0,0,0,0,0,0,0,1,0,0,0,0,0,0,1848-LBZHY
0,6,94.5,575.45,1,0.16421930662959422,5,1,0,1,1,0,0,1,0,0,0,0,0,0,1,0,0,0,1,0,1,0,0,0,0,0,1,0,0,0,6101-IMRMM
0,9,101.5,906.85,0,0.11192589733693555,6,1,1,1,1,0,0,1,0,0,0,0,1,0,0,0,1,0,1,0,1,0,0,1,0,1,0,0,0,0,8118-TJAFG
0,12,89.15,1057.55,0,0.08429861472270815,5,0,0,0,1,0,1,1,0,0,0,0,1,0,0,0,0,0,0,0,1,0,0,1,0,1,0,0,0,0,5429-LWCMV
0,1,19.4,19.4,0,1.0,1,0,0,0,1,0,0,0,1,1,0,1,0,1,0,1,0,1,0,1,0,0,0,1,0,0,1,0,0,0,7298-IZWLY
1,48,29.9,1388.75,0,0.02153015301530153,2,0,1,1,0,1,0,0,0,0,0,0,1,0,0,0,0,0,0,0,0,1,0,0,0,0,0,0,1,0,9758-MFWGD
0,20,78.8,1641.3,0,0.04801072320721379,3,1,0,0,1,0,0,1,0,0,0,0,0,0,0,0,0,0,1,0,0,0,0,0,0,1,0,1,0,0,3955-JBZZM
1,16,85.35,1375.15,1,0.062065956441115504,4,0,1,0,1,0,1,1,0,0,0,0,0,0,0,0,0,0,0,0,1,0,0,1,1,0,0,1,0,0,1268-ASBGA
0,2,79.65,152.7,1,0.5216110019646366,3,0,0,0,1,0,0,1,0,0,0,0,0,0,0,0,0,0,1,0,0,0,0,1,0,0,1,0,0,0,8943-URTMR
0,10,19.3,185.2,0,0.10421166306695466,1,0,0,0,1,0,0,0,1,1,0,1,0,1,0,1,0,1,0,1,0,1,0,1,0,0,1,0,0,0,4815-TUMEQ
1,2,79.6,195.05,1,0.40810048705460134,3,0,0,0,1,0,0,1,0,0,0,0,0,0,0,0,0,0,0,0,1,0,0,1,0,1,0,0,0,0,4713-LZDRV
0,20,96.8,1826.7,0,0.05299173372748672,6,1,1,1,1,0,1,1,0,0,0,0,1,0,0,0,1,0,1,0,0,0,0,0,0,0,1,1,0,0,9909-IDLEK
0,20,20.65,417.5,0,0.04946107784431138,1,1,1,0,1,0,0,0,1,1,0,1,0,1,0,1,0,1,0,1,0,1,0,0,0,0,1,1,0,0,4092-OFQZS
0,19,19.8,344.5,0,0.057474600870827286,1,1,1,1,1,0,0,0,1,1,0,1,0,1,0,1,0,1,0,1,0,1,0,0,0,0,1,1,0,0,1561-BWHIN
1,19,90.6,1660.0,1,0.054578313253012045,5,1,0,0,1,0,1,1,0,0,1,0,0,0,0,0,0,0,1,0,0,0,0,1,0,1,0,1,0,0,4325-NFSKC
0,22,104.6,2180.55,0,0.04796954896700373,7,1,1,0,1,0,0,1,0,0,1,0,1,0,0,0,1,0,1,0,1,0,0,1,0,1,0,1,0,0,9927-DSWDF
0,35,80.05,2835.9,0,0.02822737049966501,4,0,0,0,1,0,1,1,0,0,0,0,0,0,0,0,1,0,0,0,0,0,0,0,1,0,0,0,1,0,9500-LTVBP
0,1,45.15,45.15,0,1.0,2,0,0,0,1,0,0,0,0,0,0,0,0,0,0,0,0,0,0,0,0,0,0,0,0,0,1,0,0,0,7252-NTGSS
0,39,73.15,2730.85,0,0.026786531665964813,3,1,0,0,1,0,1,1,0,0,0,0,0,0,0,0,0,0,0,0,0,0,0,1,1,0,0,0,1,0,8149-AIQCG
1,54,99.1,5437.1,0,0.01822662816575012,6,0,1,0,1,0,0,1,0,0,0,0,0,0,1,0,1,0,1,0,1,1,0,1,0,1,0,0,0,1,1360-JYXKQ
0,1,20.2,20.2,1,1.0,1,0,0,0,1,0,0,0,1,1,0,1,0,1,0,1,0,1,0,1,0,0,0,1,0,0,0,0,0,0,2955-PSXOE
0,66,106.05,6981.35,1,0.015190471756895155,7,1,1,0,1,0,1,1,0,0,1,0,0,0,1,0,0,0,1,0,1,0,1,1,1,0,0,0,0,1,7762-URZQH
0,56,105.35,5794.45,0,0.018181190622060764,7,1,0,0,1,0,1,1,0,0,1,0,0,0,0,0,1,0,1,0,1,0,0,1,0,0,1,0,0,1,0899-WZRSD
0,18,45.65,747.2,0,0.06109475374732334,2,1,0,1,1,0,0,0,0,0,0,0,0,0,0,0,0,0,0,0,0,0,0,1,1,0,0,1,0,0,3255-GRXMG
0,16,79.95,1267.95,0,0.0630545368508222,4,0,1,1,1,0,1,1,0,0,0,0,1,0,0,0,0,0,0,0,0,0,0,1,1,0,0,1,0,0,4828-FAZPK
0,68,54.45,3674.95,0,0.014816528116028791,4,0,0,0,1,0,0,0,0,0,1,0,0,0,1,0,0,0,0,0,0,1,0,1,1,0,0,0,0,1,6094-ZIVKX
1,53,25.1,1275.6,0,0.019677014738162437,2,0,1,0,1,0,1,0,1,1,0,1,0,1,0,1,0,1,0,1,0,0,1,0,1,0,0,0,0,1,6925-BAYGL
0,72,84.7,5893.9,0,0.014370790138957229,8,0,1,1,1,0,1,0,0,0,1,0,0,0,1,0,1,0,1,0,1,0,1,0,1,0,0,0,0,1,3262-EIDHV
0,9,75.85,724.65,0,0.10467122058924998,3,1,0,0,1,0,1,1,0,0,0,0,0,0,0,0,0,0,0,0,0,0,0,1,0,1,0,0,0,0,7354-OIJLX
0,30,48.8,1536.75,0,0.031755327802179927,3,0,0,0,1,0,0,0,0,0,1,0,0,0,0,0,0,0,0,0,0,0,0,1,0,0,1,0,1,0,1376-HHBDV
0,36,99.15,3615.6,1,0.027422834384334554,6,0,0,0,1,0,1,1,0,0,0,0,1,0,0,0,0,0,1,0,1,0,0,1,0,1,0,0,1,0,6907-NZZIJ
0,18,35.2,607.3,0,0.057961468796311554,3,0,0,0,0,1,0,0,0,0,0,0,0,0,1,0,1,0,0,0,0,0,0,1,0,1,0,1,0,0,6133-OZILE
1,55,76.25,4154.55,0,0.018353371604626252,7,0,1,1,1,0,1,0,0,0,1,0,0,0,1,0,1,0,1,0,0,1,0,0,0,1,0,0,0,1,4135-FRWKJ
0,39,55.9,2184.35,1,0.02559113695149587,5,0,1,0,0,1,0,0,0,0,1,0,0,0,1,0,0,0,1,0,1,0,0,0,0,1,0,0,1,0,2911-UREFD
0,21,82.35,1852.85,1,0.04444504412121866,4,1,0,0,1,0,1,1,0,0,0,0,1,0,0,0,0,0,0,0,0,0,0,1,0,1,0,1,0,0,3744-ZRRDZ
0,2,40.4,77.15,1,0.5236552171095269,4,1,0,0,0,1,0,0,0,0,0,0,1,0,1,0,1,0,0,0,0,0,0,1,1,0,0,0,0,0,5673-TIYIB
1,33,24.9,847.8,0,0.02937013446567587,2,1,0,0,1,0,1,0,1,1,0,1,0,1,0,1,0,1,0,1,0,1,0,1,0,0,0,0,1,0,6551-ZCOTS
0,44,54.3,2390.45,0,0.022715388316007445,5,1,1,0,0,1,0,0,0,0,0,0,1,0,1,0,0,0,1,0,1,0,1,0,0,0,0,0,1,0,7191-ADRGF
0,30,66.3,1923.5,0,0.03446841694827138,5,0,1,1,1,0,0,0,0,0,1,0,0,0,0,0,1,0,0,0,1,0,0,0,0,0,0,0,1,0,5018-LXQQG
0,71,20.9,1493.2,0,0.01399678542727029,1,0,1,0,1,0,0,0,1,1,0,1,0,1,0,1,0,1,0,1,0,0,1,1,0,0,0,0,0,1,6892-BOGQE
0,4,75.35,338.1,1,0.22286305826678493,3,0,0,0,1,0,1,1,0,0,0,0,0,0,0,0,0,0,0,0,0,0,0,0,0,1,0,0,0,0,1602-IJQQE
0,35,85.15,3030.6,1,0.028096746518841156,4,1,0,1,1,0,0,1,0,0,0,0,0,0,1,0,0,0,1,0,0,1,0,1,0,1,0,0,1,0,4628-WQCQQ
0,1,75.35,75.35,0,1.0,3,1,1,0,1,0,0,1,0,0,0,0,0,0,1,0,0,0,0,0,0,0,0,0,1,0,0,0,0,0,1746-TGTWV
1,23,104.45,2184.85,0,0.04780648557109184,7,1,1,0,1,0,1,1,0,0,0,0,1,0,1,0,0,0,1,0,1,0,0,1,0,1,0,1,0,0,5995-SNNEW
0,22,49.45,1031.4,0,0.04794454140003878,4,0,0,1,0,1,0,0,0,0,0,0,0,0,1,0,0,0,1,0,1,1,0,1,1,0,0,1,0,0,8050-WYBND
0,49,19.45,921.3,0,0.021111472918701836,1,0,0,1,1,0,0,0,1,1,0,1,0,1,0,1,0,1,0,1,0,1,0,0,1,0,0,0,0,1,2821-WARNZ
0,42,92.15,3875.4,0,0.023778190638385717,5,0,1,1,1,0,0,1,0,0,0,0,0,0,1,0,0,0,1,0,1,0,0,1,0,1,0,0,1,0,4879-GZLFH
0,33,93.8,3124.5,1,0.030020803328532564,5,0,1,1,1,0,0,1,0,0,0,0,0,0,1,0,0,0,1,0,1,1,0,1,0,1,0,0,1,0,1644-IRKSF
0,7,19.85,144.15,0,0.13770378078390566,1,0,1,1,1,0,0,0,1,1,0,1,0,1,0,1,0,1,0,1,0,0,1,0,0,0,1,0,0,0,8314-HTWVE
0,67,100.25,6689.0,0,0.014987292569890866,7,0,1,1,1,0,1,1,0,0,1,0,0,0,1,0,1,0,0,0,1,1,0,1,0,0,0,0,0,1,9402-ROUMJ
0,15,95.7,1451.1,0,0.0659499689890428,6,1,0,0,1,0,1,1,0,0,0,0,1,0,0,0,1,0,0,0,1,0,0,0,0,1,0,1,0,0,2507-QZPQS
0,67,93.15,6368.2,0,0.014627367230928678,6,1,1,0,1,0,1,1,0,0,0,0,1,0,1,0,0,0,0,0,1,0,1,1,0,1,0,0,0,1,7159-NOKYQ
0,53,69.7,3729.6,0,0.01868833118833119,6,1,1,1,1,0,0,0,0,0,1,0,1,0,0,0,1,0,1,0,0,0,1,1,0,0,1,0,0,1,5707-ZMDJP
0,21,19.8,350.1,0,0.056555269922879174,1,1,1,1,1,0,0,0,1,1,0,1,0,1,0,1,0,1,0,1,0,1,0,0,0,0,1,1,0,0,8779-YIQQA
0,40,71.35,2847.2,0,0.025059707783085135,6,0,1,1,1,0,0,0,0,0,1,0,1,0,0,0,1,0,0,0,1,0,0,1,0,0,1,0,1,0,7136-IHZJA
0,22,20.75,452.35,0,0.04587155963302752,1,0,1,1,1,0,0,0,1,1,0,1,0,1,0,1,0,1,0,1,0,1,0,0,0,0,0,1,0,0,8966-OIQHG
0,39,40.6,1494.5,0,0.027166276346604217,3,1,0,0,0,1,0,0,0,0,0,0,0,0,0,0,1,0,0,0,1,0,0,1,0,1,0,0,1,0,7074-STDCN
0,45,20.4,930.45,1,0.021924875060454617,1,1,0,0,1,0,0,0,1,1,0,1,0,1,0,1,0,1,0,1,0,1,0,1,0,1,0,0,1,0,3705-PSNGL
0,2,20.35,41.85,0,0.4862604540023895,1,0,1,0,1,0,0,0,1,1,0,1,0,1,0,1,0,1,0,1,0,0,0,0,0,0,1,0,0,0,8739-QOTTN
0,57,19.75,1272.05,0,0.01552611925631854,1,0,1,1,1,0,0,0,1,1,0,1,0,1,0,1,0,1,0,1,0,0,1,0,0,0,0,0,0,1,1399-OUPJN
0,8,54.4,475.1,0,0.11450221006103978,3,1,1,1,1,0,0,0,0,0,0,0,0,0,0,0,0,0,1,0,0,0,0,1,0,1,0,0,0,0,0277-BKSQP
1,7,94.7,673.1,1,0.1406923191204873,6,1,1,0,1,0,1,1,0,0,1,0,1,0,0,0,0,0,0,0,1,0,0,1,1,0,0,0,0,0,6502-HCJTI
0,6,30.5,208.7,1,0.14614278869190225,2,1,0,0,0,1,0,0,0,0,0,0,1,0,0,0,0,0,0,0,0,0,0,1,1,0,0,0,0,0,2606-RMDHZ
0,7,20.45,150.75,0,0.13565505804311773,1,0,1,1,1,0,0,0,1,1,0,1,0,1,0,1,0,1,0,1,0,0,0,0,0,0,1,0,0,0,5774-XZTQC
0,49,66.15,3199.0,0,0.02067833698030635,5,1,0,0,1,0,1,0,0,0,0,0,0,0,0,0,1,0,1,0,0,0,1,1,0,0,0,0,0,1,2676-SSLTO
0,65,89.85,5844.65,0,0.015373033457948722,6,0,0,0,1,0,1,1,0,0,1,0,1,0,0,0,1,0,0,0,0,1,0,1,0,1,0,0,0,1,6266-QHOJZ
0,55,45.05,2462.6,0,0.01829367335336636,2,0,0,0,1,0,0,0,0,0,0,0,0,0,0,0,0,0,0,0,0,1,0,0,0,0,0,0,0,1,7269-JISCY
0,71,86.85,6263.8,0,0.013865385229413454,9,1,1,1,1,0,1,0,0,0,1,0,1,0,1,0,1,0,1,0,1,0,1,0,0,0,0,0,0,1,0363-SVHYR
0,35,96.75,3403.4,0,0.028427454898043134,7,1,0,0,1,0,1,1,0,0,1,0,1,0,1,0,1,0,0,0,0,0,0,1,0,0,1,0,1,0,8547-NSBBO
1,3,77.0,237.75,1,0.323869610935857,3,1,0,0,1,0,1,1,0,0,0,0,0,0,0,0,0,0,0,0,0,0,0,1,0,1,0,0,0,0,8258-GSTJK
0,11,20.1,221.35,1,0.09080641517957987,1,0,0,1,1,0,0,0,1,1,0,1,0,1,0,1,0,1,0,1,0,0,0,0,1,0,0,0,0,0,6861-OKBCE
0,1,75.3,75.3,1,1.0,3,0,0,0,1,0,0,1,0,0,0,0,0,0,1,0,0,0,0,0,0,0,0,0,0,1,0,0,0,0,9940-RHLFB
0,17,106.65,1672.1,0,0.06378207045033192,8,1,0,0,1,0,1,1,0,0,1,0,1,0,1,0,1,0,1,0,0,0,0,1,0,0,0,1,0,0,6591-QGOYB
0,72,110.15,7881.2,0,0.01397629802568137,8,0,1,0,1,0,1,1,0,0,1,0,0,0,1,0,1,0,1,0,1,0,1,1,1,0,0,0,0,1,9070-BCKQP
0,28,82.85,2320.8,0,0.035698896932092376,4,0,1,1,1,0,0,1,0,0,1,0,0,0,0,0,0,0,0,0,1,1,0,1,0,0,0,0,1,0,6421-SZVEM
0,18,20.1,370.5,0,0.05425101214574899,1,0,1,0,1,0,0,0,1,1,0,1,0,1,0,1,0,1,0,1,0,0,1,0,0,0,1,1,0,0,1328-EUZHC
1,40,99.2,4062.2,1,0.024420264881098913,6,0,1,0,1,0,0,1,0,0,0,0,1,0,0,0,1,0,1,0,1,1,0,1,1,0,0,0,1,0,2995-UPRYS
0,52,59.45,3043.7,0,0.01953214837204718,4,0,0,0,1,0,0,0,0,0,0,0,0,0,1,0,0,0,0,0,1,0,0,1,0,1,0,0,0,1,8878-RYUKI
0,47,58.6,2723.4,0,0.021517221120658,4,0,1,0,1,0,0,0,0,0,0,0,1,0,0,0,0,0,1,0,0,0,0,1,0,0,0,0,1,0,9633-DENPU
0,23,49.7,1081.25,0,0.04596531791907515,3,0,0,0,1,0,0,0,0,0,0,0,0,0,1,0,0,0,0,0,0,0,0,0,1,0,0,1,0,0,7811-JIVPF
0,66,65.85,4097.05,0,0.01607253999829145,6,1,1,1,1,0,0,0,0,0,1,0,1,0,1,0,1,0,0,0,0,0,1,0,0,0,1,0,0,1,7113-HIPFI
0,8,73.5,632.2,0,0.11626067700094905,3,0,0,0,1,0,1,1,0,0,0,0,0,0,0,0,0,0,0,0,0,0,0,1,0,1,0,0,0,0,8541-QVFKM
1,47,85.5,4042.3,1,0.021151324740865347,4,1,0,0,1,0,0,1,0,0,1,0,0,0,0,0,0,0,0,0,1,0,0,0,0,0,1,0,1,0,6686-YPGHK
0,7,20.05,164.85,1,0.12162572035183501,1,0,0,0,1,0,0,0,1,1,0,1,0,1,0,1,0,1,0,1,0,0,0,0,0,0,1,0,0,0,1383-EZRWL
0,71,113.65,8166.8,0,0.013916099328990548,9,0,1,1,1,0,1,1,0,0,1,0,1,0,1,0,1,0,1,0,1,0,1,0,1,0,0,0,0,1,9258-CNWAC
1,50,83.4,4113.7,0,0.020273719522570923,5,0,0,0,1,0,1,1,0,0,1,0,1,0,0,0,0,0,0,0,0,0,0,1,0,1,0,0,0,1,5371-VYLSX
0,46,65.65,3047.15,0,0.02154472211738838,6,1,1,0,1,0,0,0,0,0,1,0,1,0,1,0,1,0,0,0,0,0,1,0,0,0,1,0,1,0,6374-AFWOX
0,1,70.4,70.4,1,1.0,2,1,0,0,1,0,0,1,0,0,0,0,0,0,0,0,0,0,0,0,0,0,0,0,0,1,0,0,0,0,4759-TRPLW
0,66,61.35,4193.4,0,0.014630133066246961,6,0,0,0,0,1,0,0,0,0,1,0,0,0,1,0,1,0,1,0,1,0,1,1,0,0,0,0,0,1,5317-FLPJF
0,42,85.9,3729.75,0,0.023031034251625445,5,0,1,0,1,0,1,1,0,0,0,0,0,0,1,0,1,0,0,0,0,0,0,1,1,0,0,0,1,0,7621-VPNET
0,5,75.65,399.45,0,0.18938540493178121,3,0,0,0,1,0,0,1,0,0,0,0,0,0,0,0,1,0,0,0,0,0,0,1,0,0,1,0,0,0,6034-YMTOB
0,7,49.75,331.3,1,0.1501660126773317,3,1,1,1,1,0,0,0,0,0,1,0,0,0,0,0,0,0,0,0,0,1,0,1,0,1,0,0,0,0,8563-IIOXK
0,29,70.9,1964.6,0,0.03608877125114528,6,1,0,0,1,0,1,0,0,0,0,0,1,0,1,0,0,0,0,0,1,1,0,0,1,0,0,0,1,0,4903-CNOZC
0,27,49.85,1336.15,0,0.037308685402088086,3,0,1,1,1,0,0,0,0,0,0,0,1,0,0,0,0,0,0,0,0,0,0,0,0,0,1,0,1,0,4353-HYOJD
1,15,75.3,1147.45,1,0.06562377445640333,3,0,0,0,1,0,0,1,0,0,0,0,1,0,0,0,0,0,0,0,0,0,0,1,1,0,0,1,0,0,8020-BWHYL
0,25,20.1,486.05,0,0.04135377018825224,1,0,1,1,1,0,0,0,1,1,0,1,0,1,0,1,0,1,0,1,0,0,1,0,0,0,1,0,1,0,7267-FRMJW
0,11,94.0,1078.9,1,0.08712577625359161,5,0,1,0,1,0,1,1,0,0,0,0,0,0,0,0,0,0,1,0,1,0,0,1,0,1,0,0,0,0,2982-VPSGI
0,57,103.05,5925.75,0,0.01739020377167447,8,1,1,0,1,0,1,1,0,0,1,0,1,0,1,0,1,0,1,0,0,0,0,1,0,1,0,0,0,1,4188-FRABG
0,67,118.35,7804.15,1,0.015165008360936169,9,1,0,0,1,0,1,1,0,0,1,0,1,0,1,0,1,0,1,0,1,1,0,1,0,0,0,0,0,1,8199-ZLLSA
1,47,99.7,4747.2,0,0.02100185372430064,6,0,1,0,1,0,1,1,0,0,0,0,0,0,1,0,0,0,1,0,1,0,0,0,0,1,0,0,1,0,4128-ETESU
0,13,81.9,1028.9,0,0.07959957235882982,3,0,0,0,1,0,0,1,0,0,0,0,0,0,0,0,0,0,1,0,0,0,0,1,0,0,1,1,0,0,0620-DLSLK
0,8,30.45,226.45,1,0.13446676970633695,2,1,0,0,0,1,0,0,0,0,1,0,0,0,0,0,0,0,0,0,0,0,0,1,0,1,0,0,0,0,4625-EWPTF
0,44,96.1,4364.1,1,0.0220205769803625,5,0,1,0,1,0,1,1,0,0,0,0,0,0,0,0,0,0,1,0,1,0,0,1,0,1,0,0,1,0,5980-NOPLP
0,71,66.2,4692.55,0,0.014107468220903347,5,1,1,1,1,0,1,0,0,0,1,0,0,0,0,0,0,0,1,0,0,1,0,1,0,1,0,0,0,1,3850-OKINF
1,24,104.25,2433.9,1,0.04283249106372489,7,1,1,0,1,0,1,1,0,0,0,0,1,0,1,0,0,0,1,0,1,0,0,1,0,1,0,1,0,0,6892-XPFPU
1,15,80.2,1217.25,1,0.06588621893612652,4,1,0,0,1,0,1,1,0,0,0,0,1,0,0,0,0,0,0,0,0,0,0,1,0,1,0,1,0,0,8010-EZLOU
0,1,19.75,19.75,0,1.0,1,0,0,0,1,0,0,0,1,1,0,1,0,1,0,1,0,1,0,1,0,0,0,0,0,1,0,0,0,0,1156-ZFYDO
1,2,72.6,154.3,0,0.4705119896305897,3,1,0,0,1,0,1,1,0,0,0,0,0,0,0,0,0,0,0,0,0,0,0,1,0,0,1,0,0,0,3295-YVUSR
1,55,116.5,6382.55,0,0.018252892652623167,9,1,0,0,1,0,1,1,0,0,1,0,1,0,1,0,1,0,1,0,1,0,0,1,0,1,0,0,0,1,8016-NCFVO
1,71,106.8,7623.2,0,0.01400986462378004,7,1,0,0,1,0,1,1,0,0,0,0,1,0,0,0,1,0,1,0,1,0,1,1,0,1,0,0,0,1,4119-ZYPZY
0,50,24.95,1261.45,0,0.019778825954258988,2,1,1,1,1,0,1,0,1,1,0,1,0,1,0,1,0,1,0,1,0,0,1,0,0,0,1,0,0,1,5549-ZGHFB
0,1,89.25,89.25,0,1.0,4,1,0,0,1,0,0,1,0,0,0,0,0,0,0,0,0,0,1,0,1,0,0,1,0,1,0,0,0,0,7577-SWIFR
0,5,19.25,86.05,0,0.22370714700755376,1,1,0,0,1,0,0,0,1,1,0,1,0,1,0,1,0,1,0,1,0,0,0,1,0,0,1,0,0,0,0303-WMMRN
0,66,104.55,6779.05,0,0.015422514954160242,8,0,0,0,1,0,1,1,0,0,1,0,1,0,1,0,1,0,1,0,0,1,0,1,0,0,0,0,0,1,6408-OTUBZ
0,49,87.2,4345.0,0,0.020069044879171462,8,0,1,1,1,0,0,0,0,0,1,0,1,0,1,0,1,0,1,0,1,1,0,1,0,0,1,0,0,1,5204-HMGYF
1,3,30.75,82.85,0,0.3711526855763428,2,0,1,0,0,1,0,0,0,0,0,0,1,0,0,0,0,0,0,0,0,0,0,1,0,1,0,0,0,0,1078-TDCRN
0,66,25.7,1714.55,0,0.01498935580764632,2,1,1,1,1,0,1,0,1,1,0,1,0,1,0,1,0,1,0,1,0,1,0,1,1,0,0,0,0,1,3727-OVPRY
0,11,86.2,893.2,0,0.09650694133452754,4,1,0,1,1,0,1,1,0,0,0,0,0,0,0,0,0,0,0,0,1,0,0,0,0,1,0,0,0,0,3797-FKOGQ
0,28,30.1,810.85,0,0.03712153912560893,2,1,0,0,0,1,0,0,0,0,0,0,0,0,0,0,1,0,0,0,0,0,0,1,1,0,0,0,1,0,7622-NXQZR
0,65,99.35,6347.55,0,0.015651708139360853,7,1,1,0,1,0,1,1,0,0,1,0,1,0,1,0,0,0,1,0,0,0,1,1,0,1,0,0,0,1,6196-HBOBZ
0,62,19.2,1123.65,0,0.017087171272193297,1,0,0,0,1,0,0,0,1,1,0,1,0,1,0,1,0,1,0,1,0,0,1,1,1,0,0,0,0,1,3970-XGJDU
0,2,20.1,43.15,0,0.46581691772885286,1,0,1,0,1,0,0,0,1,1,0,1,0,1,0,1,0,1,0,1,0,0,0,0,0,0,0,0,0,0,7017-VFULY
0,2,20.35,35.1,0,0.5797720797720798,1,0,0,0,1,0,0,0,1,1,0,1,0,1,0,1,0,1,0,1,0,0,0,0,1,0,0,0,0,0,5562-YJQGT
0,55,25.65,1388.0,0,0.018479827089337174,2,0,1,1,1,0,1,0,1,1,0,1,0,1,0,1,0,1,0,1,0,0,1,1,1,0,0,0,0,1,8807-OPMBM
1,41,94.55,3851.45,0,0.024549195757442004,5,1,1,0,1,0,0,1,0,0,0,0,1,0,0,0,0,0,1,0,1,0,0,1,0,1,0,0,1,0,5439-WIKXB
0,17,104.2,1743.5,1,0.05976484083739604,7,0,1,1,1,0,1,1,0,0,1,0,0,0,1,0,0,0,1,0,1,0,0,1,0,1,0,1,0,0,9874-QLCLH
0,30,94.4,2638.1,0,0.035783328910958645,5,0,0,0,1,0,0,1,0,0,0,0,0,0,0,0,1,0,1,0,1,1,0,1,0,0,0,0,1,0,8294-UIMBA
0,17,56.1,946.95,0,0.059242832250910815,4,1,0,0,1,0,0,0,0,0,1,0,1,0,0,0,0,0,0,0,0,1,0,0,0,0,1,1,0,0,8109-YUOHE
0,16,68.25,1114.85,0,0.06121899807148944,6,0,1,1,1,0,0,0,0,0,1,0,1,0,0,0,1,0,0,0,1,0,1,0,0,0,0,1,0,0,5840-NVDCG
0,72,24.75,1777.6,0,0.013923267326732673,2,1,0,0,1,0,1,0,1,1,0,1,0,1,0,1,0,1,0,1,0,0,1,0,0,0,0,0,0,1,8092-NLTGF
0,9,76.25,684.85,0,0.11133824925166094,3,1,0,0,1,0,1,1,0,0,0,0,0,0,0,0,0,0,0,0,0,0,0,1,0,1,0,0,0,0,5928-QLDHB
0,1,74.35,74.35,0,1.0,3,0,0,0,1,0,0,1,0,0,0,0,1,0,0,0,0,0,0,0,0,0,0,0,0,1,0,0,0,0,9840-EFJQB
0,23,54.15,1312.45,0,0.04125871461769972,4,1,0,1,1,0,0,0,0,0,0,0,1,0,0,0,1,0,0,0,0,0,0,0,0,1,0,1,0,0,0696-UKTOX
0,8,19.45,159.2,0,0.12217336683417086,1,1,0,1,1,0,0,0,1,1,0,1,0,1,0,1,0,1,0,1,0,0,0,0,0,0,0,0,0,0,4801-KFYKL
0,19,34.95,610.2,0,0.05727630285152409,3,1,1,1,0,1,0,0,0,0,1,0,1,0,0,0,0,0,0,0,0,0,0,1,0,0,1,1,0,0,3472-OAOOR
0,7,53.65,404.35,0,0.13268208235439594,4,0,0,0,1,0,1,0,0,0,1,0,0,0,0,0,0,0,0,0,0,0,0,1,0,1,0,0,0,0,6135-OZQVA
1,1,69.65,69.65,1,1.0,2,1,0,0,1,0,0,1,0,0,0,0,0,0,0,0,0,0,0,0,0,0,0,1,0,1,0,0,0,0,8062-YBDOE
0,61,104.0,6363.45,0,0.016343335769118953,7,1,0,0,1,0,1,1,0,0,1,0,0,0,1,0,0,0,1,0,1,1,0,0,0,1,0,0,0,1,2252-JHJGE
0,57,70.35,4124.65,0,0.01705599262967767,6,0,1,0,1,0,0,0,0,0,1,0,1,0,0,0,1,0,1,0,0,0,1,1,1,0,0,0,0,1,4188-PCPIG
0,9,80.8,713.1,1,0.11330809143177674,3,1,0,0,1,0,0,1,0,0,0,0,0,0,0,0,0,0,0,0,1,0,0,1,0,1,0,0,0,0,6000-APYLU
0,15,64.85,950.75,0,0.0682093084407047,5,1,0,1,1,0,0,0,0,0,1,0,0,0,1,0,0,0,0,0,1,1,0,0,0,0,1,1,0,0,7105-BENQF
0,1,19.65,19.65,0,1.0,1,0,0,0,1,0,0,0,1,1,0,1,0,1,0,1,0,1,0,1,0,0,0,0,0,0,1,0,0,0,7721-DVEKZ
0,12,45.9,505.95,0,0.0907204269196561,2,0,1,0,1,0,0,0,0,0,0,0,0,0,0,0,0,0,0,0,0,0,0,0,0,0,0,0,0,0,3566-VVORZ
0,54,20.0,1149.65,0,0.01739659896490236,1,1,0,0,1,0,0,0,1,1,0,1,0,1,0,1,0,1,0,1,0,0,1,0,0,0,1,0,0,1,9507-HSMMZ
0,4,44.8,169.65,0,0.26407309165929854,2,1,1,1,1,0,0,0,0,0,0,0,0,0,0,0,0,0,0,0,0,0,0,0,0,1,0,0,0,0,2480-SQIOB
0,7,80.3,526.7,1,0.15245870514524396,3,0,0,0,1,0,0,1,0,0,0,0,0,0,0,0,0,0,1,0,0,0,0,1,0,0,1,0,0,0,0947-IDHRQ
0,20,20.35,393.15,0,0.051761414218491675,1,0,1,0,1,0,0,0,1,1,0,1,0,1,0,1,0,1,0,1,0,1,0,0,0,0,1,1,0,0,7813-TKCVO
0,26,45.8,1147.0,0,0.03993025283347864,4,0,0,1,0,1,0,0,0,0,1,0,0,0,0,0,1,0,0,0,1,0,0,0,0,0,1,0,1,0,0128-MKWSG
1,36,84.1,3021.6,1,0.027832936192745565,4,1,1,0,1,0,1,1,0,0,0,0,0,0,0,0,0,0,0,0,1,0,0,1,0,1,0,0,1,0,3672-YITQD
0,53,108.95,5718.2,0,0.019053198558987097,8,0,1,0,1,0,1,1,0,0,0,0,1,0,1,0,1,0,1,0,1,1,0,1,0,0,0,0,0,1,4350-ZTLPI
0,3,69.35,191.35,1,0.3624248758818918,5,1,0,0,1,0,0,0,0,0,0,0,0,0,0,0,1,0,1,0,1,0,0,1,0,1,0,0,0,0,9048-JVYVF
0,68,64.35,4539.6,0,0.014175257731958761,7,0,0,0,0,1,0,0,0,0,1,0,1,0,1,0,1,0,1,0,1,0,1,0,1,0,0,0,0,1,0361-HJRDX
0,72,90.8,6397.6,0,0.014192822308365636,9,1,1,1,1,0,1,0,0,0,1,0,1,0,1,0,1,0,1,0,1,0,1,1,1,0,0,0,0,1,5727-MYATE
0,12,24.95,280.4,0,0.08898002853067047,2,1,0,0,1,0,1,0,1,1,0,1,0,1,0,1,0,1,0,1,0,1,0,0,1,0,0,0,0,0,3823-KYNQY
1,34,79.6,2718.3,1,0.029283007762204313,4,0,1,1,1,0,1,1,0,0,0,0,1,0,0,0,0,0,0,0,0,0,0,1,0,0,1,0,1,0,8988-ECPJR
0,68,84.7,5711.05,0,0.014830897995990229,5,0,1,0,1,0,1,1,0,0,1,0,1,0,0,0,0,0,0,0,0,0,1,1,0,0,0,0,0,1,7570-WELNY
0,50,70.8,3478.15,0,0.020355648836306656,6,0,0,1,1,0,0,0,0,0,1,0,0,0,1,0,1,0,1,0,0,1,0,1,1,0,0,0,0,1,3021-VLNRJ
1,1,36.45,36.45,1,1.0,2,0,0,0,0,1,0,0,0,0,0,0,0,0,0,0,0,0,1,0,0,0,0,1,0,1,0,0,0,0,3776-EKTKM
1,41,104.4,4133.95,0,0.025254296737986674,7,0,0,0,1,0,1,1,0,0,0,0,1,0,1,0,0,0,1,0,1,0,0,1,0,1,0,0,1,0,2080-CAZNM
1,30,101.5,2917.65,0,0.03478827138279094,6,1,1,0,1,0,1,1,0,0,0,0,0,0,0,0,1,0,1,0,1,0,0,1,0,1,0,0,1,0,1028-FFNJK
0,1,54.3,54.3,0,1.0,4,1,0,0,1,0,1,0,0,0,0,0,1,0,0,0,0,0,0,0,0,0,0,0,0,1,0,0,0,0,6907-FLBER
1,29,103.95,2964.8,0,0.03506138694009714,6,1,1,1,1,0,1,1,0,0,0,0,0,0,1,0,0,0,1,0,1,0,0,1,0,1,0,0,1,0,3001-UNBTL
0,23,91.1,2198.3,0,0.04144111358777236,9,0,1,1,1,0,1,0,0,0,1,0,1,0,1,0,1,0,1,0,1,0,1,1,1,0,0,1,0,0,5982-PSMKW
0,60,19.95,1189.9,0,0.016766114799562987,1,1,0,1,1,0,0,0,1,1,0,1,0,1,0,1,0,1,0,1,0,0,1,0,0,0,1,0,0,1,3507-GASNP
0,72,26.45,1914.5,0,0.013815617654740141,2,0,1,0,1,0,1,0,1,1,0,1,0,1,0,1,0,1,0,1,0,0,1,0,1,0,0,0,0,1,7096-ZNBZI
0,22,89.4,2001.5,1,0.044666500124906326,5,1,0,1,1,0,0,1,0,0,0,0,1,0,1,0,0,0,1,0,0,0,0,1,0,1,0,1,0,0,1902-XBTFB
0,72,75.1,5336.35,0,0.01407328979545944,7,1,0,0,1,0,0,0,0,0,1,0,1,0,1,0,1,0,1,0,0,0,1,1,0,0,0,0,0,1,1676-MQAOA
1,66,108.1,7238.6,0,0.01493382698311828,7,0,0,0,1,0,1,1,0,0,0,0,1,0,1,0,0,0,1,0,1,1,0,0,0,0,0,0,0,1,0786-IVLAW
0,72,110.15,7998.8,0,0.013770815622343353,8,0,1,0,1,0,1,1,0,0,0,0,1,0,1,0,1,0,1,0,1,0,1,1,0,1,0,0,0,1,7566-DSRLQ
1,47,80.35,3825.85,1,0.021001868865742252,4,0,1,0,1,0,1,1,0,0,1,0,0,0,0,0,0,0,0,0,0,0,0,0,0,1,0,0,1,0,0643-OKLRP
0,51,111.5,5703.25,0,0.01955025643273572,8,0,0,0,1,0,1,1,0,0,0,0,1,0,1,0,1,0,1,0,1,1,0,1,0,1,0,0,0,1,7245-JMTTQ
0,70,106.5,7397.0,0,0.014397728808976612,7,0,1,1,1,0,1,1,0,0,0,0,1,0,1,0,0,0,1,0,1,1,0,1,0,1,0,0,0,1,6050-IJRHS
0,9,19.9,164.6,0,0.12089914945321992,1,1,0,0,1,0,0,0,1,1,0,1,0,1,0,1,0,1,0,1,0,1,0,1,0,1,0,0,0,0,6202-JVYEU
0,59,111.1,6555.2,0,0.01694837686111789,8,1,1,1,1,0,1,1,0,0,1,0,1,0,0,0,1,0,1,0,1,0,1,1,0,0,1,0,0,1,8591-TKMZH
0,3,70.7,225.65,0,0.31331708397961444,5,1,0,1,1,0,0,0,0,0,0,0,0,0,0,0,1,0,1,0,1,0,0,0,0,0,1,0,0,0,0734-OXWBT
1,38,24.85,955.75,0,0.026000523149359144,1,1,1,0,0,1,0,0,0,0,0,0,0,0,0,0,0,0,0,0,0,0,0,1,0,1,0,0,1,0,4282-ACRXS
0,37,91.2,3382.3,0,0.026963900304526504,6,0,0,0,1,0,1,1,0,0,1,0,1,0,1,0,0,0,0,0,0,0,0,0,0,0,0,0,1,0,0365-TRTPY
0,37,65.6,2313.8,0,0.028351629354308926,6,1,0,0,1,0,0,0,0,0,1,0,1,0,1,0,1,0,0,0,0,0,1,0,0,0,0,0,1,0,7349-ALMUX
1,24,40.65,933.3,1,0.043555126968820315,3,0,1,0,0,1,0,0,0,0,0,0,0,0,1,0,0,0,0,0,1,0,0,1,1,0,0,1,0,0,9381-NDKME
0,14,59.45,780.85,0,0.07613498111032849,5,0,1,1,1,0,0,0,0,0,1,0,1,0,0,0,1,0,0,0,0,0,0,0,0,0,0,1,0,0,6502-KUGLL
0,72,109.95,7852.4,0,0.014002088533442005,8,1,1,0,1,0,1,1,0,0,1,0,1,0,0,0,1,0,1,0,1,0,1,1,1,0,0,0,0,1,1841-YSJGV
0,53,60.45,3184.25,1,0.018984062181047343,6,1,1,0,0,1,0,0,0,0,0,0,1,0,1,0,1,0,1,0,1,1,0,1,0,1,0,0,0,1,2794-XIMMO
0,8,84.9,764.95,1,0.11098764625138897,4,0,1,0,1,0,1,1,0,0,0,0,0,0,0,0,0,0,0,0,1,0,0,1,0,1,0,0,0,0,8382-SHQEH
0,72,38.5,2763.0,0,0.013934129569308722,4,1,1,1,0,1,0,0,0,0,1,0,1,0,1,0,0,0,0,0,0,0,1,0,1,0,0,0,0,1,3511-BFTJW
1,17,92.55,1614.7,0,0.05731714869635226,5,0,1,0,1,0,1,1,0,0,0,0,0,0,0,0,0,0,1,0,1,0,0,1,0,1,0,1,0,0,7668-XCFYV
0,2,73.55,145.4,1,0.5058459422283356,3,0,1,1,1,0,0,1,0,0,0,0,1,0,0,0,0,0,0,0,0,0,0,1,0,0,0,0,0,0,2983-ZANRP
0,8,20.15,156.25,1,0.12896,1,0,1,0,1,0,0,0,1,1,0,1,0,1,0,1,0,1,0,1,0,0,0,0,0,0,0,0,0,0,7845-URHJN
0,48,34.7,1604.5,1,0.021626674976628235,3,0,1,0,0,1,0,0,0,0,0,0,1,0,1,0,0,0,0,0,0,1,0,0,0,0,1,0,1,0,3034-ZBEQN
0,10,24.5,270.15,0,0.09069035720895799,2,0,0,0,1,0,1,0,1,1,0,1,0,1,0,1,0,1,0,1,0,0,0,1,0,0,1,0,0,0,5018-HEKFO
0,0,19.7,0.0,0,0.0,1,1,1,1,1,0,0,0,1,1,0,1,0,1,0,1,0,1,0,1,0,1,0,1,0,0,1,0,0,0,2923-ARZLG
0,1,20.6,20.6,0,1.0,1,1,0,0,1,0,0,0,1,1,0,1,0,1,0,1,0,1,0,1,0,0,0,0,0,0,1,0,0,0,3976-NLDEZ
0,29,58.0,1734.5,0,0.03343903142115884,5,0,0,0,1,0,0,0,0,0,1,0,0,0,1,0,1,0,0,0,0,1,0,0,1,0,0,0,1,0,2282-YGNOR
1,65,107.45,7047.5,0,0.015246541326711601,7,0,1,1,1,0,1,1,0,0,0,0,1,0,1,0,0,0,1,0,1,1,0,1,0,1,0,0,0,1,5336-UFNZP
0,8,65.5,573.15,0,0.1142807293029748,6,0,0,0,1,0,1,0,0,0,1,0,1,0,1,0,0,0,0,0,0,0,0,1,0,0,0,0,0,0,6854-EXGSF
0,61,25.45,1538.6,0,0.016541011308982192,2,1,1,0,1,0,1,0,1,1,0,1,0,1,0,1,0,1,0,1,0,0,1,0,0,0,0,0,0,1,1241-EZFMJ
1,45,100.15,4459.8,0,0.02245616395354052,6,0,0,0,1,0,1,1,0,0,0,0,0,0,1,0,0,0,1,0,1,1,0,1,0,0,0,0,1,0,9233-PSYHO
0,72,104.45,7459.0,0,0.014003217589489208,7,1,1,1,1,0,1,1,0,0,0,0,1,0,1,0,0,0,1,0,1,1,0,1,1,0,0,0,0,1,5376-PCKNB
0,12,21.15,306.05,0,0.06910635517072374,1,1,1,1,1,0,0,0,1,1,0,1,0,1,0,1,0,1,0,1,0,0,0,1,0,1,0,0,0,0,8044-BGWPI
0,7,96.2,639.7,0,0.1503829920275129,5,1,0,0,1,0,1,1,0,0,0,0,0,0,0,0,0,0,1,0,1,0,0,0,0,1,0,0,0,0,4060-LDNLU
0,9,44.4,348.15,0,0.12753123653597587,2,1,0,0,1,0,0,0,0,0,0,0,0,0,0,0,0,0,0,0,0,0,0,1,0,0,1,0,0,0,3589-PPVKW
1,43,107.55,4533.9,1,0.023721299543439423,7,0,1,0,1,0,1,1,0,0,0,0,0,0,1,0,1,0,1,0,1,1,0,1,0,1,0,0,1,0,8327-LZKAS
0,58,94.35,5563.65,0,0.016958291768892724,6,1,1,1,1,0,1,1,0,0,0,0,0,0,1,0,1,0,0,0,1,0,1,0,0,0,0,0,0,1,5887-IKKYO
1,16,98.75,1587.55,1,0.06220276526723568,6,1,1,0,1,0,1,1,0,0,0,0,0,0,1,0,0,0,1,0,1,0,0,1,0,1,0,1,0,0,1075-BGWOH
0,2,20.3,40.25,0,0.5043478260869565,1,1,1,1,1,0,0,0,1,1,0,1,0,1,0,1,0,1,0,1,0,0,0,0,0,0,1,0,0,0,1755-RMCXH
0,8,101.15,842.9,1,0.12000237276070709,6,0,1,0,1,0,0,1,0,0,0,0,1,0,1,0,0,0,1,0,1,0,0,0,0,1,0,0,0,0,0302-JOIVN
0,40,105.75,4228.55,0,0.025008572678577763,7,0,1,0,1,0,1,1,0,0,1,0,0,0,1,0,0,0,1,0,1,1,0,0,0,0,0,0,1,0,3858-XHYJO
0,9,81.15,784.45,0,0.10344827586206896,4,1,0,0,1,0,1,1,0,0,1,0,0,0,0,0,0,0,0,0,0,0,0,1,0,1,0,0,0,0,4299-SIMNS
0,41,89.55,3729.75,0,0.024009652121455862,5,1,0,0,1,0,0,1,0,0,0,0,1,0,0,0,1,0,1,0,0,1,0,1,0,1,0,0,1,0,7025-IWFHT
0,26,54.75,1406.9,0,0.03891534579572108,4,0,0,0,1,0,0,0,0,0,0,0,1,0,1,0,0,0,0,0,0,0,0,1,1,0,0,0,1,0,6261-LHRTG
0,33,53.75,1857.3,0,0.02893985893501319,4,0,1,0,1,0,0,0,0,0,0,0,1,0,0,0,1,0,0,0,0,1,0,1,1,0,0,0,1,0,7841-FCRQD
0,68,105.75,7322.5,0,0.014441789006486856,7,1,1,1,1,0,0,1,0,0,0,0,1,0,1,0,1,0,1,0,1,1,0,0,1,0,0,0,0,1,2056-EVGZL
1,65,105.85,6725.5,0,0.015738606795033826,7,0,1,0,1,0,0,1,0,0,0,0,1,0,1,0,1,0,1,0,1,0,1,1,1,0,0,0,0,1,8777-MBMTS
0,55,64.2,3627.3,0,0.017699115044247787,5,1,0,0,1,0,0,0,0,0,0,0,1,0,0,0,1,0,0,0,1,1,0,1,0,1,0,0,0,1,7753-USQYQ
0,20,88.7,1761.45,1,0.05035624059723523,5,1,0,0,1,0,1,1,0,0,0,0,0,0,1,0,0,0,1,0,0,0,0,1,0,1,0,1,0,0,5366-IJEQJ
0,19,87.7,1725.95,0,0.050812595961644315,4,1,0,0,1,0,0,1,0,0,0,0,0,0,0,0,1,0,0,0,1,1,0,1,1,0,0,1,0,0,7661-CPURM
0,45,89.3,4192.15,0,0.02130171868850113,5,0,0,0,1,0,1,1,0,0,0,0,0,0,1,0,0,0,0,0,1,0,0,1,1,0,0,0,1,0,6233-HXJMX
0,70,20.15,1411.2,0,0.014278628117913831,1,0,1,1,1,0,0,0,1,1,0,1,0,1,0,1,0,1,0,1,0,0,1,1,1,0,0,0,0,1,5902-WBLSE
0,2,79.75,164.5,1,0.4848024316109423,3,0,0,0,1,0,0,1,0,0,0,0,0,0,0,0,0,0,1,0,0,0,0,1,0,1,0,0,0,0,1981-INRFU
0,27,94.55,2724.6,1,0.0347023416281289,5,0,0,0,1,0,1,1,0,0,0,0,0,0,0,0,0,0,1,0,1,0,0,1,0,0,1,0,1,0,4971-PUYQO
0,12,20.05,264.55,0,0.07578907578907579,1,0,1,0,1,0,0,0,1,1,0,1,0,1,0,1,0,1,0,1,0,0,1,1,0,1,0,0,0,0,3239-TPHPZ
0,72,67.2,4671.7,0,0.014384485305135176,7,1,0,1,0,1,0,0,0,0,1,0,1,0,1,0,1,0,1,0,1,0,1,0,1,0,0,0,0,1,5115-GZDEL
0,12,94.55,1173.55,0,0.08056750884069704,5,1,0,0,1,0,1,1,0,0,0,0,0,0,0,0,0,0,1,0,1,0,0,0,0,1,0,0,0,0,3338-CVVEH
1,5,69.05,318.5,1,0.21679748822605965,2,0,0,0,1,0,0,1,0,0,0,0,0,0,0,0,0,0,0,0,0,0,0,1,0,0,1,0,0,0,8485-GJCDN
1,71,107.5,7713.55,0,0.013936514315717147,8,1,1,0,1,0,1,1,0,0,1,0,1,0,1,0,0,0,1,0,1,0,0,1,0,1,0,0,0,1,2615-YVMYX
1,35,73.0,2471.25,0,0.029539706626201315,6,1,0,0,1,0,0,0,0,0,0,0,0,0,1,0,1,0,1,0,1,1,0,1,0,1,0,0,1,0,2851-STERV
0,70,114.75,7842.3,0,0.01463218698596075,9,1,1,1,1,0,1,1,0,0,1,0,1,0,1,0,1,0,1,0,1,0,1,0,1,0,0,0,0,1,4393-GEADV
0,31,76.05,2227.8,0,0.0341368165903582,3,0,0,0,1,0,1,1,0,0,0,0,0,0,0,0,0,0,0,0,0,0,0,1,0,1,0,0,1,0,8486-AYEQH
0,52,96.25,4990.25,1,0.019287610841140224,6,1,1,1,1,0,1,1,0,0,0,0,0,0,1,0,1,0,0,0,1,0,1,1,0,0,0,0,0,1,1527-SXDPN
1,37,101.1,3744.05,1,0.027002844513294426,6,1,0,0,1,0,1,1,0,0,0,0,0,0,1,0,0,0,1,0,1,0,0,1,0,1,0,0,1,0,6029-WTIPC
0,69,104.7,7220.35,1,0.014500682099898203,7,1,0,0,1,0,1,1,0,0,0,0,1,0,0,0,1,0,1,0,1,1,0,1,0,0,0,0,0,1,8634-CILSZ
1,30,77.9,2351.45,0,0.03312849518382275,3,1,1,0,1,0,1,1,0,0,0,0,0,0,0,0,0,0,0,0,0,0,0,0,0,0,1,0,1,0,5419-JKZNQ
0,33,90.65,2989.6,0,0.030321782178217824,5,0,0,0,1,0,1,1,0,0,1,0,0,0,0,0,0,0,0,0,1,0,0,1,0,1,0,0,1,0,2495-KZNFB
1,54,110.45,6077.75,0,0.018172843568754884,8,1,1,0,1,0,1,1,0,0,0,0,1,0,1,0,1,0,1,0,1,0,1,1,0,1,0,0,0,1,1409-PHXTF
0,59,68.7,4070.95,0,0.016875667841658584,6,0,0,0,1,0,1,0,0,0,1,0,0,0,0,0,1,0,0,0,1,1,0,0,0,0,0,0,0,1,4560-WQAQW
1,55,44.85,2479.05,0,0.01809160767229382,4,1,0,0,0,1,0,0,0,0,1,0,1,0,0,0,0,0,1,0,0,0,0,1,0,1,0,0,0,1,9591-YVTEB
1,69,29.8,2134.3,0,0.01396242327695263,2,1,1,0,0,1,0,0,0,0,0,0,0,0,1,0,0,0,0,0,0,1,0,1,1,0,0,0,0,1,9309-BZGNT
0,66,88.9,6000.1,0,0.014816419726337895,5,0,0,0,1,0,1,1,0,0,0,0,1,0,0,0,0,0,1,0,0,1,0,1,0,0,0,0,0,1,4274-DRSQT
0,37,58.75,2203.1,0,0.026666969270573285,5,1,1,1,1,0,0,0,0,0,1,0,0,0,1,0,1,0,0,0,0,1,0,1,0,0,1,0,1,0,2027-DNKIV
1,9,19.85,183.15,0,0.10838110838110838,1,1,1,0,1,0,0,0,1,1,0,1,0,1,0,1,0,1,0,1,0,1,0,0,1,0,0,0,0,0,8075-GXIUB
0,69,86.9,6194.1,0,0.014029479666133902,8,1,1,1,1,0,1,0,0,0,1,0,0,0,1,0,1,0,1,0,1,0,1,0,0,0,0,0,0,1,2885-HIJDH
0,10,59.65,638.95,0,0.09335628765944126,4,1,0,0,1,0,0,0,0,0,0,0,1,0,0,0,0,0,1,0,0,0,0,1,0,0,1,0,0,0,5424-RLQLC
0,40,55.25,2139.2,1,0.025827412116679136,4,1,0,1,1,0,0,0,0,0,1,0,1,0,0,0,0,0,0,0,0,0,0,1,0,0,1,0,1,0,6682-QJDGB
0,13,66.4,831.75,0,0.0798316801923655,4,1,0,1,1,0,0,0,0,0,0,0,0,0,0,0,0,0,1,0,1,0,0,0,1,0,0,1,0,0,6507-DTJZV
0,6,90.1,521.3,1,0.17283713792441974,5,0,0,0,1,0,1,1,0,0,0,0,1,0,0,0,0,0,1,0,0,0,0,1,0,1,0,0,0,0,8780-IXSTS
0,69,20.15,1337.5,0,0.015065420560747663,1,0,1,1,1,0,0,0,1,1,0,1,0,1,0,1,0,1,0,1,0,0,1,0,0,0,0,0,0,1,7673-BQGKU
1,66,108.1,7181.95,0,0.015051622470220483,8,0,1,0,1,0,1,1,0,0,0,0,1,0,1,0,1,0,1,0,1,1,0,1,1,0,0,0,0,1,6723-WSNTY
0,11,53.75,608.0,1,0.0884046052631579,4,1,0,0,1,0,1,0,0,0,0,0,0,0,1,0,0,0,0,0,0,0,0,0,0,1,0,0,0,0,9530-EHPOH
0,46,56.9,2560.1,0,0.022225694308816064,5,1,1,1,1,0,0,0,0,0,1,0,0,0,1,0,1,0,0,0,0,1,0,0,0,0,1,0,1,0,2725-IWWBA
0,6,89.3,577.6,1,0.15460526315789472,4,0,0,0,1,0,0,1,0,0,0,0,0,0,0,0,0,0,1,0,1,0,0,0,0,1,0,0,0,0,0345-HKJVM
0,56,109.6,5953.0,0,0.018410885267932133,8,0,1,1,1,0,1,1,0,0,1,0,0,0,1,0,1,0,1,0,1,0,0,1,0,0,1,0,0,1,1061-PNTHC
0,70,25.15,1790.15,0,0.014049102030556097,2,1,1,1,1,0,1,0,1,1,0,1,0,1,0,1,0,1,0,1,0,0,1,0,1,0,0,0,0,1,0394-YONDK
0,33,79.15,2531.4,0,0.031267282926443866,7,0,1,1,1,0,1,0,0,0,0,0,0,0,1,0,1,0,1,0,1,1,0,1,0,1,0,0,1,0,6574-MCOEH
0,72,66.75,4760.3,0,0.014022225489990126,6,0,1,1,1,0,1,0,0,0,1,0,1,0,0,0,1,0,0,0,0,0,1,0,1,0,0,0,0,1,7399-QHBJS
0,3,95.2,292.85,1,0.32508109953901315,5,0,1,0,1,0,1,1,0,0,0,0,0,0,0,0,0,0,1,0,1,0,0,1,0,1,0,0,0,0,3049-SOLAY
0,19,48.8,953.65,0,0.051171813558433386,3,0,0,1,1,0,0,0,0,0,0,0,0,0,0,0,1,0,0,0,0,0,0,0,0,0,1,1,0,0,0997-YTLNY
1,5,45.7,198.0,1,0.23080808080808082,3,0,0,0,0,1,0,0,0,0,0,0,0,0,0,0,0,0,1,0,1,0,0,0,0,1,0,0,0,0,3317-HRTNN
0,71,80.7,5705.05,0,0.014145362442046958,7,0,1,0,1,0,0,0,0,0,0,0,1,0,1,0,1,0,1,0,1,0,1,1,1,0,0,0,0,1,9479-HYNYL
0,8,74.5,609.9,1,0.1221511723233317,3,1,1,0,1,0,0,1,0,0,1,0,0,0,0,0,0,0,0,0,0,0,0,1,0,1,0,0,0,0,3235-ETOOB
0,1,20.55,20.55,0,1.0,1,1,0,0,1,0,0,0,1,1,0,1,0,1,0,1,0,1,0,1,0,0,0,0,1,0,0,0,0,0,9708-KFDBY
0,1,79.65,79.65,1,1.0,3,0,0,0,1,0,0,1,0,0,0,0,0,0,0,0,0,0,1,0,0,0,0,1,0,1,0,0,0,0,8058-INTPH
0,61,115.1,6993.65,0,0.016457786706512337,9,0,0,0,1,0,1,1,0,0,1,0,1,0,1,0,1,0,1,0,1,1,0,1,0,0,1,0,0,1,3642-GKTCT
0,71,59.7,4122.65,0,0.01448097704146605,6,0,1,1,0,1,0,0,0,0,1,0,1,0,0,0,1,0,1,0,1,0,1,0,0,0,0,0,0,1,0774-RMNUW
0,68,86.45,5762.95,0,0.015000997752886977,5,0,1,0,1,0,1,1,0,0,0,0,1,0,1,0,0,0,0,0,0,1,0,0,1,0,0,0,0,1,1334-PDUKM
0,46,33.7,1537.85,0,0.021913710700003253,3,1,0,0,0,1,0,0,0,0,0,0,0,0,1,0,1,0,0,0,0,1,0,0,1,0,0,0,1,0,0756-MPZRL
0,33,80.1,2603.3,0,0.03076863980332654,4,1,0,0,1,0,1,1,0,0,1,0,0,0,0,0,0,0,0,0,0,1,0,0,0,0,0,0,1,0,2242-MFOTG
0,53,104.05,5566.4,0,0.01869251221615407,8,0,1,1,1,0,1,1,0,0,1,0,1,0,1,0,1,0,0,0,1,0,1,1,0,0,0,0,0,1,2927-CVULT
1,50,108.75,5431.9,0,0.020020618936283808,8,0,1,0,1,0,1,1,0,0,1,0,1,0,1,0,0,0,1,0,1,0,0,0,0,0,0,0,0,1,2144-BFDSO
0,57,41.1,2258.25,0,0.018199933576884757,4,0,0,0,0,1,0,0,0,0,1,0,0,0,1,0,1,0,0,0,0,1,0,1,1,0,0,0,0,1,8745-PVESG
0,54,20.35,1092.35,0,0.018629560122671307,1,0,1,1,1,0,0,0,1,1,0,1,0,1,0,1,0,1,0,1,0,0,1,1,0,0,0,0,0,1,7647-GYYKX
1,60,105.9,6401.25,0,0.01654364381956649,7,0,1,0,1,0,1,1,0,0,0,0,1,0,1,0,0,0,1,0,1,0,0,1,0,1,0,0,0,1,5647-FXOTP
1,28,101.3,2812.2,1,0.03602162008392006,6,0,1,0,1,0,1,1,0,0,0,0,0,0,0,0,1,0,1,0,1,0,0,1,1,0,0,0,1,0,5569-OUICF
0,1,80.05,80.05,1,1.0,3,0,1,1,1,0,0,1,0,0,0,0,0,0,0,0,0,0,1,0,0,0,0,1,0,0,1,0,0,0,8821-XNHVZ
0,29,89.2,2698.35,1,0.03305723868289881,5,1,1,1,1,0,1,1,0,0,0,0,0,0,1,0,0,0,0,0,1,0,0,1,0,1,0,0,1,0,2082-OJVTK
0,10,65.5,616.9,0,0.10617604149781164,5,0,1,1,1,0,0,0,0,0,0,0,1,0,0,0,1,0,0,0,1,0,0,1,0,1,0,0,0,0,9700-ISPUP
0,43,40.45,1912.85,0,0.021146456857568552,4,1,0,1,0,1,0,0,0,0,1,0,1,0,1,0,0,0,0,0,0,0,0,1,0,1,0,0,1,0,9839-ETQOE
1,13,70.45,849.1,0,0.08297020374514191,2,1,1,0,1,0,0,1,0,0,0,0,0,0,0,0,0,0,0,0,0,0,0,0,0,0,0,1,0,0,6078-VESFR
0,43,78.8,3460.3,0,0.02277259197179435,7,0,1,0,1,0,0,0,0,0,1,0,0,0,1,0,1,0,1,0,1,0,1,1,0,1,0,0,1,0,9027-TMATR
0,19,83.65,1465.75,1,0.0570697595087839,4,1,1,1,1,0,1,1,0,0,0,0,0,0,0,0,0,0,0,0,1,0,0,1,0,1,0,1,0,0,5940-NFXKV
0,1,90.1,90.1,0,1.0,4,1,1,1,1,0,0,1,0,0,0,0,0,0,0,0,0,0,1,0,1,0,0,1,0,1,0,0,0,0,1941-HOSAM
0,69,82.45,5555.3,0,0.014841682717405,7,0,0,0,1,0,0,0,0,0,1,0,0,0,1,0,1,0,1,0,1,0,1,1,1,0,0,0,0,1,9110-HSGTV
0,61,20.25,1278.8,0,0.015835157960588053,1,0,1,0,1,0,0,0,1,1,0,1,0,1,0,1,0,1,0,1,0,0,1,0,1,0,0,0,0,1,0704-VCUMB
0,43,66.25,2907.35,0,0.022787074139680466,6,1,1,0,1,0,1,0,0,0,1,0,1,0,0,0,1,0,0,0,0,0,0,0,0,0,0,0,1,0,6171-ZTVYB
0,6,19.5,146.3,1,0.13328776486671223,1,0,1,0,1,0,0,0,1,1,0,1,0,1,0,1,0,1,0,1,0,0,0,0,0,0,0,0,0,0,8053-WWDRO
0,1,51.25,51.25,1,1.0,3,1,0,0,1,0,0,0,0,0,0,0,0,0,0,0,1,0,0,0,0,0,0,0,0,0,1,0,0,0,9564-KCLHR
0,56,89.7,4952.95,0,0.01811041904319648,4,1,1,0,1,0,0,1,0,0,0,0,0,0,0,0,0,0,1,0,1,0,0,0,0,0,1,0,0,1,1935-IMVBB
0,70,64.55,4504.9,0,0.01432884192767875,7,0,1,0,0,1,0,0,0,0,1,0,1,0,1,0,1,0,1,0,1,0,1,0,0,0,0,0,0,1,2535-PBCGC
0,1,45.6,45.6,1,1.0,2,1,0,0,1,0,0,0,0,0,0,0,0,0,0,0,0,0,0,0,0,0,0,1,0,1,0,0,0,0,2082-CEFLT
0,49,93.65,4520.15,0,0.020718338993175007,6,1,1,1,1,0,1,1,0,0,0,0,1,0,1,0,0,0,1,0,0,1,0,1,0,1,0,0,0,1,1470-PSXNM
0,6,49.65,267.35,1,0.18571161398915279,3,0,0,0,1,0,0,0,0,0,0,0,0,0,0,0,1,0,0,0,0,0,0,1,0,0,0,0,0,0,1213-NGCUN
0,32,73.6,2316.85,0,0.031767270216026065,7,0,1,1,1,0,0,0,0,0,1,0,1,0,1,0,1,0,0,0,1,0,1,0,0,0,1,0,1,0,2498-XLDZR
1,72,109.75,8075.35,0,0.01359074219693264,8,0,1,0,1,0,1,1,0,0,1,0,0,0,1,0,1,0,1,0,1,0,1,1,0,0,1,0,0,1,9866-OCCKE
0,37,61.45,2302.35,0,0.026690120963363522,5,1,0,1,1,0,0,0,0,0,1,0,1,0,0,0,1,0,0,0,0,0,1,0,1,0,0,0,1,0,5338-YHWYT
0,69,106.4,7251.9,0,0.01467201698865125,7,0,1,0,1,0,0,1,0,0,1,0,1,0,0,0,1,0,1,0,1,1,0,1,1,0,0,0,0,1,7718-UPSKJ
0,26,81.9,2078.55,0,0.0394024680666811,7,0,1,0,1,0,0,0,0,0,0,0,1,0,1,0,1,0,1,0,1,0,0,0,0,0,0,0,1,0,8731-WBBMB
0,58,105.2,6225.4,0,0.01689851254537861,7,0,1,1,1,0,1,1,0,0,0,0,1,0,1,0,0,0,1,0,1,1,0,1,1,0,0,0,0,1,1448-CYWKC
0,24,54.6,1242.25,0,0.04395250553431274,4,1,0,0,1,0,1,0,0,0,0,0,0,0,0,0,1,0,0,0,0,1,0,0,0,0,0,1,0,0,7901-IIDQV
0,5,20.55,99.45,0,0.2066365007541478,1,1,1,1,1,0,0,0,1,1,0,1,0,1,0,1,0,1,0,1,0,1,0,0,0,1,0,0,0,0,2690-DVRVK
0,15,20.0,288.05,1,0.06943239021003297,1,1,1,1,1,0,0,0,1,1,0,1,0,1,0,1,0,1,0,1,0,0,0,1,0,1,0,1,0,0,5688-KZTSN
0,30,19.7,599.25,0,0.0328744263662912,1,0,1,1,1,0,0,0,1,1,0,1,0,1,0,1,0,1,0,1,0,0,1,0,0,0,1,0,1,0,1270-XKUCC
0,55,66.05,3462.1,0,0.019078016232922216,6,0,1,0,1,0,1,0,0,0,1,0,1,0,0,0,1,0,0,0,0,1,0,1,1,0,0,0,0,1,0334-ZFJSR
0,25,34.0,853.0,1,0.03985932004689332,2,0,1,0,0,1,0,0,0,0,0,0,0,0,0,0,0,0,1,0,0,0,0,1,0,0,0,0,1,0,2894-QOJRX
1,10,92.5,934.1,1,0.09902580023552082,6,1,1,0,1,0,0,1,0,0,0,0,1,0,1,0,1,0,1,0,0,0,0,1,0,0,1,0,0,0,5747-PMBSQ
0,44,54.05,2375.2,0,0.02275597844392051,6,1,1,1,0,1,0,0,0,0,1,0,1,0,1,0,1,0,0,0,1,0,1,1,1,0,0,0,1,0,5583-EJXRD
0,47,58.9,2813.05,0,0.020938127655036345,5,0,0,0,1,0,0,0,0,0,1,0,1,0,0,0,1,0,0,0,0,1,0,1,0,0,1,0,1,0,4565-EVZMJ
0,13,88.35,1222.8,1,0.072252208047105,4,0,1,1,1,0,0,1,0,0,0,0,0,0,0,0,0,0,1,0,1,0,0,0,0,1,0,1,0,0,3143-JQEGI
0,49,107.95,5293.2,1,0.02039409053124764,8,0,1,1,1,0,1,1,0,0,0,0,1,0,1,0,1,0,1,0,1,0,1,1,0,0,0,0,0,1,6386-SZZKH
0,64,96.9,6314.35,0,0.015345997608621632,6,0,1,0,1,0,0,1,0,0,1,0,0,0,0,0,1,0,1,0,1,1,0,1,0,0,1,0,0,1,3327-YBAKM
0,1,19.1,19.1,0,1.0,1,1,0,0,1,0,0,0,1,1,0,1,0,1,0,1,0,1,0,1,0,0,0,0,0,0,1,0,0,0,9441-QHEVC
0,20,50.0,1003.05,0,0.04984796371068242,3,1,0,0,1,0,0,0,0,0,0,0,0,0,0,0,1,0,0,0,0,0,0,0,0,0,1,1,0,0,6705-LNMDD
0,37,45.4,1593.1,0,0.028497897181595632,4,0,1,0,0,1,0,0,0,0,1,0,0,0,0,0,1,0,1,0,0,0,1,0,0,1,0,0,1,0,2580-ASVVY
0,30,85.45,2509.95,0,0.0340445028785434,4,1,1,1,1,0,1,1,0,0,0,0,0,0,0,0,0,0,1,0,0,0,0,0,0,1,0,0,1,0,3370-GQEAL
0,38,84.1,3187.65,0,0.02638307216915282,8,0,0,0,1,0,1,0,0,0,1,0,1,0,1,0,0,0,1,0,1,1,0,0,0,0,0,0,1,0,5032-USPKF
1,1,74.45,74.45,1,1.0,3,0,0,0,1,0,1,1,0,0,0,0,0,0,0,0,0,0,0,0,0,0,0,1,0,0,1,0,0,0,2982-IHMFT
0,37,64.75,2345.2,1,0.027609585536414807,4,0,0,0,1,0,0,0,0,0,0,0,0,0,0,0,0,0,1,0,1,0,0,1,0,1,0,0,1,0,3521-SYVOR
0,52,66.25,3330.1,0,0.01989429746854449,7,0,1,0,0,1,0,0,0,0,1,0,1,0,1,0,1,0,1,0,1,0,1,0,1,0,0,0,0,1,4254-QPEDE
0,71,76.9,5522.7,0,0.013924348597606245,7,1,0,1,1,0,0,0,0,0,1,0,1,0,1,0,1,0,1,0,0,0,1,1,1,0,0,0,0,1,6283-GITPX
0,26,89.8,2335.3,1,0.03845330364407142,5,1,0,0,1,0,0,1,0,0,0,0,1,0,1,0,0,0,1,0,0,0,0,0,0,1,0,0,1,0,9526-JAWYF
0,66,74.6,4798.4,0,0.015546848949649883,7,1,0,0,1,0,1,0,0,0,1,0,1,0,1,0,0,0,0,0,1,0,1,1,1,0,0,0,0,1,0771-CHWSK
0,72,116.95,8594.4,0,0.013607698035930375,9,1,1,0,1,0,1,1,0,0,1,0,1,0,1,0,1,0,1,0,1,0,1,1,1,0,0,0,0,1,9788-HNGUT
0,25,40.65,970.55,0,0.04188346813662357,3,1,0,1,0,1,0,0,0,0,1,0,0,0,0,0,0,0,1,0,0,1,0,1,1,0,0,0,1,0,9495-REDIY
0,69,114.35,7665.8,0,0.014916903649977822,9,1,1,1,1,0,1,1,0,0,1,0,1,0,1,0,1,0,1,0,1,0,1,1,0,0,0,0,0,1,5375-XLDOF
0,53,69.7,3686.05,0,0.018909130369908166,6,1,1,1,1,0,1,0,0,0,1,0,1,0,0,0,0,0,0,0,1,0,1,0,0,0,0,0,0,1,1172-VIYBP
0,12,95.5,1115.15,1,0.08563870331345558,5,0,0,0,1,0,0,1,0,0,0,0,0,0,1,0,0,0,1,0,1,1,0,0,0,0,1,0,0,0,5649-VUKMC
0,26,98.65,2537.0,0,0.03888450926290895,6,1,0,0,1,0,0,1,0,0,0,0,0,0,1,0,1,0,1,0,1,0,0,1,0,1,0,0,1,0,6559-PDZLR
0,21,61.65,1393.6,0,0.04423794489092997,4,1,0,0,1,0,0,0,0,0,0,0,0,0,1,0,0,0,0,0,1,0,0,0,0,0,1,1,0,0,8992-OBVDG
0,1,89.35,89.35,0,1.0,4,0,0,1,1,0,0,1,0,0,0,0,0,0,0,0,0,0,1,0,1,0,0,1,0,1,0,0,0,0,4273-MBHYA
0,48,95.4,4445.3,0,0.02146086878275932,6,1,0,0,1,0,1,1,0,0,1,0,0,0,0,0,1,0,0,0,1,0,0,1,0,1,0,0,1,0,4724-WXVWF
0,26,35.4,978.6,0,0.036174126302881665,3,0,1,0,0,1,0,0,0,0,1,0,0,0,1,0,0,0,0,0,0,1,0,0,1,0,0,0,1,0,5701-GUXDC
0,60,19.95,1258.15,0,0.015856614871040814,1,1,1,0,1,0,0,0,1,1,0,1,0,1,0,1,0,1,0,1,0,0,1,0,0,0,1,0,0,1,1460-UZPRJ
0,18,19.25,331.35,0,0.05809566923192998,1,1,0,0,1,0,0,0,1,1,0,1,0,1,0,1,0,1,0,1,0,0,0,0,0,0,1,1,0,0,6082-GLJIX
1,10,29.65,291.4,1,0.10175017158544955,2,0,0,0,0,1,0,0,0,0,0,0,0,0,0,0,1,0,0,0,0,0,0,1,0,1,0,0,0,0,5143-EGQFK
0,5,84.5,453.75,1,0.18622589531680442,5,1,1,1,1,0,1,1,0,0,1,0,0,0,1,0,0,0,0,0,0,0,0,1,0,1,0,0,0,0,4919-IKATY
0,4,20.4,84.75,0,0.2407079646017699,1,0,0,1,1,0,0,0,1,1,0,1,0,1,0,1,0,1,0,1,0,1,0,1,0,0,1,0,0,0,2495-TTHBQ
0,65,24.75,1715.1,0,0.014430645443414379,2,1,1,1,1,0,1,0,1,1,0,1,0,1,0,1,0,1,0,1,0,0,1,0,1,0,0,0,0,1,0485-ZBSLN
0,70,25.35,1715.15,0,0.014780048392268898,2,1,1,1,1,0,1,0,1,1,0,1,0,1,0,1,0,1,0,1,0,0,1,0,0,0,1,0,0,1,3810-PJUHR
0,18,90.7,1597.25,1,0.056785099389575835,5,1,0,0,1,0,1,1,0,0,0,0,0,0,1,0,0,0,0,0,1,0,0,1,1,0,0,1,0,0,9050-QLROH
0,62,20.0,1250.1,0,0.01599872010239181,1,1,0,1,1,0,0,0,1,1,0,1,0,1,0,1,0,1,0,1,0,0,1,0,0,0,0,0,0,1,0847-HGRML
0,66,59.75,3996.8,0,0.014949459567654123,4,0,1,1,1,0,0,0,0,0,1,0,0,0,0,0,0,0,1,0,0,0,1,1,0,1,0,0,0,1,8232-CTLKO
0,65,82.5,5215.1,0,0.015819447373971736,8,0,1,1,1,0,1,0,0,0,1,0,1,0,0,0,1,0,1,0,1,0,1,1,0,0,0,0,0,1,9227-YBAXE
1,3,70.3,235.5,1,0.29851380042462844,2,0,0,0,1,0,0,1,0,0,0,0,0,0,0,0,0,0,0,0,0,0,0,1,0,1,0,0,0,0,6168-WFVVF
0,34,20.35,673.2,0,0.03022875816993464,1,0,0,0,1,0,0,0,1,1,0,1,0,1,0,1,0,1,0,1,0,0,0,0,0,0,1,0,1,0,9860-LISIZ
0,16,90.8,1442.2,0,0.06295936763278324,5,1,1,1,1,0,1,1,0,0,0,0,0,0,1,0,0,0,1,0,0,0,0,1,0,0,0,1,0,0,0112-QAWRZ
0,54,103.95,5639.05,1,0.01843395607416143,7,0,0,0,1,0,1,1,0,0,1,0,0,0,1,0,0,0,1,0,1,1,0,1,0,0,0,0,0,1,0877-SDMBN
1,50,104.95,5222.35,0,0.0200963167922487,7,0,0,0,1,0,1,1,0,0,0,0,0,0,1,0,1,0,1,0,1,0,0,1,0,1,0,0,0,1,2786-GCDPI
0,71,105.25,7291.75,0,0.01443412075290568,7,1,1,0,1,0,0,1,0,0,0,0,1,0,1,0,1,0,1,0,1,0,1,1,0,1,0,0,0,1,4043-MKDTV
0,10,74.75,799.65,1,0.09347839679859939,3,0,0,0,1,0,1,1,0,0,0,0,0,0,0,0,0,0,0,0,0,0,0,1,0,1,0,0,0,0,8065-YKXKD
0,1,50.8,50.8,1,1.0,3,0,0,0,1,0,0,0,0,0,0,0,0,0,0,0,1,0,0,0,0,0,0,1,0,1,0,0,0,0,9637-EIHEQ
0,18,23.75,424.5,0,0.05594817432273263,2,1,0,0,1,0,1,0,1,1,0,1,0,1,0,1,0,1,0,1,0,1,0,0,0,0,1,1,0,0,9229-RQABD
0,4,61.3,249.4,0,0.2457898957497995,4,1,0,0,1,0,0,0,0,0,0,0,0,0,0,0,1,0,1,0,0,0,0,1,0,1,0,0,0,0,8313-KTIHG
0,58,75.8,4415.75,0,0.017165826869727677,7,0,1,1,1,0,1,0,0,0,1,0,0,0,1,0,1,0,1,0,0,0,1,0,0,0,1,0,0,1,5320-BRKGK
0,56,98.0,5270.6,0,0.01859370849618639,6,0,1,0,1,0,1,1,0,0,1,0,0,0,0,0,0,0,1,0,1,1,0,1,0,1,0,0,0,1,6284-KMNUF
0,2,80.25,144.55,1,0.5551712210307852,3,1,0,0,1,0,0,1,0,0,0,0,0,0,0,0,0,0,1,0,0,0,0,1,0,1,0,0,0,0,9689-PTNPG
0,32,78.9,2447.95,1,0.0322310504708021,4,1,1,0,1,0,1,1,0,0,0,0,0,0,1,0,0,0,0,0,0,0,0,1,0,1,0,0,1,0,9465-RWMXL
0,56,52.0,2884.9,0,0.018024888211029846,5,1,1,1,0,1,0,0,0,0,1,0,1,0,0,0,1,0,1,0,0,1,0,1,0,0,1,0,0,1,6229-UOLQL
0,36,84.75,3050.15,1,0.027785518744979754,4,1,0,0,1,0,1,1,0,0,0,0,0,0,0,0,0,0,0,0,1,0,0,1,0,1,0,0,1,0,2362-IBOOY
0,4,64.4,253.0,0,0.2545454545454546,5,0,0,0,1,0,1,0,0,0,0,0,0,0,0,0,1,0,1,0,0,0,0,1,0,0,1,0,0,0,3137-LUPIX
0,53,85.45,4517.25,1,0.01891637611378604,4,1,0,0,1,0,1,1,0,0,0,0,0,0,0,0,0,0,1,0,0,0,0,0,0,0,0,0,0,1,0843-WTBXE
0,10,45.8,436.2,0,0.10499770747363595,2,1,0,0,1,0,0,0,0,0,0,0,0,0,0,0,0,0,0,0,0,0,0,1,1,0,0,0,0,0,6143-JQKEA
0,4,30.5,118.4,0,0.2576013513513513,2,1,0,0,0,1,0,0,0,0,0,0,0,0,0,0,1,0,0,0,0,0,0,0,0,1,0,0,0,0,8676-OOQEJ
0,1,19.9,19.9,1,1.0,1,1,1,1,1,0,0,0,1,1,0,1,0,1,0,1,0,1,0,1,0,0,0,0,0,0,1,0,0,0,5515-IDEJJ
0,51,69.15,3649.6,0,0.018947281893906185,2,0,1,0,1,0,0,1,0,0,0,0,0,0,0,0,0,0,0,0,0,0,0,0,0,0,1,0,0,1,9701-CDXHR
1,12,99.45,1200.15,1,0.08286464191976002,6,1,0,0,1,0,1,1,0,0,0,0,0,0,1,0,0,0,1,0,1,0,0,1,0,1,0,0,0,0,7450-NWRTR
0,6,49.25,255.6,0,0.19268388106416276,4,0,0,0,0,1,0,0,0,0,0,0,0,0,0,0,1,0,1,0,1,1,0,1,0,0,1,0,0,0,8124-NZVGJ
0,63,39.35,2395.05,0,0.016429719630070352,4,1,1,1,0,1,0,0,0,0,0,0,1,0,1,0,1,0,0,0,0,0,1,0,0,0,0,0,0,1,2162-FRZAA
0,1,70.6,70.6,1,1.0,2,0,0,0,1,0,0,1,0,0,0,0,0,0,0,0,0,0,0,0,0,0,0,1,0,1,0,0,0,0,5376-DEQCP
0,48,105.1,5083.55,0,0.0206745286266487,7,0,1,0,1,0,1,1,0,0,0,0,1,0,0,0,1,0,1,0,1,0,0,1,1,0,0,0,1,0,5118-MUEYH
0,5,81.0,389.6,1,0.20790554414784393,3,0,0,0,1,0,0,1,0,0,0,0,0,0,0,0,0,0,1,0,0,0,0,1,1,0,0,0,0,0,9095-HFAFX
0,35,20.1,644.5,0,0.031186966640806828,1,0,0,1,1,0,0,0,1,1,0,1,0,1,0,1,0,1,0,1,0,1,0,1,1,0,0,0,1,0,5627-TVBPP
0,6,84.85,523.5,1,0.16208213944603628,4,1,0,0,1,0,0,1,0,0,0,0,1,0,0,0,0,0,1,0,0,0,0,1,0,1,0,0,0,0,2379-ENZGV
0,2,19.75,39.3,0,0.5025445292620866,1,1,0,0,1,0,0,0,1,1,0,1,0,1,0,1,0,1,0,1,0,0,0,0,0,0,1,0,0,0,3936-QQFLL
0,50,19.75,989.05,0,0.019968656791870987,1,0,0,0,1,0,0,0,1,1,0,1,0,1,0,1,0,1,0,1,0,1,0,0,0,0,0,0,0,1,2589-AYCRP
0,33,70.4,2406.1,0,0.029258966792735135,2,0,0,0,1,0,0,1,0,0,0,0,0,0,0,0,0,0,0,0,0,0,0,1,0,0,0,0,1,0,4067-HLYQI
0,31,20.45,638.55,0,0.03202568318847389,1,1,0,0,1,0,0,0,1,1,0,1,0,1,0,1,0,1,0,1,0,0,1,0,0,0,1,0,1,0,5124-EOGYE
0,9,20.35,191.1,0,0.10648874934589221,1,0,1,1,1,0,0,0,1,1,0,1,0,1,0,1,0,1,0,1,0,0,1,0,0,0,1,0,0,0,5057-RKGLH
0,54,86.2,4524.05,0,0.019053723986251256,8,0,1,1,1,0,1,0,0,0,0,0,1,0,1,0,1,0,1,0,1,0,0,1,0,1,0,0,0,1,0292-WEGCH
0,46,95.65,4664.2,0,0.02050726812743879,6,0,0,0,1,0,0,1,0,0,1,0,1,0,1,0,0,0,1,0,0,1,0,1,1,0,0,0,1,0,8910-ICHIU
0,34,103.8,3470.8,0,0.029906649763743225,7,1,0,1,1,0,1,1,0,0,1,0,1,0,0,0,0,0,1,0,1,1,0,1,0,1,0,0,1,0,4097-YODCF
0,71,97.2,6910.3,0,0.014065959509717379,6,1,1,1,1,0,1,1,0,0,1,0,0,0,0,0,0,0,1,0,1,0,1,1,0,1,0,0,0,1,9715-WZCLW
0,63,63.55,4014.2,0,0.01583129888894425,6,0,1,1,1,0,0,0,0,0,1,0,1,0,1,0,1,0,0,0,0,0,1,0,0,0,1,0,0,1,9786-YWNHU
0,51,24.95,1288.0,0,0.01937111801242236,2,0,0,0,1,0,1,0,1,1,0,1,0,1,0,1,0,1,0,1,0,0,1,0,0,0,0,0,0,1,6407-GSJNL
1,26,89.15,2277.65,1,0.03914122011722609,5,0,0,0,1,0,1,1,0,0,0,0,1,0,0,0,0,0,1,0,0,0,0,1,0,1,0,0,1,0,6005-OBZPH
0,64,99.0,6375.8,0,0.015527463220301766,6,0,1,0,1,0,0,1,0,0,1,0,0,0,1,0,0,0,1,0,1,0,1,1,0,0,0,0,0,1,4049-ZPALD
1,1,24.8,24.8,1,1.0,1,0,1,0,0,1,0,0,0,0,0,0,0,0,0,0,0,0,0,0,0,0,0,1,0,1,0,0,0,0,7932-WPTDS
1,61,85.55,5251.75,0,0.016289808159185033,5,1,1,0,1,0,1,1,0,0,0,0,1,0,0,0,1,0,0,0,0,1,0,1,0,0,0,0,0,1,3733-UOCWF
0,15,94.0,1505.45,0,0.062439802052542424,5,0,0,0,1,0,0,1,0,0,0,0,0,0,1,0,0,0,1,0,1,0,0,1,1,0,0,1,0,0,6833-JMZYP
0,64,105.65,6903.1,1,0.015304718170097492,7,1,0,0,1,0,1,1,0,0,0,0,1,0,0,0,1,0,1,0,1,1,0,1,1,0,0,0,0,1,2722-VOJQL
0,18,50.3,913.3,0,0.05507500273732618,3,0,0,0,1,0,1,0,0,0,0,0,0,0,0,0,0,0,0,0,0,0,0,1,0,1,0,1,0,0,1310-QRITU
0,57,95.0,5535.8,0,0.01716102460349001,5,0,1,1,1,0,0,1,0,0,0,0,1,0,0,0,0,0,1,0,1,1,0,1,0,1,0,0,0,1,8961-QDZZJ
0,14,61.4,815.55,0,0.07528661639384465,5,1,1,1,1,0,0,0,0,0,1,0,1,0,0,0,0,0,0,0,1,0,1,1,0,0,0,1,0,0,9715-SBVSU
1,18,80.55,1411.65,0,0.0570608861970035,4,1,0,0,1,0,1,1,0,0,0,0,1,0,0,0,0,0,0,0,0,0,0,1,1,0,0,1,0,0,8490-BXHEO
1,72,78.5,5602.25,0,0.014012227230130752,4,0,1,0,1,0,1,1,0,0,1,0,0,0,0,0,0,0,0,0,0,0,1,0,0,0,0,0,0,1,7173-TETGO
0,70,114.3,8244.3,0,0.013864124304064628,9,1,1,0,1,0,1,1,0,0,1,0,1,0,1,0,1,0,1,0,1,0,1,0,1,0,0,0,0,1,7929-SKFGK
0,38,20.05,741.5,0,0.0270397842211733,1,0,0,0,1,0,0,0,1,1,0,1,0,1,0,1,0,1,0,1,0,0,1,0,0,0,1,0,1,0,2300-RQGOI
0,68,62.65,4375.8,0,0.014317381964440786,6,1,1,1,1,0,0,0,0,0,1,0,1,0,1,0,1,0,0,0,0,0,1,0,1,0,0,0,0,1,3563-SVYLG
0,13,80.85,1008.7,1,0.08015267175572519,3,1,0,0,1,0,0,1,0,0,0,0,0,0,0,0,0,0,0,0,1,0,0,1,0,1,0,1,0,0,5228-EXCET
1,65,92.7,5968.4,0,0.015531800817639569,6,1,1,0,1,0,1,1,0,0,1,0,1,0,0,0,0,0,1,0,0,0,1,1,1,0,0,0,0,1,6435-VWCCY
0,30,100.45,3096.9,0,0.032435661467919534,6,0,0,0,1,0,1,1,0,0,0,0,0,0,1,0,0,0,1,0,1,0,0,0,0,1,0,0,1,0,4998-IKFSE
0,51,75.2,3901.25,0,0.019275873117590516,6,1,1,0,1,0,1,0,0,0,0,0,0,0,0,0,1,0,1,0,1,0,1,1,0,0,0,0,0,1,8630-QSGXK
0,31,84.75,2613.4,0,0.03242901966786561,5,0,0,0,1,0,1,1,0,0,1,0,0,0,1,0,0,0,0,0,0,0,0,1,1,0,0,0,1,0,2455-USLMV
0,9,89.45,853.1,1,0.10485288946196225,4,0,1,0,1,0,0,1,0,0,0,0,0,0,0,0,0,0,1,0,1,0,0,0,0,1,0,0,0,0,7394-FKDNK
0,72,79.5,5661.7,0,0.01404171891834608,8,0,1,1,1,0,1,0,0,0,1,0,1,0,1,0,1,0,0,0,1,0,1,1,0,0,0,0,0,1,9488-FVZCC
0,10,72.15,794.25,1,0.09084041548630785,5,1,0,0,1,0,1,0,0,0,0,0,0,0,0,0,0,0,1,0,1,0,0,1,1,0,0,0,0,0,6331-LWDTQ
0,37,19.8,695.05,0,0.028487159197180062,1,0,0,0,1,0,0,0,1,1,0,1,0,1,0,1,0,1,0,1,0,1,0,1,0,1,0,0,1,0,5995-WWKKG
0,2,76.4,160.8,1,0.47512437810945274,6,0,0,0,1,0,0,0,0,0,0,0,0,0,1,0,1,0,1,0,1,0,0,0,0,1,0,0,0,0,1597-FZREH
0,55,100.9,5552.05,0,0.018173467457965976,6,1,0,0,1,0,0,1,0,0,1,0,1,0,0,0,0,0,1,0,1,1,0,1,0,0,1,0,0,1,7879-CGSFV
0,33,95.3,3275.15,0,0.029097903912797884,6,1,0,1,1,0,1,1,0,0,1,0,0,0,1,0,0,0,0,0,1,0,0,1,0,0,0,0,1,0,9921-EZKBY
0,46,90.95,4236.6,0,0.021467686352263607,5,0,1,1,1,0,0,1,0,0,0,0,0,0,1,0,1,0,0,0,1,1,0,0,0,0,0,0,1,0,7432-FFVAR
0,1,54.5,54.5,0,1.0,4,0,0,1,1,0,0,0,0,0,1,0,0,0,0,0,1,0,0,0,0,0,0,0,0,1,0,0,0,0,7246-ZGQDF
1,20,61.6,1174.35,1,0.052454549325158605,4,0,0,0,1,0,1,0,0,0,0,0,0,0,0,0,0,0,0,0,1,0,0,1,0,0,1,1,0,0,7000-WCEVQ
0,9,79.9,741.7,1,0.10772549548334906,4,1,1,0,1,0,0,1,0,0,0,0,1,0,1,0,0,0,0,0,0,0,0,1,0,1,0,0,0,0,0727-IWKVK
1,32,96.15,3019.25,1,0.03184565703403163,5,1,0,0,1,0,1,1,0,0,0,0,0,0,0,0,0,0,1,0,1,0,0,1,1,0,0,0,1,0,5959-BELXA
0,19,49.6,962.9,0,0.0515110603385606,3,0,1,1,1,0,0,0,0,0,0,0,0,0,1,0,0,0,0,0,0,0,0,1,0,0,0,1,0,0,4456-RHSNB
0,70,65.3,4759.75,1,0.013719207941593571,6,0,1,0,1,0,1,0,0,0,1,0,0,0,1,0,1,0,0,0,0,0,1,0,1,0,0,0,0,1,3512-IZIKN
0,61,25.0,1498.35,0,0.01668502018887443,2,0,0,1,1,0,1,0,1,1,0,1,0,1,0,1,0,1,0,1,0,0,1,1,1,0,0,0,0,1,2481-SBOYW
0,26,45.45,1233.15,0,0.03685683006933463,2,1,0,0,1,0,0,0,0,0,0,0,0,0,0,0,0,0,0,0,0,0,0,0,0,1,0,0,1,0,7109-MFBYV
0,45,107.75,4882.8,0,0.02206725649217662,7,1,1,0,1,0,1,1,0,0,0,0,1,0,1,0,0,0,1,0,1,0,0,1,0,0,0,0,1,0,1833-TCXKK
0,62,89.1,5411.65,0,0.016464479410161412,5,1,1,1,1,0,1,1,0,0,0,0,0,0,1,0,0,0,1,0,0,0,1,1,1,0,0,0,0,1,1832-PEUTS
0,1,19.65,19.65,1,1.0,1,1,0,0,1,0,0,0,1,1,0,1,0,1,0,1,0,1,0,1,0,0,0,0,0,0,1,0,0,0,6141-OOXUQ
0,3,44.75,148.05,0,0.30226274907125966,2,0,0,0,1,0,0,0,0,0,0,0,0,0,0,0,0,0,0,0,0,0,0,0,0,0,1,0,0,0,8660-BUETV
0,41,101.6,3930.55,0,0.02584879978628945,7,0,1,1,1,0,1,1,0,0,1,0,1,0,1,0,0,0,0,0,1,1,0,1,0,0,0,0,1,0,0580-PIQHM
0,67,103.15,6895.5,0,0.014959031252265971,7,1,1,1,1,0,0,1,0,0,0,0,1,0,1,0,1,0,1,0,1,0,1,0,0,0,0,0,0,1,5696-CEIQJ
0,1,84.65,84.65,1,1.0,4,1,0,0,1,0,1,1,0,0,0,0,0,0,0,0,0,0,1,0,0,0,0,1,0,0,1,0,0,0,7503-ZGUZJ
0,71,95.65,6856.95,0,0.013949350658820614,6,0,1,0,1,0,1,1,0,0,1,0,1,0,0,0,0,0,1,0,0,1,0,0,0,0,1,0,0,1,1696-HXOWK
0,37,75.1,2658.8,0,0.028245825184293662,6,0,1,1,1,0,0,0,0,0,1,0,1,0,0,0,0,0,1,0,1,1,0,0,0,0,0,0,1,0,3026-ATZYV
0,60,61.35,3766.2,0,0.016289628803568584,5,1,1,0,1,0,0,0,0,0,1,0,1,0,0,0,1,0,0,0,0,0,1,1,0,0,1,0,0,1,4012-YCFAI
1,1,69.55,69.55,1,1.0,2,0,1,0,1,0,0,1,0,0,0,0,0,0,0,0,0,0,0,0,0,0,0,1,0,1,0,0,0,0,2506-TNFCO
0,6,19.7,129.55,0,0.15206483983018138,1,0,0,0,1,0,0,0,1,1,0,1,0,1,0,1,0,1,0,1,0,0,0,0,1,0,0,0,0,0,9970-QBCDA
0,13,31.05,347.25,1,0.08941684665226782,2,0,0,0,0,1,0,0,0,0,0,0,1,0,0,0,0,0,0,0,0,0,0,1,0,1,0,1,0,0,8718-PTMEZ
0,11,51.0,581.7,0,0.08767405879319236,3,0,1,1,1,0,0,0,0,0,1,0,0,0,0,0,0,0,0,0,0,0,0,0,0,0,0,0,0,0,9496-IVVRP
0,7,51.0,354.05,1,0.1440474509250106,3,1,0,0,1,0,0,0,0,0,1,0,0,0,0,0,0,0,0,0,0,0,0,1,0,0,1,0,0,0,2207-OBZNX
0,10,88.85,929.45,0,0.09559416859432997,4,0,1,1,1,0,0,1,0,0,0,0,0,0,0,0,0,0,1,0,1,0,0,1,0,1,0,0,0,0,2657-VPXTA
0,34,20.05,679.0,0,0.02952871870397644,1,1,1,0,1,0,0,0,1,1,0,1,0,1,0,1,0,1,0,1,0,0,1,0,1,0,0,0,1,0,6551-VLJMV
0,62,65.1,3846.75,0,0.01692337687658413,5,0,0,0,1,0,0,0,0,0,1,0,0,0,0,0,1,0,0,0,1,0,1,1,0,0,1,0,0,1,1221-GHZEP
0,64,70.15,4480.7,0,0.015656035887249762,6,1,1,0,1,0,1,0,0,0,0,0,1,0,0,0,1,0,0,0,1,1,0,1,0,0,1,0,0,1,9289-LBQVU
0,1,44.35,44.35,1,1.0,2,0,1,1,1,0,0,0,0,0,0,0,0,0,0,0,0,0,0,0,0,0,0,1,0,0,0,0,0,0,6142-VSJQO
0,25,20.75,499.4,0,0.04154985983179816,1,1,0,0,1,0,0,0,1,1,0,1,0,1,0,1,0,1,0,1,0,0,1,1,0,0,1,0,1,0,3458-IDMFK
0,26,56.05,1553.2,0,0.0360867885655421,4,0,0,0,1,0,0,0,0,0,0,0,1,0,1,0,0,0,0,0,0,1,0,1,0,0,1,0,1,0,6933-FHBZC
0,10,19.95,219.5,0,0.09088838268792711,1,1,0,1,1,0,0,0,1,1,0,1,0,1,0,1,0,1,0,1,0,1,0,1,0,0,0,0,0,0,0221-NAUXK
0,53,98.6,5311.85,0,0.01856227114846993,7,0,0,0,1,0,1,1,0,0,1,0,1,0,1,0,0,0,1,0,0,1,0,0,0,0,1,0,0,1,9770-KXGQU
0,7,79.7,586.05,1,0.1359952222506612,3,0,0,0,1,0,0,1,0,0,0,0,0,0,0,0,0,0,1,0,0,0,0,1,0,1,0,0,0,0,6437-UKHMV
0,33,79.0,2576.8,0,0.030658180689226947,4,1,0,0,1,0,0,1,0,0,0,0,1,0,1,0,0,0,0,0,0,0,0,1,1,0,0,0,1,0,6538-POCHL
1,71,89.45,6435.25,0,0.01390000388485296,5,0,1,0,1,0,0,1,0,0,0,0,1,0,1,0,0,0,0,0,1,0,1,0,1,0,0,0,0,1,6726-NNFWD
0,29,74.2,1993.25,0,0.03722563652326603,3,0,0,0,1,0,1,1,0,0,0,0,0,0,0,0,0,0,0,0,0,0,0,1,0,1,0,0,1,0,3002-WQZWT
0,24,81.0,1923.85,0,0.04210307456402526,7,1,1,1,1,0,1,0,0,0,1,0,0,0,0,0,1,0,1,0,1,0,0,0,0,0,0,1,0,0,4277-UDIEF
0,20,49.6,939.8,0,0.05277718663545436,3,1,1,1,1,0,0,0,0,0,0,0,0,0,1,0,0,0,0,0,0,0,0,1,0,1,0,1,0,0,1208-NBVFH
0,1,84.6,84.6,0,1.0,4,0,0,0,1,0,1,1,0,0,0,0,0,0,0,0,0,0,1,0,0,0,0,1,0,1,0,0,0,0,4912-PIGUY
0,54,55.0,3092.65,1,0.017784101013693758,4,1,0,1,1,0,1,0,0,0,0,0,1,0,0,0,0,0,0,0,0,0,0,1,1,0,0,0,0,1,1114-CENIM
1,5,84.85,415.55,1,0.2041872217543015,4,0,0,0,1,0,0,1,0,0,0,0,0,0,1,0,0,0,1,0,0,0,0,1,0,0,1,0,0,0,6060-DRTNL
0,72,84.2,5986.55,0,0.014064862065797497,8,0,1,1,1,0,1,0,0,0,1,0,0,0,1,0,1,0,1,0,1,0,1,1,0,0,0,0,0,1,2725-TTRIQ
0,52,106.3,5487.0,0,0.01937306360488427,8,1,1,0,1,0,0,1,0,0,1,0,1,0,1,0,1,0,1,0,1,0,1,1,0,1,0,0,0,1,3374-TTZTK
0,9,69.05,651.5,0,0.10598618572524943,2,0,0,0,1,0,0,1,0,0,0,0,0,0,0,0,0,0,0,0,0,0,0,0,0,1,0,0,0,0,8990-ZXLSU
0,1,45.4,45.4,0,1.0,2,0,0,0,1,0,0,0,0,0,0,0,0,0,0,0,0,0,0,0,0,0,0,1,0,0,1,0,0,0,2275-RBYQS
1,1,73.65,73.65,1,1.0,3,1,0,0,1,0,1,1,0,0,0,0,0,0,0,0,0,0,0,0,0,0,0,1,0,1,0,0,0,0,8473-VUVJN
0,33,73.9,2405.05,1,0.03072701191243425,6,1,1,1,1,0,0,0,0,0,0,0,0,0,1,0,1,0,1,0,1,1,0,1,0,0,1,0,1,0,6289-CPNLD
0,55,77.75,4458.15,1,0.017439969494072654,4,0,1,0,1,0,1,1,0,0,0,0,0,0,1,0,0,0,0,0,0,0,0,1,0,1,0,0,0,1,5536-SLHPM
0,69,99.35,6856.45,0,0.014490005760998768,6,1,1,1,1,0,1,1,0,0,0,0,0,0,0,0,1,0,1,0,1,0,1,1,0,1,0,0,0,1,4419-UJMUS
0,1,50.75,50.75,0,1.0,3,1,0,0,1,0,0,0,0,0,1,0,0,0,0,0,0,0,0,0,0,0,0,1,0,0,1,0,0,0,7794-JASDG
0,54,87.1,4735.2,0,0.018394154417976007,8,1,0,0,1,0,1,0,0,0,1,0,0,0,1,0,1,0,1,0,1,0,1,0,0,0,0,0,0,1,7609-YBPXG
0,33,20.15,682.15,0,0.02953895770724914,1,1,0,1,1,0,0,0,1,1,0,1,0,1,0,1,0,1,0,1,0,1,0,1,0,0,1,0,1,0,5519-TEEUH
1,45,98.7,4525.8,0,0.021808299085244596,7,1,1,0,1,0,1,1,0,0,0,0,1,0,1,0,1,0,1,0,0,1,0,1,0,0,0,0,1,0,7856-GANIL
0,11,25.2,321.05,0,0.07849244665939885,1,0,0,1,0,1,0,0,0,0,0,0,0,0,0,0,0,0,0,0,0,0,0,0,0,1,0,0,0,0,0804-XBFBV
0,6,55.7,335.65,0,0.16594667063905857,4,1,0,0,1,0,0,0,0,0,1,0,1,0,0,0,0,0,0,0,0,0,0,1,0,0,0,0,0,0,2676-OXPPQ
0,21,65.35,1424.4,0,0.04587896658242066,5,1,0,0,1,0,0,0,0,0,1,0,0,0,1,0,0,0,1,0,0,0,0,0,0,0,0,1,0,0,3703-TTEPD
0,65,25.3,1748.55,0,0.014469131566154815,2,0,1,1,1,0,1,0,1,1,0,1,0,1,0,1,0,1,0,1,0,0,1,1,0,0,0,0,0,1,2799-TSLAG
1,6,84.35,474.9,1,0.17761634028216466,4,0,1,0,1,0,1,1,0,0,0,0,0,0,0,0,0,0,0,0,1,0,0,1,0,1,0,0,0,0,0196-VULGZ
0,8,84.95,668.4,1,0.12709455415918613,4,0,0,0,1,0,0,1,0,0,1,0,0,0,0,0,0,0,1,0,0,0,0,0,0,1,0,0,0,0,8837-VVWLQ
0,11,73.85,926.25,1,0.07973009446693656,3,1,0,0,1,0,0,1,0,0,0,0,0,0,0,0,1,0,0,0,0,0,0,1,0,1,0,0,0,0,2696-NARTR
0,43,24.25,1077.95,0,0.02249640521359989,2,1,1,1,1,0,1,0,1,1,0,1,0,1,0,1,0,1,0,1,0,0,1,0,0,0,1,0,1,0,2208-NKVVH
0,49,51.8,2541.25,1,0.02038366945400885,4,1,1,1,0,1,0,0,0,0,0,0,1,0,0,0,0,0,1,0,1,1,0,1,0,0,0,0,0,1,7614-QVWQL
1,1,46.0,46.0,1,1.0,2,0,1,0,1,0,0,0,0,0,0,0,0,0,0,0,0,0,0,0,0,0,0,0,0,1,0,0,0,0,1976-CFOCS
1,15,79.4,1156.1,1,0.06867918000172997,3,1,0,0,1,0,0,1,0,0,0,0,0,0,0,0,0,0,0,0,1,0,0,1,0,1,0,1,0,0,4631-OACRM
0,60,60.5,3694.45,0,0.016375915224187635,5,1,1,1,1,0,0,0,0,0,1,0,1,0,1,0,0,0,0,0,0,0,1,0,0,0,0,0,0,1,7139-JZFVG
0,17,25.1,382.8,0,0.06556948798328109,1,1,0,0,0,1,0,0,0,0,0,0,0,0,0,0,0,0,0,0,0,0,0,0,1,0,0,1,0,0,4987-GQWPO
1,16,71.8,1167.8,1,0.06148313067306046,2,1,1,0,1,0,0,1,0,0,0,0,0,0,0,0,0,0,0,0,0,0,0,1,0,0,0,1,0,0,3755-JBMNH
0,35,20.05,746.75,0,0.026849681955138937,1,1,1,1,1,0,0,0,1,1,0,1,0,1,0,1,0,1,0,1,0,1,0,0,0,0,0,0,1,0,1757-TCATG
1,44,88.4,3912.9,1,0.02259193948222546,5,1,1,0,1,0,1,1,0,0,0,0,1,0,0,0,0,0,0,0,1,1,0,0,0,0,1,0,1,0,6345-ULYRW
0,12,30.25,368.85,0,0.08201165785549681,2,0,1,1,0,1,0,0,0,0,0,0,0,0,0,0,1,0,0,0,0,1,0,0,1,0,0,0,0,0,4776-XSKYQ
0,1,20.2,20.2,0,1.0,1,1,0,0,1,0,0,0,1,1,0,1,0,1,0,1,0,1,0,1,0,0,0,0,0,0,1,0,0,0,8048-DSDFQ
0,28,59.9,1654.7,0,0.03619991539251828,5,0,0,0,1,0,0,0,0,0,1,0,1,0,0,0,1,0,0,0,0,1,0,1,0,1,0,0,1,0,5753-QQWPW
0,70,25.15,1940.85,0,0.01295823994641523,2,1,1,0,1,0,1,0,1,1,0,1,0,1,0,1,0,1,0,1,0,0,1,0,0,0,0,0,0,1,6010-DDPPW
0,5,46.0,221.7,1,0.2074875958502481,2,0,0,1,1,0,0,0,0,0,0,0,0,0,0,0,0,0,0,0,0,0,0,0,0,0,1,0,0,0,1809-DMJHQ
0,18,101.3,1794.65,0,0.05644554648538712,6,1,0,0,1,0,0,1,0,0,0,0,1,0,1,0,0,0,1,0,1,0,0,0,1,0,0,1,0,0,6693-FRIRW
0,70,76.95,5289.8,0,0.014546863775568075,7,1,1,0,1,0,1,0,0,0,1,0,0,0,0,0,1,0,1,0,1,0,1,1,1,0,0,0,0,1,6586-MYGKD
0,9,55.3,501.2,0,0.11033519553072625,4,0,1,1,1,0,1,0,0,0,0,0,1,0,0,0,0,0,0,0,0,0,0,1,0,0,1,0,0,0,3173-NVMPX
1,67,92.45,6140.85,0,0.015054919107289707,6,0,0,0,1,0,0,1,0,0,1,0,1,0,0,0,1,0,1,0,0,0,1,1,0,0,0,0,0,1,0248-PGHBZ
0,1,48.45,48.45,0,1.0,3,0,0,0,1,0,0,0,0,0,1,0,0,0,0,0,0,0,0,0,0,0,0,1,0,0,0,0,0,0,0623-GDISB
0,18,19.35,309.25,0,0.062570735650768,1,0,1,1,1,0,0,0,1,1,0,1,0,1,0,1,0,1,0,1,0,0,1,0,0,0,1,1,0,0,2892-GESUL
0,4,51.75,201.1,1,0.2573346593734461,3,1,0,0,1,0,1,0,0,0,0,0,0,0,0,0,0,0,0,0,0,0,0,0,1,0,0,0,0,0,6923-EFPNL
1,71,86.7,6179.35,0,0.014030601924150598,5,1,1,1,1,0,0,1,0,0,1,0,1,0,1,0,0,0,0,0,0,1,0,1,0,0,0,0,0,1,7472-EQOAV
0,30,94.4,2838.7,1,0.03325465882270054,6,1,1,1,1,0,1,1,0,0,1,0,1,0,0,0,0,0,1,0,0,0,0,1,0,1,0,0,1,0,9574-RKJIF
0,1,55.7,55.7,0,1.0,4,1,1,0,1,0,0,0,0,0,1,0,0,0,1,0,0,0,0,0,0,0,0,0,0,0,1,0,0,0,2043-WVTQJ
0,55,84.25,4589.85,0,0.01835571968582851,5,0,0,0,1,0,1,1,0,0,1,0,0,0,1,0,0,0,0,0,0,1,0,1,1,0,0,0,0,1,8034-RYTVV
0,59,64.65,3735.45,0,0.01730715174878529,5,1,0,0,1,0,0,0,0,0,0,0,0,0,1,0,1,0,1,0,0,0,0,1,0,1,0,0,0,1,3863-QSTYI
0,1,70.15,70.15,1,1.0,2,0,0,0,1,0,0,1,0,0,0,0,0,0,0,0,0,0,0,0,0,0,0,1,0,0,1,0,0,0,2619-WFQWU
0,7,69.2,477.55,0,0.1449062925348131,2,0,1,0,1,0,0,1,0,0,0,0,0,0,0,0,0,0,0,0,0,0,0,1,0,0,0,0,0,0,5044-LRQAQ
0,45,54.65,2553.7,0,0.02140032110271371,4,1,1,1,1,0,0,0,0,0,1,0,0,0,0,0,1,0,0,0,0,0,1,0,0,0,0,0,1,0,1716-LSAMB
0,54,24.75,1342.15,0,0.018440561785195392,2,0,1,1,1,0,1,0,1,1,0,1,0,1,0,1,0,1,0,1,0,1,0,1,0,0,0,0,0,1,1333-PBMXB
0,51,23.95,1216.35,0,0.01969005631602746,2,1,1,1,1,0,1,0,1,1,0,1,0,1,0,1,0,1,0,1,0,1,0,1,0,0,1,0,0,1,6546-OPBBH
1,72,105.0,7578.05,0,0.013855807232731375,7,0,1,0,1,0,1,1,0,0,0,0,1,0,1,0,0,0,1,0,1,1,0,0,1,0,0,0,0,1,5985-BEHZK
0,44,59.85,2603.95,0,0.022984312294782927,5,1,1,0,1,0,0,0,0,0,1,0,1,0,0,0,1,0,0,0,0,1,0,1,0,0,0,0,1,0,9127-QRZMH
0,2,20.05,42.7,0,0.4695550351288056,1,1,0,0,1,0,0,0,1,1,0,1,0,1,0,1,0,1,0,1,0,0,0,0,0,0,1,0,0,0,5919-VCZYM
0,66,92.15,6056.9,0,0.015214053393650218,5,0,0,0,1,0,1,1,0,0,0,0,0,0,1,0,0,0,1,0,0,1,0,1,0,0,0,0,0,1,9644-KVCNC
0,68,44.8,2983.65,0,0.015015165987967757,4,1,1,1,0,1,0,0,0,0,1,0,1,0,0,0,0,0,1,0,0,1,0,0,0,0,1,0,0,1,2137-DQMEV
0,31,20.9,689.35,0,0.03031841589903532,1,0,0,0,1,0,0,0,1,1,0,1,0,1,0,1,0,1,0,1,0,0,1,0,1,0,0,0,1,0,8174-LNWMW
1,21,95.4,2025.1,0,0.04710878475137031,5,0,0,0,1,0,1,1,0,0,0,0,0,0,0,0,0,0,1,0,1,0,0,1,0,0,0,1,0,0,9279-CJEOJ
0,21,80.35,1747.2,0,0.0459878663003663,4,1,0,1,1,0,1,1,0,0,1,0,0,0,0,0,0,0,0,0,0,0,0,0,0,1,0,1,0,0,7964-VEXDG
0,55,85.1,4657.95,0,0.01826983973636471,8,0,1,1,1,0,1,0,0,0,1,0,0,0,1,0,1,0,1,0,1,0,1,1,0,0,0,0,0,1,2404-JIBFC
0,9,34.7,296.1,1,0.1171901384667342,2,1,0,0,0,1,0,0,0,0,0,0,0,0,0,0,0,0,1,0,0,0,0,1,1,0,0,0,0,0,0778-NELLA
1,71,115.05,8016.6,0,0.014351470698301024,9,1,1,0,1,0,1,1,0,0,1,0,1,0,1,0,1,0,1,0,1,0,1,1,0,0,0,0,0,1,8029-XYPWT
0,1,81.1,81.1,1,1.0,3,0,0,0,1,0,0,1,0,0,0,0,0,0,0,0,0,0,0,0,1,0,0,1,0,1,0,0,0,0,4614-NUVZD
0,22,19.95,433.5,0,0.04602076124567474,1,1,1,1,1,0,0,0,1,1,0,1,0,1,0,1,0,1,0,1,0,1,0,0,0,0,1,1,0,0,4632-PAOYU
0,1,20.55,20.55,1,1.0,1,0,1,1,1,0,0,0,1,1,0,1,0,1,0,1,0,1,0,1,0,0,0,0,0,0,1,0,0,0,3803-KMQFW
0,61,106.6,6428.4,1,0.01658266442660693,7,0,0,0,1,0,1,1,0,0,0,0,0,0,1,0,1,0,1,0,1,0,1,1,0,1,0,0,0,1,6804-GDMOI
0,67,86.15,5883.85,0,0.014641773668601341,8,0,1,0,1,0,1,0,0,0,0,0,1,0,1,0,1,0,1,0,1,0,1,0,0,0,0,0,0,1,2990-OGYTD
1,14,78.85,1043.8,0,0.07554129143514082,4,0,0,0,1,0,0,1,0,0,1,0,1,0,0,0,0,0,0,0,0,0,0,0,0,1,0,1,0,0,6646-JPPHA
0,59,106.75,6252.9,1,0.017072078555550225,8,1,1,0,1,0,1,1,0,0,1,0,1,0,1,0,1,0,1,0,0,0,0,1,0,1,0,0,0,1,9572-MTILT
1,21,86.55,1857.25,0,0.046601157625521604,4,1,1,0,1,0,0,1,0,0,0,0,0,0,1,0,0,0,1,0,0,0,0,0,0,0,0,1,0,0,7658-UYUQS
0,4,42.4,146.4,0,0.2896174863387978,4,1,0,0,0,1,0,0,0,0,1,0,1,0,0,0,1,0,0,0,0,0,0,0,0,0,1,0,0,0,7880-XSOJX
0,3,89.45,240.45,1,0.37201081305884803,4,0,0,0,1,0,0,1,0,0,0,0,0,0,0,0,0,0,1,0,1,0,0,1,0,1,0,0,0,0,9611-CTWIH
0,70,24.25,1724.15,0,0.014064901545689179,2,1,1,0,1,0,1,0,1,1,0,1,0,1,0,1,0,1,0,1,0,0,1,0,0,0,0,0,0,1,4589-IUAJB
0,3,97.9,315.3,1,0.3104979384712972,6,0,0,0,1,0,0,1,0,0,0,0,1,0,0,0,1,0,1,0,1,0,0,1,0,1,0,0,0,0,0329-GTIAJ
1,21,20.5,429.55,0,0.04772436270515656,1,1,0,0,1,0,0,0,1,1,0,1,0,1,0,1,0,1,0,1,0,1,0,0,0,0,0,1,0,0,8746-BFOAJ
0,20,19.6,356.15,0,0.05503299171697319,1,1,0,0,1,0,0,0,1,1,0,1,0,1,0,1,0,1,0,1,0,0,0,1,1,0,0,1,0,0,8457-XIGKN
0,22,20.25,488.25,0,0.041474654377880185,1,1,1,1,1,0,0,0,1,1,0,1,0,1,0,1,0,1,0,1,0,1,0,0,0,0,0,1,0,0,6072-NUQCB
0,1,55.7,55.7,1,1.0,3,1,0,0,1,0,0,0,0,0,0,0,0,0,0,0,0,0,0,0,1,0,0,1,0,0,1,0,0,0,6629-CZTTH
0,63,20.6,1298.7,0,0.01586201586201586,1,0,0,0,1,0,0,0,1,1,0,1,0,1,0,1,0,1,0,1,0,0,1,1,0,0,1,0,0,1,8838-GPHZP
0,70,19.8,1378.75,0,0.014360834088848595,1,0,1,1,1,0,0,0,1,1,0,1,0,1,0,1,0,1,0,1,0,0,1,0,0,0,0,0,0,1,8750-QWZAJ
0,13,79.8,973.45,1,0.08197647542246647,4,1,0,0,1,0,0,1,0,0,0,0,1,0,1,0,0,0,0,0,0,0,0,1,0,1,0,1,0,0,5364-EVNIB
0,5,80.2,384.25,0,0.20871828236824985,3,0,0,0,1,0,0,1,0,0,0,0,0,0,0,0,0,0,1,0,0,0,0,0,0,1,0,0,0,0,6918-UMQCG
0,72,116.4,8543.25,0,0.013624791502063032,9,0,1,1,1,0,1,1,0,0,1,0,1,0,1,0,1,0,1,0,1,0,1,1,1,0,0,0,0,1,0675-NCDYU
0,13,31.65,389.95,0,0.08116425182715732,2,0,0,0,0,1,0,0,0,0,0,0,1,0,0,0,0,0,0,0,0,0,0,1,0,1,0,1,0,0,6339-DKLMK
0,61,94.15,5731.85,0,0.01642576131615447,6,1,1,0,1,0,0,1,0,0,0,0,1,0,1,0,1,0,0,0,1,0,0,0,1,0,0,0,0,1,1346-PJWTK
0,1,20.65,20.65,0,1.0,1,1,0,0,1,0,0,0,1,1,0,1,0,1,0,1,0,1,0,1,0,0,0,0,0,1,0,0,0,0,5088-QZLRL
1,56,76.85,4275.75,0,0.017973454949424077,4,0,1,0,1,0,1,1,0,0,0,0,0,0,0,0,1,0,0,0,0,0,0,1,0,0,0,0,0,1,8023-QHAIO
0,4,20.15,84.5,0,0.23846153846153845,1,0,0,0,1,0,0,0,1,1,0,1,0,1,0,1,0,1,0,1,0,0,0,0,0,0,1,0,0,0,4397-FRLTA
0,35,55.25,1924.1,0,0.028714723766955982,4,1,0,0,1,0,1,0,0,0,1,0,0,0,0,0,0,0,0,0,0,0,1,0,0,0,1,0,1,0,3057-VJJQE
0,18,39.05,669.85,1,0.058296633574680894,3,0,1,0,0,1,0,0,0,0,0,0,0,0,1,0,0,0,1,0,0,0,0,1,0,1,0,1,0,0,5087-SUURX
0,72,82.15,5784.3,0,0.014202237090054113,7,1,1,0,1,0,1,0,0,0,0,0,1,0,1,0,0,0,1,0,1,0,1,0,0,0,0,0,0,1,2302-OUZXB
1,49,103.0,5166.2,0,0.01993728465796911,8,0,0,0,1,0,1,1,0,0,1,0,1,0,1,0,1,0,0,0,1,1,0,0,0,0,0,0,0,1,8133-ANHHJ
0,44,95.1,4060.55,0,0.023420472596076884,7,0,1,0,1,0,1,1,0,0,1,0,1,0,1,0,1,0,0,0,0,0,0,1,1,0,0,0,1,0,2270-CHBFN
1,3,83.9,267.4,1,0.31376215407629027,4,0,1,0,1,0,0,1,0,0,0,0,0,0,0,0,1,0,1,0,0,0,0,1,0,0,1,0,0,0,0013-EXCHZ
0,37,95.15,3532.85,0,0.026932929504507694,6,0,1,1,1,0,1,1,0,0,0,0,1,0,1,0,0,0,0,0,1,0,0,1,0,1,0,0,1,0,5982-FPVQN
0,61,79.8,4914.8,0,0.016236672906323756,7,1,1,0,1,0,1,0,0,0,0,0,1,0,1,0,0,0,1,0,1,1,0,1,0,1,0,0,0,1,9107-UKCKY
0,70,74.8,5315.8,0,0.014071259264833137,7,1,1,0,1,0,1,0,0,0,1,0,0,0,1,0,1,0,0,0,1,0,1,1,1,0,0,0,0,1,4654-ULTTN
1,1,69.85,69.85,1,1.0,2,0,0,0,1,0,0,1,0,0,0,0,0,0,0,0,0,0,0,0,0,0,0,1,0,1,0,0,0,0,5550-VFRLC
0,41,20.45,775.6,0,0.026366683857658585,1,0,0,0,1,0,0,0,1,1,0,1,0,1,0,1,0,1,0,1,0,0,0,0,0,1,0,0,1,0,5546-BYZSM
0,70,78.35,5445.95,0,0.014386837925430824,8,1,1,1,1,0,1,0,0,0,1,0,1,0,1,0,1,0,0,0,1,1,0,0,0,0,0,0,0,1,1492-KGETH
0,1,53.55,53.55,1,1.0,3,0,0,0,1,0,0,0,0,0,0,0,0,0,0,0,0,0,1,0,0,0,0,1,0,0,1,0,0,0,4929-BSTRX
0,51,19.1,1007.8,0,0.01895217305020838,1,1,0,0,1,0,0,0,1,1,0,1,0,1,0,1,0,1,0,1,0,1,0,0,0,1,0,0,0,1,4163-HFTUK
0,42,20.0,833.55,0,0.023993761621978287,1,0,1,1,1,0,0,0,1,1,0,1,0,1,0,1,0,1,0,1,0,0,1,0,0,0,1,0,1,0,8215-NGSPE
0,70,93.9,6579.05,1,0.014272577347793376,7,0,1,1,1,0,1,1,0,0,1,0,1,0,1,0,1,0,0,0,0,0,1,0,0,0,0,0,0,1,2225-ZRGSG
0,48,19.95,1004.5,0,0.019860627177700346,1,1,0,0,1,0,0,0,1,1,0,1,0,1,0,1,0,1,0,1,0,1,0,0,0,0,0,0,1,0,8859-YSTWS
0,68,113.15,7856.0,1,0.014403004073319757,9,1,1,1,1,0,1,1,0,0,1,0,1,0,1,0,1,0,1,0,1,0,1,1,0,1,0,0,0,1,5271-YNWVR
0,48,24.0,1183.05,0,0.020286547483200204,2,0,0,0,1,0,1,0,1,1,0,1,0,1,0,1,0,1,0,1,0,0,1,0,1,0,0,0,1,0,7601-DHFWZ
1,26,84.95,2169.75,1,0.039151976034105314,4,0,1,0,1,0,0,1,0,0,0,0,1,0,0,0,0,0,0,0,1,0,0,0,0,1,0,0,1,0,2657-ALMWY
0,11,80.5,896.9,1,0.08975359571858624,4,1,1,0,1,0,1,1,0,0,0,0,1,0,0,0,0,0,0,0,0,0,0,1,0,0,0,0,0,0,6330-JKLPC
0,1,19.3,19.3,1,1.0,1,1,0,0,1,0,0,0,1,1,0,1,0,1,0,1,0,1,0,1,0,0,0,1,0,0,1,0,0,0,4667-OHGKG
0,27,19.15,501.35,0,0.038196868455171035,1,0,0,0,1,0,0,0,1,1,0,1,0,1,0,1,0,1,0,1,0,1,0,0,0,0,1,0,1,0,1998-VHJHK
1,46,91.3,4126.35,0,0.02212609206683873,5,0,0,0,1,0,0,1,0,0,0,0,1,0,1,0,0,0,1,0,0,1,0,1,0,0,0,0,1,0,1707-HABPF
0,1,49.65,49.65,1,1.0,3,1,0,0,1,0,0,0,0,0,0,0,0,0,1,0,0,0,0,0,0,0,0,1,0,0,1,0,0,0,1660-HSOOQ
0,46,54.35,2460.15,1,0.022092148852712233,4,0,0,0,1,0,0,0,0,0,0,0,0,0,1,0,1,0,0,0,0,0,1,0,1,0,0,0,1,0,7253-UVNDW
0,25,19.15,477.6,0,0.040096314907872695,1,1,1,1,1,0,0,0,1,1,0,1,0,1,0,1,0,1,0,1,0,0,0,1,0,0,1,0,1,0,0487-VVUVK
0,4,88.45,370.65,1,0.2386348307028194,4,1,0,0,1,0,0,1,0,0,0,0,0,0,0,0,0,0,1,0,1,0,0,1,0,1,0,0,0,0,7228-OMTPN
0,13,19.75,265.75,0,0.07431796801505174,1,1,0,0,1,0,0,0,1,1,0,1,0,1,0,1,0,1,0,1,0,0,1,0,0,0,1,1,0,0,5063-IUOKK
0,31,75.5,2424.45,0,0.031141083544721487,7,1,1,0,1,0,0,0,0,0,1,0,1,0,1,0,1,0,0,0,1,1,0,1,1,0,0,0,1,0,4508-OEBEY
0,23,83.75,1849.95,0,0.04527149382415741,4,0,1,1,1,0,1,1,0,0,0,0,0,0,0,0,0,0,1,0,0,0,0,1,0,1,0,1,0,0,0027-KWYKW
0,2,19.4,61.05,0,0.31777231777231774,1,0,0,0,1,0,0,0,1,1,0,1,0,1,0,1,0,1,0,1,0,0,0,0,0,0,1,0,0,0,2308-STERM
0,65,26.5,1698.55,0,0.015601542492125637,2,0,0,0,1,0,1,0,1,1,0,1,0,1,0,1,0,1,0,1,0,0,1,0,0,0,0,0,0,1,5982-XMDEX
1,22,90.5,1910.6,1,0.0473673191667539,5,1,0,0,1,0,1,1,0,0,0,0,0,0,0,0,1,0,1,0,0,0,0,1,0,0,0,1,0,0,6284-AHOOQ
0,55,19.15,998.1,0,0.019186454263099888,1,0,1,1,1,0,0,0,1,1,0,1,0,1,0,1,0,1,0,1,0,1,0,0,1,0,0,0,0,1,6051-PTVNS
0,9,94.85,890.6,1,0.10650123512238939,6,1,1,0,1,0,0,1,0,0,0,0,1,0,1,0,1,0,1,0,0,0,0,1,0,0,1,0,0,0,2344-JMOGN
0,7,69.95,529.5,1,0.13210576015108594,2,1,1,1,1,0,0,1,0,0,0,0,0,0,0,0,0,0,0,0,0,0,0,1,0,0,0,0,0,0,3799-ISUZQ
0,35,40.9,1383.6,0,0.029560566637756577,3,0,1,1,0,1,0,0,0,0,0,0,0,0,0,0,1,0,1,0,0,1,0,0,0,0,1,0,1,0,2877-VDUER
0,6,80.25,493.4,0,0.1626469396027564,7,1,0,0,1,0,0,0,0,0,1,0,0,0,1,0,1,0,1,0,1,0,1,1,0,0,1,0,0,0,9152-AMKAK
0,1,48.6,48.6,1,1.0,3,0,0,0,1,0,0,0,0,0,1,0,0,0,0,0,0,0,0,0,0,0,0,1,1,0,0,0,0,0,1794-HBQTJ
0,17,70.8,1207.0,0,0.05865782932891466,2,1,0,0,1,0,0,1,0,0,0,0,0,0,0,0,0,0,0,0,0,0,0,1,0,1,0,1,0,0,9432-VOFYX
0,10,60.2,563.5,0,0.10683229813664596,4,1,1,1,1,0,0,0,0,0,0,0,0,0,1,0,0,0,1,0,0,0,0,0,0,0,1,0,0,0,8049-WJCLQ
0,15,55.2,864.55,0,0.06384824475160489,4,1,0,1,1,0,0,0,0,0,0,0,0,0,1,0,1,0,0,0,0,1,0,0,1,0,0,1,0,0,6586-PSJOX
1,40,55.8,2109.35,1,0.026453646858036837,5,0,0,0,0,1,0,0,0,0,1,0,1,0,0,0,0,0,1,0,1,0,0,1,0,1,0,0,1,0,2460-FPSYH
0,13,54.15,701.05,0,0.07724128093573925,4,0,1,1,1,0,0,0,0,0,1,0,0,0,0,0,1,0,0,0,0,1,0,0,0,0,0,1,0,0,9705-ZJBCG
0,29,80.15,2265.25,1,0.035382408122723766,4,1,1,0,1,0,1,1,0,0,0,0,1,0,0,0,0,0,0,0,0,0,0,1,0,0,0,0,1,0,4818-DRBQT
0,3,75.5,220.6,1,0.34224841341795104,3,0,0,0,1,0,1,1,0,0,0,0,0,0,0,0,0,0,0,0,0,0,0,1,0,1,0,0,0,0,1320-HTRDR
1,58,100.4,5749.8,0,0.01746147692093638,6,0,1,0,1,0,1,1,0,0,0,0,0,0,0,0,1,0,1,0,1,0,0,1,0,0,0,0,0,1,6847-KJLTS
0,45,62.55,2796.45,0,0.022367644692377838,5,0,0,0,1,0,0,0,0,0,1,0,1,0,0,0,1,0,0,0,0,1,0,1,1,0,0,0,1,0,9670-BPNXF
0,72,70.45,5165.7,0,0.01363803550341677,7,0,1,1,1,0,1,0,0,0,1,0,1,0,1,0,1,0,0,0,0,0,1,1,0,0,0,0,0,1,3913-FCUUW
0,68,85.5,5696.6,0,0.015008952708633219,5,1,1,1,1,0,1,1,0,0,1,0,1,0,0,0,0,0,0,0,0,1,0,1,0,0,0,0,0,1,3301-VKTGC
0,1,20.2,20.2,1,1.0,1,1,0,0,1,0,0,0,1,1,0,1,0,1,0,1,0,1,0,1,0,0,0,1,0,0,0,0,0,0,1493-AMTIE
0,38,54.5,2076.05,0,0.02625177620962886,4,0,1,1,1,0,0,0,0,0,1,0,1,0,0,0,0,0,0,0,0,0,0,0,0,1,0,0,1,0,9555-SAHUZ
0,2,20.75,44.2,0,0.46945701357466063,1,1,0,0,1,0,0,0,1,1,0,1,0,1,0,1,0,1,0,1,0,0,0,0,0,0,1,0,0,0,0816-TSPHQ
0,11,20.35,215.25,0,0.09454123112659699,1,1,0,0,1,0,0,0,1,1,0,1,0,1,0,1,0,1,0,1,0,0,0,0,0,0,1,0,0,0,9932-WBWIK
1,20,91.0,1859.5,0,0.04893788652863673,4,0,1,0,1,0,0,1,0,0,0,0,0,0,0,0,0,0,1,0,1,1,0,1,0,0,0,1,0,0,4619-EVPHY
0,72,104.8,7470.1,0,0.014029263329808167,7,1,1,0,1,0,1,1,0,0,0,0,1,0,1,0,0,0,1,0,1,0,1,1,0,0,0,0,0,1,5286-YHCVC
0,3,74.75,229.5,1,0.32570806100217864,3,0,1,0,1,0,1,1,0,0,0,0,0,0,0,0,0,0,0,0,0,0,0,1,1,0,0,0,0,0,6424-ELEYH
0,23,104.05,2470.1,1,0.042123800655843896,7,1,0,0,1,0,1,1,0,0,0,0,0,0,1,0,1,0,1,0,1,0,0,1,0,0,1,1,0,0,4391-RESHN
0,40,51.1,2092.9,0,0.024415882268622485,3,1,0,0,1,0,0,0,0,0,0,0,0,0,0,0,1,0,0,0,0,0,0,1,0,1,0,0,1,0,9115-YQHGA
1,62,89.8,5629.55,0,0.015951541419829292,5,1,1,0,1,0,1,1,0,0,0,0,1,0,0,0,0,0,0,0,1,0,0,1,0,0,0,0,0,1,4462-CYWMH
0,22,20.55,469.85,0,0.04373736298818772,1,0,0,1,1,0,0,0,1,1,0,1,0,1,0,1,0,1,0,1,0,0,0,1,0,1,0,1,0,0,8963-MQVYN
0,11,64.05,733.95,0,0.08726752503576538,5,0,0,0,1,0,0,0,0,0,1,0,0,0,1,0,0,0,0,0,1,0,0,0,0,0,0,0,0,0,2458-EOMRE
1,7,74.85,485.25,0,0.1542503863987635,3,1,1,0,1,0,1,1,0,0,0,0,0,0,0,0,0,0,0,0,0,0,0,1,0,1,0,0,0,0,9334-GWGOW
0,13,96.65,1244.5,1,0.07766171153073524,6,0,0,0,1,0,1,1,0,0,1,0,1,0,0,0,0,0,1,0,0,0,0,1,0,1,0,1,0,0,6821-BUXUX
1,1,20.05,20.05,1,1.0,1,1,0,0,1,0,0,0,1,1,0,1,0,1,0,1,0,1,0,1,0,0,0,0,0,0,1,0,0,0,5028-HTLJB
0,39,103.45,3994.45,1,0.02589843407728223,7,0,0,0,1,0,1,1,0,0,0,0,1,0,1,0,0,0,1,0,1,0,0,1,0,1,0,0,1,0,9801-GDWGV
0,3,25.0,78.25,0,0.3194888178913738,1,1,1,0,0,1,0,0,0,0,0,0,0,0,0,0,0,0,0,0,0,0,0,0,0,0,1,0,0,0,6542-LWGXJ
0,58,20.3,1131.5,0,0.017940786566504642,1,1,0,0,1,0,0,0,1,1,0,1,0,1,0,1,0,1,0,1,0,0,1,0,1,0,0,0,0,1,5567-GZKQY
0,6,26.35,184.05,0,0.14316761749524587,2,1,0,1,1,0,1,0,1,1,0,1,0,1,0,1,0,1,0,1,0,0,0,0,0,0,1,0,0,0,1222-LRYKO
0,1,19.9,19.9,1,1.0,1,0,1,1,1,0,0,0,1,1,0,1,0,1,0,1,0,1,0,1,0,0,0,1,0,1,0,0,0,0,2320-JRSDE
0,22,54.7,1178.75,0,0.0464050901378579,4,0,1,0,1,0,0,0,0,0,0,0,1,0,1,0,0,0,0,0,0,0,0,1,0,0,1,1,0,0,2087-QAREY
0,14,46.35,667.7,1,0.06941740302531077,3,1,1,0,0,1,0,0,0,0,0,0,0,0,0,0,0,0,1,0,1,0,0,0,0,1,0,1,0,0,0601-WZHJF
0,64,90.25,5629.15,0,0.01603261593668671,5,1,1,1,1,0,1,1,0,0,0,0,0,0,1,0,0,0,0,0,1,1,0,0,1,0,0,0,0,1,4423-JWZJN
0,1,19.95,19.95,1,1.0,1,1,0,0,1,0,0,0,1,1,0,1,0,1,0,1,0,1,0,1,0,0,0,0,0,1,0,0,0,0,5143-WMWOG
0,6,20.65,109.3,0,0.1889295516925892,1,1,0,0,1,0,0,0,1,1,0,1,0,1,0,1,0,1,0,1,0,0,0,0,0,0,1,0,0,0,6490-FGZAT
0,1,79.6,79.6,1,1.0,3,1,0,0,1,0,0,1,0,0,0,0,0,0,0,0,0,0,0,0,1,0,0,0,0,1,0,0,0,0,5393-RXQSZ
0,39,25.45,958.45,0,0.026553289164797326,2,1,0,1,1,0,1,0,1,1,0,1,0,1,0,1,0,1,0,1,0,1,0,0,0,0,0,0,1,0,7452-FOLON
0,20,19.5,403.15,0,0.04836909338955724,1,0,0,0,1,0,0,0,1,1,0,1,0,1,0,1,0,1,0,1,0,1,0,0,0,0,1,1,0,0,2320-TZRRH
0,1,75.9,75.9,1,1.0,3,1,0,0,1,0,0,1,0,0,0,0,0,0,0,0,1,0,0,0,0,0,0,1,0,1,0,0,0,0,0231-LXVAP
0,1,76.2,76.2,1,1.0,3,1,1,0,1,0,0,1,0,0,0,0,0,0,1,0,0,0,0,0,0,0,0,0,0,1,0,0,0,0,9444-JTXHZ
0,64,66.15,4392.5,0,0.0150597609561753,5,1,1,0,1,0,1,0,0,0,1,0,0,0,0,0,0,0,1,0,0,1,0,1,1,0,0,0,0,1,4942-VZZOM
0,1,19.25,19.25,1,1.0,1,1,0,1,1,0,0,0,1,1,0,1,0,1,0,1,0,1,0,1,0,0,0,0,0,0,1,0,0,0,5510-BOIUJ
0,46,69.1,3168.0,0,0.021811868686868685,5,0,1,0,1,0,0,0,0,0,0,0,1,0,0,0,0,0,1,0,1,0,0,1,1,0,0,0,1,0,7502-BNYGS
1,28,39.1,1096.6,0,0.035655662958234545,3,0,1,1,0,1,0,0,0,0,0,0,1,0,0,0,0,0,0,0,1,1,0,1,0,1,0,0,1,0,4291-HYEBC
0,33,20.05,669.45,0,0.029949958921502724,1,0,1,0,1,0,0,0,1,1,0,1,0,1,0,1,0,1,0,1,0,0,0,0,0,0,1,0,1,0,6147-CBCRA
0,39,59.8,2343.85,0,0.02551357808733494,5,1,1,1,1,0,0,0,0,0,1,0,1,0,1,0,0,0,0,0,0,1,0,0,0,1,0,0,1,0,6047-SUHPR
0,42,84.3,3588.4,1,0.023492364284918067,5,0,1,0,1,0,1,1,0,0,0,0,0,0,1,0,1,0,0,0,0,0,0,1,0,1,0,0,1,0,4471-KXAUH
0,1,48.6,48.6,0,1.0,3,0,0,0,1,0,0,0,0,0,0,0,1,0,0,0,0,0,0,0,0,0,0,1,0,1,0,0,0,0,9752-ZNQUT
0,7,79.0,522.95,1,0.15106606750167317,3,0,0,0,1,0,0,1,0,0,0,0,0,0,0,0,0,0,1,0,0,0,0,1,0,1,0,0,0,0,7638-QVMVY
1,70,105.35,7511.9,0,0.01402441459550846,7,1,1,0,1,0,0,1,0,0,1,0,1,0,1,0,0,0,1,0,1,0,1,0,1,0,0,0,0,1,1576-PFZIW
0,65,25.1,1725.0,0,0.01455072463768116,2,1,0,0,1,0,1,0,1,1,0,1,0,1,0,1,0,1,0,1,0,0,1,1,0,0,0,0,0,1,5666-MBJPT
0,1,49.75,49.75,0,1.0,3,1,0,0,1,0,0,0,0,0,1,0,0,0,0,0,0,0,0,0,0,0,0,0,0,1,0,0,0,0,7312-XSBAT
0,18,94.75,1691.9,0,0.0560021277853301,5,1,1,0,1,0,1,1,0,0,0,0,0,0,0,0,0,0,1,0,1,0,0,1,0,1,0,1,0,0,3096-GKWEB
0,24,93.0,2248.05,0,0.041369186628411284,5,1,1,0,1,0,1,1,0,0,0,0,0,0,0,0,0,0,1,0,1,0,0,1,0,1,0,1,0,0,2371-JQHZZ
0,63,71.9,4479.2,0,0.016051973566708344,7,1,0,0,1,0,1,0,0,0,1,0,0,0,1,0,1,0,0,0,1,0,1,1,0,0,0,0,0,1,0674-GCDXG
0,44,77.55,3471.1,0,0.022341620811846388,6,0,0,1,1,0,1,0,0,0,0,0,1,0,0,0,0,0,1,0,1,1,0,1,0,0,1,0,1,0,1121-QSIVB
0,4,19.85,63.0,0,0.3150793650793651,1,1,0,0,1,0,0,0,1,1,0,1,0,1,0,1,0,1,0,1,0,0,0,1,0,1,0,0,0,0,4396-KLSEH
0,1,70.25,70.25,1,1.0,2,0,0,0,1,0,0,1,0,0,0,0,0,0,0,0,0,0,0,0,0,0,0,1,0,1,0,0,0,0,3244-DCJWY
0,37,95.25,3314.15,0,0.028740401007799888,5,0,1,1,1,0,1,1,0,0,0,0,0,0,0,0,0,0,1,0,1,0,0,1,0,1,0,0,1,0,2824-MYYBN
1,10,84.6,865.55,1,0.09774132054762867,4,0,0,0,1,0,0,1,0,0,0,0,0,0,1,0,0,0,0,0,1,0,0,1,1,0,0,0,0,0,0875-CABNR
0,34,25.05,852.7,0,0.029377272194206636,1,1,0,0,0,1,0,0,0,0,0,0,0,0,0,0,0,0,0,0,0,0,0,1,0,0,0,0,1,0,6345-HOVES
0,35,53.15,1930.9,0,0.027526024133823605,5,1,1,0,0,1,0,0,0,0,1,0,0,0,1,0,0,0,1,0,1,1,0,0,1,0,0,0,1,0,8318-LCNBW
0,4,20.15,91.4,0,0.22045951859956234,1,0,1,0,1,0,0,0,1,1,0,1,0,1,0,1,0,1,0,1,0,0,0,0,0,1,0,0,0,0,6469-QJKZW
1,39,101.25,3949.15,0,0.02563842852259347,6,0,1,0,1,0,1,1,0,0,0,0,0,0,0,0,1,0,1,0,1,0,0,1,0,1,0,0,1,0,0147-ESWWR
1,43,100.55,4304.0,0,0.023361988847583642,6,1,1,0,1,0,0,1,0,0,0,0,1,0,1,0,0,0,1,0,1,1,0,1,0,0,0,0,1,0,1217-VASWC
0,17,24.1,409.9,1,0.05879482800683094,2,0,1,1,1,0,1,0,1,1,0,1,0,1,0,1,0,1,0,1,0,0,0,0,0,0,1,1,0,0,7812-FZHPE
0,61,25.3,1554.9,0,0.016271142838767766,2,0,1,0,1,0,1,0,1,1,0,1,0,1,0,1,0,1,0,1,0,0,1,0,0,0,0,0,0,1,6370-ZVHDV
0,49,71.8,3472.05,0,0.020679425699514694,7,0,1,0,1,0,1,0,0,0,1,0,1,0,1,0,0,0,0,0,1,1,0,0,0,1,0,0,0,1,5915-DGNVC
0,4,19.7,117.8,0,0.16723259762308998,1,1,0,0,1,0,0,0,1,1,0,1,0,1,0,1,0,1,0,1,0,1,0,0,0,0,1,0,0,0,6260-XLACS
0,64,49.85,3210.35,0,0.015527901942155841,5,0,1,1,0,1,0,0,0,0,0,0,1,0,1,0,1,0,0,0,1,0,1,0,0,1,0,0,0,1,3566-CAAYU
0,3,69.6,207.4,0,0.33558341369334616,2,1,0,0,1,0,0,1,0,0,0,0,0,0,0,0,0,0,0,0,0,0,0,1,0,0,1,0,0,0,4983-CCWMC
0,1,19.75,19.75,0,1.0,1,1,1,1,1,0,0,0,1,1,0,1,0,1,0,1,0,1,0,1,0,0,0,0,0,1,0,0,0,0,9103-CXVOK
0,40,80.8,3132.75,0,0.025792035751336685,4,1,1,0,1,0,0,1,0,0,0,0,1,0,1,0,0,0,0,0,0,1,0,0,0,1,0,0,1,0,2896-TBNBE
0,1,60.0,60.0,1,1.0,5,0,0,1,1,0,0,0,0,0,1,0,1,0,0,0,1,0,0,0,0,0,0,1,0,1,0,0,0,0,4797-AXPXK
0,8,86.55,649.65,1,0.13322558300623413,4,1,0,0,1,0,1,1,0,0,0,0,0,0,0,0,0,0,0,0,1,0,0,1,0,1,0,0,0,0,5229-PRWKT
1,1,20.85,20.85,1,1.0,1,0,1,0,1,0,0,0,1,1,0,1,0,1,0,1,0,1,0,1,0,0,0,1,0,0,1,0,0,0,6982-UQZLY
1,34,64.2,2106.3,0,0.030479988605611734,5,0,1,0,1,0,0,0,0,0,0,0,0,0,1,0,1,0,1,0,0,1,0,0,0,0,0,0,1,0,2522-WLNSF
0,1,35.0,35.0,0,1.0,2,0,1,0,0,1,0,0,0,0,0,0,0,0,0,0,0,0,0,0,1,0,0,0,0,1,0,0,0,0,3841-CONLJ
0,39,50.75,2011.4,1,0.02523118226111166,4,0,0,0,0,1,0,0,0,0,0,0,0,0,1,0,0,0,1,0,1,0,0,1,0,1,0,0,1,0,5057-LCOUI
1,58,105.5,6205.5,1,0.01700104745790025,7,0,1,0,1,0,0,1,0,0,1,0,1,0,0,0,1,0,1,0,1,1,0,1,1,0,0,0,0,1,0193-ESZXP
0,45,19.2,903.7,0,0.021245988713068494,1,1,1,1,1,0,0,0,1,1,0,1,0,1,0,1,0,1,0,1,0,0,1,0,0,1,0,0,1,0,4475-NVTLU
1,6,85.15,503.6,1,0.16908260524225577,4,1,0,0,1,0,0,1,0,0,1,0,0,0,0,0,0,0,1,0,0,0,0,1,0,0,0,0,0,0,4369-HTUIF
0,43,90.65,3882.3,0,0.023349560827344615,6,1,0,0,1,0,0,1,0,0,1,0,1,0,1,0,1,0,0,0,0,1,0,1,1,0,0,0,1,0,9386-LDCZR
0,41,20.0,879.8,0,0.022732439190725165,1,1,1,1,1,0,0,0,1,1,0,1,0,1,0,1,0,1,0,1,0,0,1,1,0,0,1,0,1,0,9585-KKMFD
0,5,74.65,383.65,0,0.19457839176332598,3,1,0,0,1,0,0,1,0,0,0,0,1,0,0,0,0,0,0,0,0,0,0,1,0,1,0,0,0,0,5399-ZIMKF
0,72,61.2,4390.25,0,0.01393998063891578,6,1,0,0,0,1,0,0,0,0,1,0,0,0,1,0,1,0,1,0,1,0,1,1,1,0,0,0,0,1,0336-KXKFK
0,4,19.95,68.2,0,0.2925219941348973,1,1,0,0,1,0,0,0,1,1,0,1,0,1,0,1,0,1,0,1,0,1,0,0,0,0,1,0,0,0,5619-XZZKR
0,9,54.8,452.8,0,0.12102473498233214,4,1,1,1,1,0,0,0,0,0,0,0,1,0,0,0,1,0,0,0,0,0,0,0,0,0,1,0,0,0,3948-FVVRP
1,72,73.45,5329.0,0,0.013783073747419779,6,1,1,0,1,0,1,0,0,0,0,0,0,0,1,0,0,0,1,0,1,0,1,1,1,0,0,0,0,1,5327-XOKKY
0,33,51.45,1758.9,0,0.02925123656830974,3,0,1,0,1,0,0,0,0,0,0,0,0,0,0,0,1,0,0,0,0,1,0,1,0,0,1,0,1,0,0983-TATYJ
0,72,80.45,5737.6,0,0.014021542108198549,4,0,1,0,1,0,1,1,0,0,1,0,0,0,0,0,0,0,0,0,0,0,1,0,0,0,0,0,0,1,1813-JYWTO
0,22,54.2,1152.7,1,0.04702003990630693,4,1,1,0,1,0,0,0,0,0,1,0,0,0,0,0,1,0,0,0,0,0,0,1,0,1,0,1,0,0,0156-FVPTA
0,70,109.5,7674.55,1,0.01426793753379677,8,0,1,0,1,0,1,1,0,0,0,0,1,0,1,0,1,0,1,0,1,1,0,1,0,1,0,0,0,1,1984-FCOWB
0,21,104.4,2157.95,1,0.048379248824115484,7,1,1,1,1,0,1,1,0,0,0,0,1,0,1,0,0,0,1,0,1,0,0,0,0,1,0,1,0,0,0654-HMSHN
0,15,85.3,1219.85,0,0.06992663032340042,4,1,0,0,1,0,0,1,0,0,0,0,0,0,1,0,0,0,1,0,0,0,0,0,0,1,0,1,0,0,6719-OXYBR
1,29,79.3,2414.55,0,0.03284255865482181,4,1,1,0,1,0,1,1,0,0,0,0,0,0,0,0,1,0,0,0,0,0,0,1,0,1,0,0,1,0,3312-ZWLGF
0,15,76.5,1155.6,0,0.0661993769470405,7,0,1,1,1,0,0,0,0,0,0,0,1,0,1,0,1,0,1,0,1,0,0,0,0,0,0,1,0,0,6476-YHMGA
1,71,105.1,7548.1,1,0.013924033862826405,7,1,1,1,1,0,1,1,0,0,1,0,1,0,0,0,0,0,1,0,1,0,0,1,1,0,0,0,0,1,5287-QWLKY
1,72,25.4,1809.35,0,0.014038190510404289,2,1,0,0,1,0,1,0,1,1,0,1,0,1,0,1,0,1,0,1,0,0,1,0,0,0,0,0,0,1,0795-XCCTE
0,19,86.85,1564.4,0,0.05551649194579391,4,0,1,0,1,0,1,1,0,0,0,0,0,0,0,0,0,0,1,0,0,0,0,1,0,1,0,1,0,0,0168-XZKBB
0,1,19.65,19.65,0,1.0,1,1,0,0,1,0,0,0,1,1,0,1,0,1,0,1,0,1,0,1,0,0,0,0,0,0,1,0,0,0,3785-NRHYR
0,1,75.7,75.7,1,1.0,3,0,0,0,1,0,0,1,0,0,0,0,1,0,0,0,0,0,0,0,0,0,0,1,0,1,0,0,0,0,5196-SGOAK
0,2,45.55,84.4,0,0.539691943127962,2,0,0,0,1,0,0,0,0,0,0,0,0,0,0,0,0,0,0,0,0,0,0,0,0,1,0,0,0,0,4537-DKTAL
1,11,78.1,864.85,0,0.09030467711163785,4,0,1,1,1,0,1,1,0,0,0,0,0,0,1,0,0,0,0,0,0,0,0,1,1,0,0,0,0,0,7072-MBHEV
0,12,19.3,228.75,0,0.08437158469945355,1,0,0,0,1,0,0,0,1,1,0,1,0,1,0,1,0,1,0,1,0,1,0,0,0,0,1,0,0,0,5602-BVFMK
0,70,110.5,7752.05,0,0.014254294025451333,8,0,1,0,1,0,1,1,0,0,0,0,1,0,1,0,1,0,1,0,1,0,1,1,0,1,0,0,0,1,6297-NOOPG
1,20,90.8,1951.0,1,0.04654023577652486,5,0,1,0,1,0,1,1,0,0,0,0,0,0,1,0,0,0,1,0,0,0,0,0,0,1,0,1,0,0,1891-UAWWU
0,23,20.3,470.6,0,0.04313642158946026,1,0,0,0,1,0,0,0,1,1,0,1,0,1,0,1,0,1,0,1,0,0,0,1,0,0,0,1,0,0,8204-TIFGJ
1,49,81.35,4060.9,0,0.020032505109704744,8,1,0,0,1,0,1,0,0,0,1,0,1,0,1,0,1,0,0,0,1,0,1,0,1,0,0,0,0,1,8050-DVOJX
0,4,97.95,384.5,1,0.25474642392717817,6,0,1,1,1,0,1,1,0,0,0,0,1,0,0,0,0,0,1,0,1,0,0,1,0,1,0,0,0,0,6108-OQZDQ
0,32,108.15,3432.9,1,0.03150397623000961,8,1,0,0,1,0,1,1,0,0,1,0,1,0,0,0,1,0,1,0,1,0,0,1,1,0,0,0,1,0,0363-QJVFX
0,2,55.3,108.65,0,0.5089737689829728,3,1,0,1,1,0,0,0,0,0,0,0,0,0,0,0,0,0,0,0,1,0,0,1,0,1,0,0,0,0,8903-XEBGX
1,69,56.55,3952.65,0,0.014306857424765663,5,1,1,0,0,1,0,0,0,0,1,0,1,0,0,0,0,0,1,0,1,0,1,0,1,0,0,0,0,1,8169-SAEJD
0,6,80.5,463.05,1,0.17384731670445955,3,1,0,0,1,0,0,1,0,0,0,0,0,0,0,0,0,0,1,0,0,0,0,1,1,0,0,0,0,0,9840-DVNDC
0,24,19.7,494.05,0,0.03987450662888371,1,0,1,1,1,0,0,0,1,1,0,1,0,1,0,1,0,1,0,1,0,0,1,1,0,0,1,1,0,0,1089-XZWHH
0,32,104.05,3416.85,0,0.030452024525513266,7,0,0,0,1,0,1,1,0,0,0,0,1,0,1,0,0,0,1,0,1,1,0,1,1,0,0,0,1,0,2325-WINES
0,27,52.85,1498.65,0,0.03526507189804157,4,0,0,0,1,0,0,0,0,0,1,0,1,0,0,0,0,0,0,0,0,0,1,0,0,0,0,0,1,0,6064-ZATLR
1,27,104.3,2867.75,1,0.0363699764623834,7,0,1,0,1,0,1,1,0,0,1,0,0,0,0,0,1,0,1,0,1,0,0,1,0,0,0,0,1,0,3096-JRDSO
0,58,80.65,4807.35,0,0.016776394479286926,4,1,0,0,1,0,1,1,0,0,0,0,0,0,0,0,1,0,0,0,0,0,0,0,0,0,0,0,0,1,7824-PANSQ
0,1,71.35,71.35,1,1.0,2,1,0,0,1,0,0,1,0,0,0,0,0,0,0,0,0,0,0,0,0,0,0,1,0,0,1,0,0,0,8042-JVNFH
0,18,24.65,471.35,0,0.05229659488702662,2,0,1,1,1,0,1,0,1,1,0,1,0,1,0,1,0,1,0,1,0,0,1,1,1,0,0,1,0,0,9648-BCHKM
0,47,21.3,1041.8,0,0.020445382990977156,1,0,1,1,1,0,0,0,1,1,0,1,0,1,0,1,0,1,0,1,0,0,1,1,0,0,0,0,1,0,2888-ADFAO
0,70,110.2,7689.8,0,0.014330671799006477,8,0,1,1,1,0,1,1,0,0,0,0,1,0,1,0,1,0,1,0,1,0,1,1,0,1,0,0,0,1,8707-HOEDG
0,13,89.4,1132.35,1,0.0789508544178037,6,0,0,0,1,0,1,1,0,0,0,0,1,0,1,0,1,0,0,0,0,0,0,0,0,1,0,1,0,0,3374-LXDEV
0,36,51.05,1815.0,0,0.028126721763085397,3,0,1,1,1,0,0,0,0,0,1,0,0,0,0,0,0,0,0,0,0,0,0,0,1,0,0,0,1,0,4072-IPYLT
0,67,19.8,1311.3,0,0.01509951956074125,1,1,0,0,1,0,0,0,1,1,0,1,0,1,0,1,0,1,0,1,0,0,1,1,0,0,1,0,0,1,7167-PCEYD
0,10,19.9,199.45,0,0.0997743795437453,1,0,0,0,1,0,0,0,1,1,0,1,0,1,0,1,0,1,0,1,0,0,0,1,0,0,1,0,0,0,4936-YPJNK
1,19,87.3,1637.3,0,0.053319489403285895,4,1,0,0,1,0,0,1,0,0,1,0,0,0,0,0,0,0,0,0,1,0,0,1,0,1,0,1,0,0,1580-BMCMR
0,71,19.85,1326.35,0,0.014965883816488862,1,0,1,1,1,0,0,0,1,1,0,1,0,1,0,1,0,1,0,1,0,0,1,0,0,0,0,0,0,1,4817-KEQSP
0,72,89.4,6376.55,0,0.014020120598129083,9,1,1,1,1,0,1,0,0,0,1,0,1,0,1,0,1,0,1,0,1,0,1,1,0,0,1,0,0,1,6408-WHTEF
0,48,20.0,935.9,0,0.021369804466289135,1,0,1,1,1,0,0,0,1,1,0,1,0,1,0,1,0,1,0,1,0,0,1,0,0,0,1,0,1,0,9251-AWQGT
0,1,20.05,20.05,0,1.0,1,1,0,0,1,0,0,0,1,1,0,1,0,1,0,1,0,1,0,1,0,0,0,0,0,0,1,0,0,0,8749-CLJXC
0,18,83.25,1611.15,0,0.0516711665580486,7,1,1,1,1,0,0,0,0,0,1,0,0,0,1,0,1,0,1,0,1,0,0,0,0,1,0,1,0,0,7989-VCQOH
0,1,20.6,20.6,1,1.0,1,1,0,0,1,0,0,0,1,1,0,1,0,1,0,1,0,1,0,1,0,0,0,0,0,0,1,0,0,0,5049-GLYVG
1,67,102.9,6989.7,0,0.014721661873900168,7,1,1,0,1,0,1,1,0,0,0,0,1,0,0,0,1,0,1,0,1,0,1,0,0,0,0,0,0,1,4199-QHJNM
0,69,39.1,2779.5,0,0.014067278287461774,4,1,1,1,0,1,0,0,0,0,1,0,0,0,1,0,1,0,0,0,0,0,1,0,0,0,1,0,0,1,8882-TLVRW
0,19,99.95,1931.75,1,0.051740649669988356,6,1,0,0,1,0,1,1,0,0,0,0,1,0,0,0,0,0,1,0,1,0,0,1,0,1,0,1,0,0,5883-GTGVD
1,72,114.5,8331.95,0,0.0137422812186823,9,1,1,0,1,0,1,1,0,0,1,0,1,0,1,0,1,0,1,0,1,0,1,1,0,0,1,0,0,1,5135-GRQJV
1,38,20.2,735.9,0,0.027449381709471397,1,0,0,0,1,0,0,0,1,1,0,1,0,1,0,1,0,1,0,1,0,0,1,0,0,0,1,0,1,0,2384-OVPSA
1,40,55.8,2283.3,0,0.02443831296807252,3,1,1,0,1,0,0,0,0,0,0,0,0,0,0,0,0,0,0,0,1,1,0,0,0,1,0,0,1,0,1371-WEPDS
0,61,24.2,1445.2,0,0.01674508718516468,2,0,1,1,1,0,1,0,1,1,0,1,0,1,0,1,0,1,0,1,0,0,1,1,0,0,1,0,0,1,3580-GICBM
0,10,81.0,818.05,1,0.0990159525701363,4,0,0,0,1,0,1,1,0,0,0,0,1,0,0,0,0,0,0,0,0,0,0,1,1,0,0,0,0,0,4817-QRJSX
0,32,72.8,2333.05,0,0.031203789031525254,6,1,1,0,1,0,1,0,0,0,1,0,0,0,0,0,1,0,1,0,0,1,0,1,1,0,0,0,1,0,9730-DRTMJ
0,21,99.85,1992.55,0,0.05011166595568493,6,0,0,0,1,0,1,1,0,0,0,0,1,0,0,0,0,0,1,0,1,0,0,1,1,0,0,1,0,0,4686-UXDML
1,59,99.5,5890.0,0,0.016893039049235992,6,0,0,0,1,0,1,1,0,0,0,0,0,0,1,0,0,0,1,0,1,1,0,1,0,1,0,0,0,1,3349-ANQNH
1,13,70.15,916.75,1,0.07652031633487866,2,0,1,0,1,0,0,1,0,0,0,0,0,0,0,0,0,0,0,0,0,0,0,1,0,1,0,1,0,0,2398-YPMUR
0,47,20.25,1029.8,0,0.01966401242959798,1,0,0,0,1,0,0,0,1,1,0,1,0,1,0,1,0,1,0,1,0,0,1,0,1,0,0,0,1,0,0932-YIXYU
0,69,26.0,1796.55,0,0.014472182794801147,2,1,1,1,1,0,1,0,1,1,0,1,0,1,0,1,0,1,0,1,0,0,1,1,0,0,0,0,0,1,7480-SPLEF
0,2,19.9,33.7,0,0.5905044510385756,1,1,0,0,1,0,0,0,1,1,0,1,0,1,0,1,0,1,0,1,0,0,0,1,1,0,0,0,0,0,7636-XUHWW
0,22,19.05,454.05,0,0.04195573174760489,1,0,1,1,1,0,0,0,1,1,0,1,0,1,0,1,0,1,0,1,0,0,0,0,0,0,0,1,0,0,1431-CYWMH
1,15,96.5,1392.25,0,0.06931226432034476,6,1,1,0,1,0,1,1,0,0,1,0,0,0,1,0,0,0,1,0,0,0,0,1,0,1,0,1,0,0,5937-EORGB
0,53,19.85,1049.6,0,0.01891196646341464,1,0,0,0,1,0,0,0,1,1,0,1,0,1,0,1,0,1,0,1,0,0,1,0,1,0,0,0,0,1,6349-JDHQP
1,28,25.7,734.6,0,0.03498502586441601,2,0,1,0,1,0,1,0,1,1,0,1,0,1,0,1,0,1,0,1,0,0,0,0,0,0,1,0,1,0,5539-HIVAK
0,22,20.3,475.1,0,0.04272784676910124,1,1,0,0,1,0,0,0,1,1,0,1,0,1,0,1,0,1,0,1,0,1,0,0,0,0,1,1,0,0,5847-MXBEO
0,1,70.15,70.15,1,1.0,2,0,0,0,1,0,0,1,0,0,0,0,0,0,0,0,0,0,0,0,0,0,0,1,0,0,1,0,0,0,9985-MWVIX
1,16,91.55,1540.05,0,0.05944612187915977,5,1,1,0,1,0,0,1,0,0,0,0,0,0,1,0,1,0,0,0,1,0,0,1,0,1,0,1,0,0,4583-PARNH
0,48,39.4,1978.65,0,0.019912566648977836,4,0,1,1,0,1,0,0,0,0,1,0,1,0,0,0,1,0,0,0,0,0,1,0,0,0,1,0,1,0,1116-FRYVH
1,30,105.7,3181.8,0,0.03322018982965617,8,1,1,0,1,0,1,1,0,0,1,0,1,0,1,0,1,0,1,0,0,0,0,1,0,0,0,0,1,0,1421-HCERK
0,3,70.25,229.7,0,0.30583369612538097,2,0,0,0,1,0,0,1,0,0,0,0,0,0,0,0,0,0,0,0,0,0,0,1,0,1,0,0,0,0,9633-XQABV
1,57,93.75,5625.55,0,0.01666503719636302,6,1,0,0,1,0,1,1,0,0,1,0,0,0,0,0,1,0,0,0,1,0,1,0,0,1,0,0,0,1,0716-BQNDX
1,68,96.55,6581.9,1,0.014669016545374437,6,0,1,0,1,0,1,1,0,0,1,0,1,0,0,0,0,0,0,0,1,1,0,1,1,0,0,0,0,1,1265-XTECC
0,23,60.0,1347.15,0,0.04453847010355194,4,0,1,0,1,0,0,0,0,0,0,0,0,0,0,0,1,0,1,0,0,1,0,0,0,0,0,1,0,0,1183-CANVH
0,65,59.8,3808.2,0,0.015702956777480175,4,0,1,0,1,0,0,0,0,0,0,0,0,0,0,0,1,0,1,0,0,0,1,1,1,0,0,0,0,1,1972-XMUWV
0,44,90.65,3974.15,0,0.0228099090371526,4,1,1,0,1,0,0,1,0,0,0,0,0,0,0,0,0,0,1,0,1,1,0,1,0,0,0,0,1,0,8679-LZBMD
0,71,109.0,7661.8,0,0.014226421989610796,8,0,1,1,1,0,1,1,0,0,1,0,1,0,1,0,0,0,1,0,1,0,1,1,0,0,0,0,0,1,3407-JMJQQ
0,37,68.1,2479.25,0,0.027467984269436318,6,0,1,0,1,0,1,0,0,0,1,0,0,0,1,0,1,0,0,0,0,1,0,0,1,0,0,0,1,0,6252-DFGTK
0,12,20.4,266.6,0,0.0765191297824456,1,0,0,0,1,0,0,0,1,1,0,1,0,1,0,1,0,1,0,1,0,0,0,0,0,0,1,0,0,0,1539-LNKHM
0,69,81.95,5601.4,0,0.014630271003677654,8,1,1,1,1,0,1,0,0,0,0,0,1,0,1,0,1,0,1,0,1,0,1,1,0,0,0,0,0,1,8645-KOMJQ
0,35,60.55,1982.6,0,0.03054070412589529,5,0,0,0,1,0,0,0,0,0,1,0,1,0,1,0,0,0,0,0,0,0,0,0,0,1,0,0,1,0,0289-IVARM
0,5,65.6,339.9,0,0.1929979405707561,5,1,0,0,1,0,0,0,0,0,0,0,1,0,0,0,1,0,0,0,1,0,0,1,0,0,0,0,0,0,9761-XUJWD
0,58,82.5,4828.05,0,0.017087644079908038,4,1,1,1,1,0,1,1,0,0,0,0,0,0,0,0,0,0,1,0,0,0,1,0,0,0,0,0,0,1,4057-FKCZK
0,72,82.3,5980.55,0,0.013761276136810158,8,1,1,0,1,0,1,0,0,0,1,0,1,0,1,0,1,0,0,0,1,0,1,1,0,0,0,0,0,1,4291-TPNFG
0,72,68.15,4808.7,0,0.014172229500696656,7,1,1,0,1,0,1,0,0,0,1,0,1,0,1,0,1,0,0,0,0,0,1,0,0,0,1,0,0,1,6087-YPWHO
0,1,20.3,20.3,0,1.0,1,0,0,0,1,0,0,0,1,1,0,1,0,1,0,1,0,1,0,1,0,0,0,0,1,0,0,0,0,0,3090-QFUVD
0,39,95.55,3692.85,1,0.02587432470855843,6,0,0,0,1,0,0,1,0,0,1,0,0,0,1,0,1,0,1,0,0,1,0,1,0,1,0,0,1,0,2237-ZFSMY
0,53,20.2,1068.15,0,0.01891120161026073,1,1,1,1,1,0,0,0,1,1,0,1,0,1,0,1,0,1,0,1,0,1,0,0,1,0,0,0,0,1,1722-LDZJS
0,27,89.2,2383.6,0,0.037422386306427254,5,0,0,0,1,0,0,1,0,0,0,0,0,0,1,0,1,0,0,0,1,0,0,1,0,1,0,0,1,0,1818-ESQMW
1,1,69.65,69.65,1,1.0,2,0,0,0,1,0,0,1,0,0,0,0,0,0,0,0,0,0,0,0,0,0,0,1,0,1,0,0,0,0,4871-JTKJF
1,1,89.3,89.3,1,1.0,4,0,0,0,1,0,0,1,0,0,0,0,0,0,0,0,0,0,1,0,1,0,0,1,0,1,0,0,0,0,1415-YFWLT
0,18,74.8,1438.05,0,0.05201488126282118,3,0,1,0,1,0,0,1,0,0,1,0,0,0,0,0,0,0,0,0,0,0,0,0,0,1,0,1,0,0,7401-RUBNK
0,46,20.2,917.45,0,0.022017548640252873,1,1,1,1,1,0,0,0,1,1,0,1,0,1,0,1,0,1,0,1,0,0,1,1,0,0,1,0,1,0,0506-YLVKJ
0,72,84.4,6096.45,0,0.013844122399101117,8,0,1,0,1,0,1,0,0,0,1,0,0,0,1,0,1,0,1,0,1,0,1,1,1,0,0,0,0,1,8661-BOYNW
0,36,87.55,3078.1,1,0.028442870601994737,5,0,0,0,1,0,0,1,0,0,0,0,0,0,1,0,1,0,0,0,1,0,0,1,0,1,0,0,1,0,6711-VTNRE
0,4,25.15,99.95,0,0.2516258129064532,1,0,1,0,0,1,0,0,0,0,0,0,0,0,0,0,0,0,0,0,0,0,0,1,0,1,0,0,0,0,4815-GBTCD
0,25,19.8,475.2,0,0.04166666666666667,1,0,0,0,1,0,0,0,1,1,0,1,0,1,0,1,0,1,0,1,0,0,1,0,1,0,0,0,1,0,2805-AUFQN
0,40,50.85,2036.55,0,0.024968697061206455,4,0,1,1,0,1,0,0,0,0,0,0,1,0,0,0,0,0,1,0,1,0,0,1,0,1,0,0,1,0,0980-PVMRC
0,63,102.4,6444.05,0,0.015890627788424982,7,1,1,0,1,0,1,1,0,0,0,0,1,0,1,0,0,0,1,0,1,0,0,1,0,1,0,0,0,1,7233-DRTRF
1,15,96.3,1426.75,1,0.06749605747327843,6,0,0,0,1,0,0,1,0,0,1,0,0,0,1,0,1,0,0,0,1,0,0,1,0,0,1,1,0,0,3500-RMZLT
0,14,55.5,767.55,0,0.07230799296462771,4,1,0,0,1,0,1,0,0,0,0,0,1,0,0,0,0,0,0,0,0,0,0,1,1,0,0,1,0,0,3873-NFTGI
1,72,109.75,7932.5,0,0.013835486920895052,8,1,1,0,1,0,1,1,0,0,0,0,1,0,1,0,1,0,1,0,1,0,1,1,0,0,0,0,0,1,1162-ECVII
0,39,106.4,4040.65,0,0.02633239701533169,7,1,0,0,1,0,1,1,0,0,1,0,1,0,0,0,0,0,1,0,1,0,0,1,0,1,0,0,1,0,7048-GXDAY
0,47,60.0,2768.65,0,0.021671211601321943,6,0,1,1,0,1,0,0,0,0,1,0,1,0,1,0,0,0,1,0,1,0,1,1,1,0,0,0,1,0,8571-ZCMCX
0,19,88.8,1672.35,0,0.05309893263969863,6,1,1,0,1,0,1,1,0,0,1,0,1,0,0,0,1,0,0,0,0,0,0,1,1,0,0,1,0,0,1169-WCVAK
0,5,85.2,474.8,1,0.17944397641112048,4,0,0,0,1,0,1,1,0,0,0,0,0,0,0,0,0,0,1,0,0,0,0,1,0,1,0,0,0,0,4548-SDBKE
0,13,35.1,446.1,1,0.07868190988567586,2,0,0,0,0,1,0,0,0,0,0,0,0,0,0,0,0,0,0,0,1,0,0,1,0,1,0,1,0,0,8066-POXGX
0,17,80.05,1345.65,0,0.059487979786720165,4,0,0,0,1,0,1,1,0,0,0,0,0,0,1,0,0,0,0,0,0,0,0,0,0,0,0,1,0,0,7129-CAKJW
1,34,75.55,2425.4,0,0.031149501113218434,3,1,1,0,1,0,1,1,0,0,0,0,0,0,0,0,0,0,0,0,0,0,0,1,0,1,0,0,1,0,8695-ARGXZ
0,42,49.55,2077.95,0,0.023845617074520563,3,0,0,0,1,0,0,0,0,0,0,0,1,0,0,0,0,0,0,0,0,0,0,1,0,1,0,0,1,0,3570-YUEKJ
0,5,81.3,416.3,1,0.19529185683401393,4,1,1,0,1,0,1,1,0,0,0,0,1,0,0,0,0,0,0,0,0,0,0,1,0,1,0,0,0,0,4143-OOBWZ
0,71,23.9,1663.5,0,0.014367297865945296,2,0,1,1,1,0,1,0,1,1,0,1,0,1,0,1,0,1,0,1,0,0,1,0,1,0,0,0,0,1,1555-HAPSU
1,19,66.4,1286.05,0,0.05163096302632091,5,1,1,0,1,0,0,0,0,0,1,0,0,0,1,0,0,0,1,0,0,0,0,0,0,0,0,1,0,0,1697-NVVGY
0,2,19.6,35.85,1,0.5467224546722455,1,0,0,1,1,0,0,0,1,1,0,1,0,1,0,1,0,1,0,1,0,0,0,1,0,1,0,0,0,0,7854-EKTJL
0,57,18.8,1094.35,0,0.017179147439119115,1,1,0,0,1,0,0,0,1,1,0,1,0,1,0,1,0,1,0,1,0,0,1,0,1,0,0,0,0,1,8464-EETCQ
0,72,108.4,7719.5,0,0.014042360256493297,8,1,1,0,1,0,1,1,0,0,0,0,1,0,1,0,1,0,1,0,1,0,1,1,0,1,0,0,0,1,2419-FSORS
0,6,85.95,514.6,0,0.16702293043140304,4,0,0,0,1,0,0,1,0,0,0,0,1,0,0,0,0,0,0,0,1,0,0,1,0,0,1,0,0,0,8132-YPVBX
0,17,85.45,1451.6,1,0.058866078809589426,4,0,1,1,1,0,1,1,0,0,0,0,0,0,0,0,0,0,0,0,1,0,0,1,0,1,0,1,0,0,9102-IAYHT
0,61,80.9,4932.5,0,0.016401419158641663,7,1,1,0,1,0,1,0,0,0,0,0,1,0,1,0,0,0,1,0,1,0,1,0,0,0,0,0,0,1,6754-LZUKA
0,1,71.0,71.0,1,1.0,2,1,1,1,1,0,0,1,0,0,0,0,0,0,0,0,0,0,0,0,0,0,0,1,0,1,0,0,0,0,3422-LYEPQ
0,48,111.8,5443.65,0,0.020537690703847603,9,1,1,1,1,0,1,1,0,0,1,0,1,0,1,0,1,0,1,0,1,0,1,0,1,0,0,0,1,0,8099-MZPUJ
0,16,20.6,330.25,0,0.062376987130961396,1,1,0,0,1,0,0,0,1,1,0,1,0,1,0,1,0,1,0,1,0,0,0,1,1,0,0,1,0,0,0787-LHDYT
1,9,85.05,746.5,1,0.11393168117883455,4,1,0,0,1,0,1,1,0,0,0,0,0,0,0,0,0,0,0,0,1,0,0,1,0,1,0,0,0,0,2642-DTVCO
0,3,44.6,122.7,0,0.3634881825590872,2,0,0,0,1,0,0,0,0,0,0,0,0,0,0,0,0,0,0,0,0,0,0,0,0,1,0,0,0,0,0374-IOEGQ
0,1,44.4,44.4,1,1.0,2,1,0,1,1,0,0,0,0,0,0,0,0,0,0,0,0,0,0,0,0,0,0,1,0,1,0,0,0,0,4361-JEIVL
0,65,105.1,6631.85,0,0.015847764952464243,7,1,0,0,1,0,1,1,0,0,0,0,1,0,1,0,0,0,1,0,1,0,1,0,1,0,0,0,0,1,3197-NNYNB
0,70,115.15,8250.0,0,0.013957575757575759,9,0,1,1,1,0,1,1,0,0,1,0,1,0,1,0,1,0,1,0,1,0,1,1,1,0,0,0,0,1,3396-DKDEL
0,60,59.8,3561.15,0,0.01679232832090757,4,1,1,0,1,0,0,0,0,0,1,0,0,0,0,0,0,0,1,0,0,1,0,1,0,0,1,0,0,1,1752-OZXFY
0,69,26.3,1763.55,0,0.014913101414760002,2,0,1,0,1,0,1,0,1,1,0,1,0,1,0,1,0,1,0,1,0,1,0,1,0,1,0,0,0,1,9066-QRSDU
1,35,70.55,2419.0,0,0.0291649441918148,2,0,0,0,1,0,0,1,0,0,0,0,0,0,0,0,0,0,0,0,0,0,0,0,0,1,0,0,1,0,9112-WSNPU
0,22,20.05,470.2,0,0.04264142917907274,1,0,0,0,1,0,0,0,1,1,0,1,0,1,0,1,0,1,0,1,0,0,0,1,0,0,1,1,0,0,9867-NNXLC
0,66,79.85,5234.95,0,0.015253249792261626,7,1,1,1,1,0,1,0,0,0,0,0,1,0,1,0,0,0,1,0,1,0,1,0,0,0,0,0,0,1,5321-NTRKC
1,1,70.3,70.3,1,1.0,2,1,1,0,1,0,0,1,0,0,0,0,0,0,0,0,0,0,0,0,0,0,0,1,0,1,0,0,0,0,1363-TXLSL
0,1,79.35,79.35,1,1.0,3,0,1,0,1,0,0,1,0,0,0,0,0,0,0,0,0,0,1,0,0,0,0,1,0,0,0,0,0,0,9507-EXLTT
0,34,90.05,3097.0,0,0.02907652567000323,5,1,1,1,1,0,1,1,0,0,0,0,0,0,1,0,0,0,0,0,1,0,0,1,1,0,0,0,1,0,3161-GETRM
0,72,24.45,1709.1,0,0.014305774969282078,2,0,1,1,1,0,1,0,1,1,0,1,0,1,0,1,0,1,0,1,0,0,1,0,0,0,0,0,0,1,0402-OAMEN
0,31,59.95,1848.8,0,0.032426438771094766,6,1,1,1,0,1,0,0,0,0,1,0,0,0,1,0,1,0,1,0,1,1,0,0,0,1,0,0,1,0,6933-VLYFX
0,30,25.35,723.3,0,0.035047698050601414,2,1,0,1,1,0,1,0,1,1,0,1,0,1,0,1,0,1,0,1,0,1,0,0,0,0,0,0,1,0,6754-WKSHP
0,9,90.8,809.75,1,0.11213337449830194,4,0,0,0,1,0,0,1,0,0,0,0,0,0,0,0,0,0,1,0,1,0,0,1,0,0,0,0,0,0,9846-GKXAS
0,20,70.45,1470.95,1,0.0478942180223665,2,1,1,1,1,0,0,1,0,0,0,0,0,0,0,0,0,0,0,0,0,0,0,1,0,1,0,1,0,0,6017-PPLPX
1,19,34.3,577.15,0,0.05942995755003032,3,1,1,0,0,1,0,0,0,0,0,0,1,0,1,0,0,0,0,0,0,0,0,1,1,0,0,1,0,0,4976-LNFVV
0,65,105.05,6914.95,0,0.015191722282879848,7,0,1,0,1,0,1,1,0,0,1,0,0,0,1,0,0,0,1,0,1,0,0,1,0,1,0,0,0,1,5055-MGMGF
0,30,19.3,602.9,0,0.032011942278984906,1,0,1,1,1,0,0,0,1,1,0,1,0,1,0,1,0,1,0,1,0,0,1,0,0,0,1,0,1,0,4641-FROLU
0,6,19.15,124.4,0,0.15393890675241156,1,1,0,0,1,0,0,0,1,1,0,1,0,1,0,1,0,1,0,1,0,1,0,0,0,0,1,0,0,0,2862-JVEOY
0,2,51.4,96.8,0,0.53099173553719,4,0,0,0,0,1,0,0,0,0,0,0,1,0,0,0,0,0,1,0,1,0,0,0,0,1,0,0,0,0,2969-QWUBZ
0,53,71.85,3827.9,0,0.01877008281303064,6,1,1,1,1,0,1,0,0,0,1,0,0,0,0,0,1,0,0,0,1,0,0,0,0,1,0,0,0,1,9822-BIIGN
1,7,75.4,533.05,0,0.14145014538973832,3,1,1,0,1,0,1,1,0,0,0,0,0,0,0,0,0,0,0,0,0,0,0,1,0,1,0,0,0,0,2077-MPJQO
0,61,49.7,2961.4,0,0.01678260282298913,3,0,1,1,1,0,0,0,0,0,1,0,0,0,0,0,0,0,0,0,0,1,0,1,0,0,0,0,0,1,1534-OULXE
1,70,45.25,3264.45,1,0.013861446798082372,3,1,0,0,0,1,0,0,0,0,0,0,0,0,0,0,0,0,1,0,1,1,0,1,0,1,0,0,0,1,7136-RVDTZ
0,13,78.75,995.35,0,0.07911789822675441,7,0,0,0,1,0,1,0,0,0,1,0,0,0,1,0,0,0,1,0,1,0,0,1,0,1,0,1,0,0,2971-SGAFL
1,35,81.6,2815.25,0,0.02898499245182488,4,1,1,0,1,0,1,1,0,0,0,0,0,0,1,0,0,0,0,0,0,1,0,1,0,0,0,0,1,0,1480-IVEVR
0,2,70.4,154.8,0,0.45478036175710596,2,0,1,0,1,0,0,1,0,0,0,0,0,0,0,0,0,0,0,0,0,0,0,1,1,0,0,0,0,0,2905-KFQUV
0,3,75.8,246.3,1,0.30775477060495326,3,0,0,0,1,0,1,1,0,0,0,0,0,0,0,0,0,0,0,0,0,0,0,1,0,1,0,0,0,0,4581-SSPWD
0,3,76.1,257.6,0,0.29541925465838503,3,0,0,0,1,0,1,1,0,0,0,0,0,0,0,0,0,0,0,0,0,0,0,0,0,1,0,0,0,0,3370-HXOPH
0,62,94.0,5757.2,0,0.01632738136594178,5,0,0,0,1,0,1,1,0,0,0,0,0,0,0,0,0,0,1,0,1,1,0,1,0,0,0,0,0,1,9391-YZEJW
0,72,103.95,7517.7,0,0.013827367412905543,8,1,1,1,1,0,1,1,0,0,1,0,1,0,1,0,1,0,0,0,1,0,1,0,1,0,0,0,0,1,9958-MEKUC
0,63,19.95,1234.8,0,0.016156462585034014,1,1,1,0,1,0,0,0,1,1,0,1,0,1,0,1,0,1,0,1,0,0,1,1,0,0,0,0,0,1,0281-CNTZX
1,20,71.3,1389.2,1,0.05132450331125828,2,1,0,0,1,0,0,1,0,0,0,0,0,0,0,0,0,0,0,0,0,0,0,0,1,0,0,1,0,0,6927-WTFIV
1,35,110.8,3836.3,0,0.028881995672914003,9,0,0,0,1,0,1,1,0,0,1,0,1,0,1,0,1,0,1,0,1,1,0,1,0,0,0,0,1,0,4118-CEVPF
1,21,69.1,1474.75,1,0.04685539922020681,2,1,1,0,1,0,0,1,0,0,0,0,0,0,0,0,0,0,0,0,0,0,0,1,0,1,0,1,0,0,3398-ZOUAA
0,62,96.1,6001.45,0,0.016012796907414042,6,1,1,0,1,0,1,1,0,0,1,0,1,0,0,0,0,0,0,0,1,1,0,0,0,1,0,0,0,1,9114-VEPUF
0,15,48.8,720.1,0,0.067768365504791,3,0,0,0,1,0,1,0,0,0,0,0,0,0,0,0,0,0,0,0,0,0,0,1,0,0,1,1,0,0,7876-BEUTG
0,55,50.55,2832.75,0,0.017844850410378605,3,0,0,0,1,0,0,0,0,0,1,0,0,0,0,0,0,0,0,0,0,0,0,1,1,0,0,0,0,1,2338-BQEZT
0,11,44.65,472.25,0,0.09454737956590789,2,0,0,0,1,0,0,0,0,0,0,0,0,0,0,0,0,0,0,0,0,0,0,1,0,0,1,0,0,0,9873-MNDKV
0,17,88.25,1460.65,1,0.06041830691815287,5,0,1,1,1,0,1,1,0,0,0,0,0,0,1,0,0,0,1,0,0,0,0,0,0,1,0,1,0,0,0378-NHQXU
0,61,19.45,1336.35,0,0.014554570284730797,1,0,0,0,1,0,0,0,1,1,0,1,0,1,0,1,0,1,0,1,0,1,0,0,0,0,0,0,0,1,8241-JUIQO
0,71,89.3,6388.65,0,0.013977913956782733,9,0,1,0,1,0,1,0,0,0,1,0,1,0,1,0,1,0,1,0,1,0,1,0,1,0,0,0,0,1,2194-IIQOF
0,2,70.0,153.05,1,0.45736687357072847,2,0,0,0,1,0,0,1,0,0,0,0,0,0,0,0,0,0,0,0,0,0,0,0,0,0,0,0,0,0,4512-ZUIYL
0,35,19.25,677.9,0,0.028396518660569407,1,1,0,0,1,0,0,0,1,1,0,1,0,1,0,1,0,1,0,1,0,0,1,0,0,0,1,0,1,0,9631-RXVJM
0,17,70.5,1165.6,0,0.06048387096774194,2,0,0,0,1,0,0,1,0,0,0,0,0,0,0,0,0,0,0,0,0,0,0,0,0,0,0,1,0,0,9584-EXCDZ
0,21,97.35,2119.5,1,0.04593064401981599,5,0,0,0,1,0,1,1,0,0,0,0,0,0,0,0,0,0,1,0,1,0,0,1,0,1,0,1,0,0,7969-AULMZ
0,47,19.65,921.55,0,0.021322771417720144,1,0,1,0,1,0,0,0,1,1,0,1,0,1,0,1,0,1,0,1,0,0,1,0,0,0,0,0,1,0,5093-FEGLU
0,3,20.85,72.0,0,0.28958333333333336,1,0,1,0,1,0,0,0,1,1,0,1,0,1,0,1,0,1,0,1,0,0,0,0,0,0,1,0,0,0,2621-UDNLU
0,3,19.65,68.35,0,0.28749085588880763,1,1,0,0,1,0,0,0,1,1,0,1,0,1,0,1,0,1,0,1,0,0,0,1,0,0,1,0,0,0,7526-IVLYU
1,44,19.35,847.25,0,0.022838595455886693,1,1,1,0,1,0,0,0,1,1,0,1,0,1,0,1,0,1,0,1,0,0,1,1,1,0,0,0,1,0,2428-HYUNX
0,1,44.0,44.0,0,1.0,2,0,0,0,1,0,0,0,0,0,0,0,0,0,0,0,0,0,0,0,0,0,0,1,0,0,1,0,0,0,9214-EKVXR
0,44,94.4,4295.35,0,0.021977254472860187,6,0,1,1,1,0,1,1,0,0,0,0,1,0,1,0,0,0,0,0,1,1,0,0,0,1,0,0,1,0,3410-MHHUM
0,5,25.9,135.0,1,0.19185185185185183,2,1,1,1,1,0,1,0,1,1,0,1,0,1,0,1,0,1,0,1,0,0,0,1,0,0,0,0,0,0,0568-ONFPC
0,24,55.65,1400.55,1,0.039734390061047446,4,1,0,0,1,0,1,0,0,0,1,0,0,0,0,0,0,0,0,0,0,0,0,1,0,0,0,1,0,0,0733-VUNUW
0,1,69.65,69.65,1,1.0,2,0,0,1,1,0,0,1,0,0,0,0,0,0,0,0,0,0,0,0,0,0,0,1,0,1,0,0,0,0,4550-EVXNY
0,18,75.4,1380.4,0,0.0546218487394958,3,0,0,0,1,0,0,1,0,0,1,0,0,0,0,0,0,0,0,0,0,0,0,1,0,1,0,1,0,0,2122-YWVYA
0,10,100.6,1060.2,1,0.09488775702697604,6,0,0,0,1,0,1,1,0,0,0,0,0,0,1,0,0,0,1,0,1,0,0,1,0,1,0,0,0,0,2968-SSGAA
0,65,71.0,4386.2,0,0.016187132369704985,6,0,1,0,1,0,0,0,0,0,1,0,1,0,1,0,0,0,0,0,1,0,1,0,0,0,0,0,0,1,2296-DKZFP
1,1,86.0,86.0,1,1.0,4,0,0,0,1,0,0,1,0,0,0,0,1,0,0,0,0,0,0,0,1,0,0,1,0,1,0,0,0,0,4844-JJWUY
0,53,106.95,5785.5,1,0.01848586984703137,7,0,0,0,1,0,1,1,0,0,1,0,0,0,1,0,0,0,1,0,1,1,0,1,1,0,0,0,0,1,6777-TGHTM
0,3,21.2,52.05,0,0.40730067243035545,1,1,0,0,1,0,0,0,1,1,0,1,0,1,0,1,0,1,0,1,0,1,0,0,0,0,1,0,0,0,8909-BOLNL
0,33,61.05,2018.4,0,0.030246730083234242,5,1,1,0,1,0,0,0,0,0,1,0,1,0,0,0,1,0,0,0,0,0,1,1,0,0,1,0,1,0,6603-YRDCJ
0,3,29.6,79.45,1,0.37256135934550033,2,1,0,0,0,1,0,0,0,0,0,0,1,0,0,0,0,0,0,0,0,0,0,1,0,1,0,0,0,0,3538-WZPHD
0,34,79.95,2727.3,0,0.02931470685293147,7,0,0,0,1,0,0,0,0,0,1,0,0,0,1,0,1,0,1,0,1,1,0,1,0,0,0,0,1,0,3229-USWAR
0,14,19.7,263.65,0,0.07472027308932297,1,0,1,1,1,0,0,0,1,1,0,1,0,1,0,1,0,1,0,1,0,0,1,1,0,0,1,1,0,0,2138-VFAPZ
0,13,20.3,275.4,0,0.07371096586782862,1,0,0,0,1,0,0,0,1,1,0,1,0,1,0,1,0,1,0,1,0,0,0,1,0,0,1,1,0,0,6131-JLWZM
1,46,59.9,2816.65,1,0.02126639802602382,6,1,1,0,0,1,0,0,0,0,0,0,1,0,1,0,1,0,1,0,1,1,0,1,0,0,0,0,1,0,4785-QRJHC
0,23,24.35,538.5,0,0.04521819870009285,2,1,1,1,1,0,1,0,1,1,0,1,0,1,0,1,0,1,0,1,0,1,0,0,0,0,1,1,0,0,0269-XFESX
0,47,19.75,948.9,0,0.020813573611550215,1,0,1,1,1,0,0,0,1,1,0,1,0,1,0,1,0,1,0,1,0,0,1,0,0,0,1,0,1,0,1709-EJDOX
0,17,50.3,846.8,0,0.059400094473311287,3,1,0,1,1,0,0,0,0,0,1,0,0,0,0,0,0,0,0,0,0,0,0,1,0,0,1,1,0,0,4316-XCSLJ
0,49,95.6,4783.5,1,0.01998536636354134,5,0,1,1,1,0,1,1,0,0,0,0,0,0,0,0,0,0,1,0,1,0,0,1,0,1,0,0,0,1,8610-WFCJF
1,59,50.25,2997.45,0,0.016764249612170344,4,1,1,0,0,1,0,0,0,0,0,0,1,0,0,0,0,0,1,0,1,0,0,1,0,1,0,0,0,1,9693-XMUOB
0,69,85.35,5897.4,0,0.014472479397700681,8,0,0,0,1,0,1,0,0,0,1,0,0,0,1,0,1,0,1,0,1,0,1,1,1,0,0,0,0,1,0383-CLDDA
0,11,41.6,470.6,1,0.08839779005524862,3,1,0,0,0,1,0,0,0,0,0,0,0,0,1,0,0,0,1,0,0,1,0,1,0,1,0,0,0,0,4905-JEFDW
0,10,51.65,524.5,0,0.0984747378455672,3,1,0,0,1,0,0,0,0,0,1,0,0,0,0,0,0,0,0,0,0,0,0,1,0,0,1,0,0,0,2709-UQGNP
0,12,24.0,269.65,0,0.08900426478768775,2,1,1,1,1,0,1,0,1,1,0,1,0,1,0,1,0,1,0,1,0,0,1,1,0,0,0,0,0,0,3549-ZTMNH
0,45,100.85,4740.0,1,0.021276371308016878,6,1,0,0,1,0,1,1,0,0,0,0,1,0,0,0,0,0,1,0,1,0,0,1,1,0,0,0,1,0,7881-INRLC
0,39,59.85,2341.5,0,0.025560538116591928,4,0,1,1,1,0,0,0,0,0,0,0,0,0,1,0,0,0,1,0,0,0,0,1,0,0,1,0,1,0,8033-ATFAS
1,71,25.45,1789.65,0,0.014220657670494229,2,1,1,0,1,0,1,0,1,1,0,1,0,1,0,1,0,1,0,1,0,0,1,0,1,0,0,0,0,1,1635-NZATJ
0,71,23.9,1626.4,0,0.0146950319724545,2,1,1,1,1,0,1,0,1,1,0,1,0,1,0,1,0,1,0,1,0,0,1,0,1,0,0,0,0,1,0562-HKHML
0,33,24.15,800.3,0,0.030176183931025866,2,0,1,1,1,0,1,0,1,1,0,1,0,1,0,1,0,1,0,1,0,1,0,0,1,0,0,0,1,0,8277-RVRSV
1,67,75.7,5060.85,0,0.01495796160723989,3,1,0,0,1,0,1,1,0,0,0,0,0,0,0,0,0,0,0,0,0,0,0,1,0,0,1,0,0,1,9943-VSZUV
0,37,40.2,1448.8,1,0.027747101049144123,4,1,1,1,0,1,0,0,0,0,1,0,1,0,1,0,0,0,0,0,0,0,0,0,0,0,0,0,1,0,0117-LFRMW
0,49,84.5,4254.85,1,0.019859689530770767,4,1,1,1,1,0,1,1,0,0,0,0,0,0,0,0,0,0,1,0,0,0,0,0,0,1,0,0,0,1,6172-FECYY
0,9,50.85,466.6,0,0.10897985426489498,3,0,1,0,1,0,0,0,0,0,0,0,1,0,0,0,0,0,0,0,0,0,0,0,0,0,1,0,0,0,7054-ENNGU
0,52,91.6,4627.8,0,0.019793422360516875,6,1,1,0,1,0,1,1,0,0,1,0,0,0,1,0,1,0,0,0,0,0,1,1,1,0,0,0,0,1,1455-HFBXA
0,70,98.9,6838.6,0,0.014462024390957213,6,0,0,0,1,0,1,1,0,0,0,0,1,0,0,0,0,0,1,0,1,1,0,0,0,1,0,0,0,1,9402-CXWPL
0,1,85.0,85.0,0,1.0,4,1,0,0,1,0,0,1,0,0,0,0,1,0,0,0,0,0,0,0,1,0,0,1,0,1,0,0,0,0,1628-BIZYP
1,14,78.95,1101.85,1,0.07165222126423743,4,0,0,0,1,0,1,1,0,0,0,0,1,0,0,0,0,0,0,0,0,0,0,1,0,1,0,1,0,0,1965-AKTSX
0,1,44.3,44.3,0,1.0,2,1,0,0,1,0,0,0,0,0,0,0,0,0,0,0,0,0,0,0,0,0,0,1,0,0,1,0,0,0,0082-LDZUE
0,1,20.2,20.2,1,1.0,1,1,0,0,1,0,0,0,1,1,0,1,0,1,0,1,0,1,0,1,0,0,0,0,0,0,1,0,0,0,4786-UKSNZ
0,52,80.2,4297.6,0,0.018661578555472822,4,0,0,0,1,0,1,1,0,0,0,0,1,0,0,0,0,0,0,0,0,1,0,1,0,0,1,0,0,1,5343-SGUBI
0,6,60.9,414.1,0,0.1470659261048056,4,1,0,0,1,0,0,0,0,0,0,0,0,0,1,0,0,0,1,0,0,0,0,0,0,0,1,0,0,0,0856-NAOES
0,7,34.2,256.6,0,0.1332813717848792,3,1,1,0,0,1,0,0,0,0,1,0,1,0,0,0,0,0,0,0,0,0,0,0,0,0,1,0,0,0,1976-AZZPJ
1,47,85.2,3969.35,1,0.021464471512968118,5,0,0,0,1,0,1,1,0,0,0,0,1,0,1,0,0,0,0,0,0,0,0,1,0,0,0,0,1,0,7248-VZQLC
0,26,87.15,2274.1,0,0.03832285299678994,5,0,0,0,1,0,0,1,0,0,1,0,0,0,1,0,1,0,0,0,0,1,0,1,1,0,0,0,1,0,6156-UZDLF
0,25,54.3,1296.8,0,0.04187230104873535,4,1,1,1,1,0,0,0,0,0,1,0,0,0,0,0,1,0,0,0,0,0,0,0,0,1,0,0,1,0,3099-OONVS
0,69,19.1,1268.85,0,0.015053000748709463,1,1,0,0,1,0,0,0,1,1,0,1,0,1,0,1,0,1,0,1,0,0,1,1,0,0,1,0,0,1,9500-WBGRP
0,72,112.75,8192.6,0,0.013762419744647609,9,0,0,0,1,0,1,1,0,0,1,0,1,0,1,0,1,0,1,0,1,0,1,1,1,0,0,0,0,1,5183-KLYEM
0,4,19.95,59.25,0,0.33670886075949363,1,1,0,0,1,0,0,0,1,1,0,1,0,1,0,1,0,1,0,1,0,0,0,1,0,0,1,0,0,0,5144-PQCDZ
0,59,19.5,1147.85,0,0.01698828244108551,1,1,1,1,1,0,0,0,1,1,0,1,0,1,0,1,0,1,0,1,0,0,1,0,0,0,1,0,0,1,8514-VZHEB
0,67,65.55,4361.55,0,0.015029060769680502,5,1,0,0,1,0,0,0,0,0,1,0,0,0,1,0,0,0,0,0,1,0,1,0,0,0,0,0,0,1,6625-IUTTT
1,26,78.8,2006.1,0,0.03928019540401775,3,0,0,0,1,0,0,1,0,0,0,0,0,0,0,0,0,0,0,0,1,0,0,1,0,1,0,0,1,0,9355-NPPFS
0,27,78.2,2078.95,0,0.0376151422593136,7,0,0,0,1,0,0,0,0,0,0,0,1,0,1,0,1,0,1,0,1,1,0,0,0,0,1,0,1,0,0068-FIGTF
0,72,105.25,7609.75,0,0.013830940569663918,7,1,1,1,1,0,1,1,0,0,1,0,0,0,1,0,0,0,1,0,1,0,1,0,0,0,0,0,0,1,5965-GGPRW
0,6,89.25,487.05,0,0.18324607329842932,5,0,0,0,1,0,0,1,0,0,0,0,0,0,1,0,1,0,0,0,1,0,0,1,0,1,0,0,0,0,8035-PWSEV
0,62,20.65,1218.45,0,0.01694776150026673,1,1,1,1,1,0,0,0,1,1,0,1,0,1,0,1,0,1,0,1,0,0,1,0,1,0,0,0,0,1,2236-HILPA
0,20,68.7,1416.2,0,0.048510097443863864,6,1,0,0,1,0,1,0,0,0,0,0,1,0,0,0,1,0,1,0,0,1,0,1,0,1,0,1,0,0,1840-BIUOG
0,6,78.65,483.3,0,0.1627353610593834,7,1,0,0,1,0,0,0,0,0,1,0,0,0,1,0,1,0,1,0,1,0,0,0,1,0,0,0,0,0,1356-MKYSK
0,51,24.75,1234.6,0,0.020046978778551758,2,1,0,0,1,0,1,0,1,1,0,1,0,1,0,1,0,1,0,1,0,0,1,0,0,0,1,0,0,1,6080-LNESI
0,61,19.75,1311.6,0,0.01505794449527295,1,0,1,1,1,0,0,0,1,1,0,1,0,1,0,1,0,1,0,1,0,0,1,0,1,0,0,0,0,1,1830-IPXVJ
1,62,89.1,5618.3,0,0.015858889699731232,6,1,1,0,1,0,1,1,0,0,1,0,1,0,1,0,0,0,0,0,0,0,0,1,0,1,0,0,0,1,5828-DWPIL
0,72,84.7,6185.15,0,0.013694089876559179,5,0,0,0,1,0,1,1,0,0,1,0,0,0,0,0,1,0,0,0,0,0,1,1,0,0,0,0,0,1,8398-TBIYD
1,13,98.0,1237.85,1,0.07916952781031628,6,1,1,0,1,0,0,1,0,0,0,0,1,0,1,0,0,0,1,0,1,0,0,1,0,1,0,1,0,0,0011-IGKFF
0,5,94.45,498.1,1,0.18962055812085926,5,1,1,0,1,0,0,1,0,0,0,0,0,0,1,0,0,0,1,0,1,0,0,1,0,1,0,0,0,0,4192-GORJT
1,3,105.0,294.45,1,0.3565970453387672,7,1,0,0,1,0,1,1,0,0,0,0,1,0,1,0,0,0,1,0,1,0,0,1,0,1,0,0,0,0,6496-SLWHQ
1,26,93.85,2381.55,1,0.03940710881568726,6,0,1,0,1,0,1,1,0,0,0,0,1,0,1,0,0,0,0,0,1,0,0,1,0,1,0,0,1,0,9912-GVSEQ
1,13,59.9,788.35,0,0.07598148030697024,4,1,0,0,1,0,0,0,0,0,0,0,1,0,0,0,0,0,1,0,0,0,0,1,0,1,0,1,0,0,2931-FSOHN
0,38,19.95,756.4,0,0.02637493389740878,1,0,1,1,1,0,0,0,1,1,0,1,0,1,0,1,0,1,0,1,0,0,1,1,0,0,1,0,1,0,9418-RUKPH
1,8,84.0,613.4,1,0.13694163677861101,4,0,1,0,1,0,1,1,0,0,0,0,0,0,0,0,0,0,0,0,1,0,0,1,0,1,0,0,0,0,5383-MMTWC
1,34,108.9,3625.2,0,0.030039721946375376,8,1,1,1,1,0,1,1,0,0,0,0,1,0,1,0,1,0,1,0,1,0,0,1,0,1,0,0,1,0,9971-ZWPBF
0,18,33.6,550.35,0,0.06105205778141183,3,1,0,0,0,1,0,0,0,0,1,0,0,0,1,0,0,0,0,0,0,0,0,0,0,0,1,1,0,0,4712-AUQZO
0,56,85.85,4793.8,0,0.017908548541866576,5,1,1,1,1,0,0,1,0,0,0,0,1,0,1,0,1,0,0,0,0,1,0,1,0,0,1,0,0,1,9711-FJTBX
0,36,34.85,1267.2,0,0.027501578282828284,3,0,0,0,0,1,0,0,0,0,0,0,1,0,0,0,1,0,0,0,0,0,0,1,0,0,0,0,1,0,2908-ZTPNF
0,9,48.75,442.2,1,0.11024423337856173,4,0,1,0,0,1,0,0,0,0,0,0,0,0,1,0,0,0,1,0,1,0,0,1,0,1,0,0,0,0,7240-ETPTR
0,1,84.85,84.85,1,1.0,4,1,0,0,1,0,0,1,0,0,0,0,0,0,1,0,0,0,1,0,0,0,0,1,0,1,0,0,0,0,2202-CUYXZ
0,12,56.65,654.85,1,0.08650836069328853,4,1,0,0,1,0,0,0,0,0,1,0,0,0,0,0,1,0,0,0,0,0,0,0,0,0,1,0,0,0,5995-OIGLP
1,57,95.3,5567.45,0,0.017117351749903458,6,0,1,1,1,0,0,1,0,0,0,0,1,0,1,0,1,0,1,0,0,0,0,1,1,0,0,0,0,1,8421-WZOOW
0,42,73.9,3160.55,1,0.02338200629637247,7,0,0,0,1,0,0,0,0,0,1,0,1,0,1,0,1,0,0,0,1,1,0,0,1,0,0,0,1,0,6261-RCVNS
0,33,24.5,740.3,1,0.033094691341348105,2,0,1,1,1,0,1,0,1,1,0,1,0,1,0,1,0,1,0,1,0,0,1,1,0,0,1,0,1,0,7951-QKZPL
0,70,84.6,5706.2,0,0.014825978759945322,5,1,1,0,1,0,0,1,0,0,1,0,1,0,0,0,1,0,0,0,0,0,1,0,0,0,0,0,0,1,1414-YADCW
0,68,44.95,3085.35,0,0.014568849563258627,4,0,0,0,0,1,0,0,0,0,0,0,1,0,0,0,1,0,0,0,1,0,0,0,0,1,0,0,0,1,8756-RDDLT
0,1,24.7,24.7,0,1.0,1,1,0,1,0,1,0,0,0,0,0,0,0,0,0,0,0,0,0,0,0,0,0,1,0,1,0,0,0,0,2862-PFNIK
0,37,100.3,3541.4,0,0.028322132489975713,6,0,0,0,1,0,1,1,0,0,0,0,0,0,0,0,1,0,1,0,1,0,0,0,1,0,0,0,1,0,5816-QVHRX
0,4,25.45,84.2,0,0.3022565320665083,2,0,0,1,1,0,1,0,1,1,0,1,0,1,0,1,0,1,0,1,0,0,0,1,0,0,1,0,0,0,4430-YHXGG
0,1,50.7,50.7,0,1.0,3,1,0,0,1,0,0,0,0,0,1,0,0,0,0,0,0,0,0,0,0,0,0,1,0,0,1,0,0,0,6888-SBYAI
0,20,55.0,1165.55,0,0.04718802282184377,6,1,0,0,0,1,0,0,0,0,1,0,1,0,1,0,1,0,1,0,0,0,0,1,1,0,0,1,0,0,7395-XWZOY
0,72,68.4,4855.35,0,0.014087552905557786,6,1,1,1,1,0,0,0,0,0,1,0,1,0,0,0,1,0,1,0,0,0,1,0,0,0,0,0,0,1,7169-YWAMK
0,31,89.9,2806.9,1,0.032028216181552605,5,0,0,0,1,0,1,1,0,0,0,0,0,0,1,0,0,0,0,0,1,0,0,1,0,1,0,0,1,0,3640-PHQXK
1,18,78.55,1422.65,1,0.05521386145573401,3,1,1,0,1,0,0,1,0,0,0,0,0,0,0,0,0,0,0,0,1,0,0,0,0,1,0,1,0,0,6877-LGWXO
0,11,55.05,608.15,0,0.09052043081476609,3,1,1,0,1,0,0,0,0,0,0,0,0,0,0,0,0,0,1,0,0,0,0,1,0,0,0,0,0,0,6859-RKMZJ
0,33,19.8,641.35,0,0.03087237857644032,1,0,1,1,1,0,0,0,1,1,0,1,0,1,0,1,0,1,0,1,0,0,1,0,1,0,0,0,1,0,2729-VNVAP
1,62,84.45,4959.15,0,0.01702912797556033,4,0,0,0,1,0,1,1,0,0,0,0,0,0,0,0,0,0,1,0,0,1,0,0,0,1,0,0,0,1,2957-JIRMN
0,1,35.9,35.9,0,1.0,3,0,0,0,0,1,0,0,0,0,0,0,0,0,1,0,1,0,0,0,0,0,0,0,0,0,1,0,0,0,2049-BAFNW
0,16,80.75,1321.3,0,0.061114054340422316,4,1,1,0,1,0,0,1,0,0,1,0,1,0,0,0,0,0,0,0,0,0,0,0,0,0,0,1,0,0,3842-QTGDL
0,22,78.65,1663.75,0,0.04727272727272728,7,1,1,1,1,0,1,0,0,0,0,0,0,0,1,0,1,0,1,0,1,1,0,1,0,0,1,1,0,0,7163-OCEQI
0,49,61.75,3024.15,0,0.02041896069970074,5,0,1,1,1,0,0,0,0,0,1,0,0,0,1,0,1,0,0,0,0,0,0,0,0,0,0,0,0,1,9782-LGXMC
0,36,63.7,2188.5,0,0.02910669408270505,5,1,1,1,1,0,0,0,0,0,1,0,0,0,1,0,0,0,0,0,1,1,0,1,1,0,0,0,1,0,5975-BAICR
0,42,99.45,4138.05,1,0.024033059049552326,7,1,1,0,1,0,1,1,0,0,0,0,1,0,1,0,1,0,0,0,1,0,0,1,0,1,0,0,1,0,8019-ENHXU
1,4,25.2,102.5,1,0.24585365853658536,1,1,0,0,0,1,0,0,0,0,0,0,0,0,0,0,0,0,0,0,0,0,0,1,0,0,0,0,0,0,5167-GBFRE
0,12,74.05,872.65,1,0.08485647166676216,6,0,0,0,1,0,1,0,0,0,0,0,0,0,0,0,1,0,1,0,1,1,0,0,0,0,1,0,0,0,9033-EOXWV
0,31,87.6,2724.25,0,0.03215563916674314,5,0,0,0,1,0,0,1,0,0,1,0,0,0,1,0,1,0,0,0,0,0,0,0,0,1,0,0,1,0,4673-KKSLS
0,5,89.15,413.25,0,0.21572897761645493,5,1,1,0,1,0,1,1,0,0,1,0,0,0,0,0,0,0,0,0,1,0,0,1,0,1,0,0,0,0,4853-OITSN
0,66,20.0,1374.2,0,0.014553922282055013,1,1,1,1,1,0,0,0,1,1,0,1,0,1,0,1,0,1,0,1,0,0,1,0,1,0,0,0,0,1,9800-OUIGR
1,15,55.0,757.1,1,0.07264562145027077,4,0,0,0,1,0,1,0,0,0,0,0,0,0,0,0,1,0,0,0,0,0,0,0,1,0,0,1,0,0,1324-NLTJE
0,64,104.4,6692.65,0,0.015599202109777145,7,1,0,0,1,0,1,1,0,0,0,0,1,0,1,0,0,0,1,0,1,0,1,1,0,0,0,0,0,1,2324-EFHVG
0,10,20.05,218.5,0,0.09176201372997712,1,1,1,1,1,0,0,0,1,1,0,1,0,1,0,1,0,1,0,1,0,0,0,1,1,0,0,0,0,0,7094-MSZAO
0,7,89.75,608.8,1,0.14742115637319317,5,1,1,1,1,0,0,1,0,0,0,0,1,0,0,0,1,0,1,0,0,0,0,1,0,1,0,0,0,0,1522-VVDMG
0,29,34.3,1004.75,0,0.034137845235133114,3,1,0,0,0,1,0,0,0,0,0,0,1,0,0,0,1,0,0,0,0,0,0,0,0,1,0,0,1,0,6907-CQGPN
0,57,20.65,1125.6,0,0.018345771144278607,1,1,0,0,1,0,0,0,1,1,0,1,0,1,0,1,0,1,0,1,0,0,1,0,0,0,0,0,0,1,0780-XNZFN
0,46,84.25,3847.6,0,0.021896766815677305,5,0,0,0,1,0,1,1,0,0,1,0,1,0,0,0,0,0,0,0,0,0,0,0,0,0,1,0,1,0,0239-OXEXL
0,53,19.65,978.0,0,0.0200920245398773,1,1,0,0,1,0,0,0,1,1,0,1,0,1,0,1,0,1,0,1,0,0,1,0,0,0,0,0,0,1,2675-IJRGJ
0,17,79.85,1387.35,0,0.05755577179514902,7,0,0,0,1,0,0,0,0,0,1,0,1,0,0,0,1,0,1,0,1,1,0,0,1,0,0,1,0,0,7049-GKVZY
0,38,20.2,746.05,0,0.027075933248441795,1,0,1,1,1,0,0,0,1,1,0,1,0,1,0,1,0,1,0,1,0,0,1,1,0,0,1,0,1,0,8577-QSOCG
0,15,19.8,304.6,0,0.06500328299409061,1,1,0,0,1,0,0,0,1,1,0,1,0,1,0,1,0,1,0,1,0,1,0,0,0,0,1,1,0,0,3721-CNZHX
0,22,50.35,1098.85,0,0.045820630659325665,4,0,0,0,0,1,0,0,0,0,0,0,1,0,0,0,0,0,1,0,1,0,0,1,0,1,0,1,0,0,0212-ISBBF
0,14,85.15,1139.2,1,0.07474543539325842,4,1,1,0,1,0,1,1,0,0,0,0,0,0,0,0,0,0,0,0,1,0,0,1,0,1,0,1,0,0,9185-TQCVP
0,57,74.6,4368.95,0,0.01707504091372069,7,0,1,0,1,0,1,0,0,0,0,0,1,0,1,0,1,0,1,0,0,1,0,0,0,0,0,0,0,1,3585-YNADK
1,11,79.15,827.7,0,0.09562643469856229,3,1,0,0,1,0,0,1,0,0,0,0,0,0,0,0,0,0,0,0,1,0,0,1,1,0,0,0,0,0,5271-DBYSJ
0,1,20.35,20.35,0,1.0,1,0,1,1,1,0,0,0,1,1,0,1,0,1,0,1,0,1,0,1,0,0,1,0,0,0,1,0,0,0,1099-GODLO
0,12,21.05,262.05,0,0.08032818164472429,1,1,1,1,1,0,0,0,1,1,0,1,0,1,0,1,0,1,0,1,0,0,1,0,0,0,0,0,0,0,6828-HMKWP
1,3,94.6,279.55,1,0.3384010016097299,5,1,1,0,1,0,1,1,0,0,0,0,0,0,0,0,0,0,1,0,1,0,0,1,0,1,0,0,0,0,5567-WSELE
0,36,94.7,3512.5,0,0.02696085409252669,5,1,0,1,1,0,0,1,0,0,0,0,1,0,0,0,0,0,1,0,1,0,0,1,0,1,0,0,1,0,1472-TNCWL
0,16,94.25,1483.25,1,0.06354289566829598,5,1,0,0,1,0,0,1,0,0,1,0,0,0,0,0,0,0,1,0,1,0,0,1,0,1,0,1,0,0,8063-RJYNF
0,65,72.45,4653.85,1,0.015567755729127495,7,1,1,1,1,0,1,0,0,0,1,0,1,0,1,0,0,0,0,0,1,1,0,0,1,0,0,0,0,1,0687-ZVTHB
0,2,74.95,151.75,0,0.4939044481054366,3,1,0,0,1,0,0,1,0,0,0,0,1,0,0,0,0,0,0,0,0,0,0,0,0,1,0,0,0,0,2080-GKCWQ
0,42,105.2,4400.75,1,0.02390501619042209,7,0,0,0,1,0,1,1,0,0,1,0,0,0,1,0,0,0,1,0,1,0,0,1,0,1,0,0,1,0,9661-ACXBS
0,72,111.95,8033.1,0,0.013936089429983443,8,1,1,1,1,0,0,1,0,0,1,0,1,0,1,0,1,0,1,0,1,0,1,0,0,0,0,0,0,1,2193-SFWQW
0,62,19.85,1253.65,0,0.01583376540501735,1,1,0,0,1,0,0,0,1,1,0,1,0,1,0,1,0,1,0,1,0,0,1,0,0,0,0,0,0,1,5656-JAMLX
0,6,89.75,552.65,0,0.16239934859314215,5,0,0,0,1,0,1,1,0,0,0,0,1,0,0,0,0,0,1,0,0,0,0,1,0,1,0,0,0,0,3462-BJQQA
0,48,20.05,1036.0,0,0.019353281853281855,1,1,1,0,1,0,0,0,1,1,0,1,0,1,0,1,0,1,0,1,0,0,1,1,0,0,1,0,1,0,0442-TDYUO
0,35,108.95,4025.5,0,0.027064960874425538,8,1,0,0,1,0,1,1,0,0,1,0,0,0,1,0,1,0,1,0,1,0,1,1,0,1,0,0,1,0,6733-LRIZX
0,52,19.65,928.4,0,0.021165445928479104,1,1,0,1,1,0,0,0,1,1,0,1,0,1,0,1,0,1,0,1,0,1,0,0,1,0,0,0,0,1,9503-XJUME
0,1,24.9,24.9,0,1.0,1,0,0,0,0,1,0,0,0,0,0,0,0,0,0,0,0,0,0,0,0,0,0,1,0,0,1,0,0,0,4367-NHWMM
0,6,82.85,460.25,1,0.18001086366105376,4,1,1,0,1,0,1,1,0,0,0,0,0,0,0,0,0,0,1,0,0,0,0,1,0,1,0,0,0,0,3727-RJMEO
0,71,93.2,6506.15,0,0.014324907971688327,9,0,1,0,1,0,1,0,0,0,1,0,1,0,1,0,1,0,1,0,1,0,1,0,1,0,0,0,0,1,3779-OSWCF
0,67,84.8,5598.3,0,0.015147455477555685,5,0,1,1,1,0,0,1,0,0,1,0,1,0,1,0,0,0,0,0,0,1,0,0,0,0,0,0,0,1,6736-DHUQI
1,60,71.75,4374.55,0,0.01640168703066601,6,1,0,0,1,0,1,0,0,0,1,0,1,0,0,0,0,0,0,0,1,1,0,1,0,1,0,0,0,1,3915-ODIYG
0,23,30.35,678.75,0,0.0447145488029466,2,1,1,1,0,1,0,0,0,0,0,0,0,0,0,0,1,0,0,0,0,0,0,1,0,0,0,1,0,0,1360-RCYRT
0,39,54.85,2191.7,0,0.025026235342428253,5,1,0,1,0,1,0,0,0,0,0,0,0,0,1,0,1,0,1,0,1,1,0,0,0,0,0,0,1,0,2724-FJDYW
0,15,19.5,239.75,0,0.08133472367049009,1,1,1,1,1,0,0,0,1,1,0,1,0,1,0,1,0,1,0,1,0,1,0,1,0,0,1,1,0,0,4451-RWASJ
1,53,103.85,5485.5,1,0.018931729104001458,7,1,1,0,1,0,1,1,0,0,0,0,1,0,1,0,0,0,1,0,1,0,0,1,0,1,0,0,0,1,6646-VRFOL
0,24,24.2,609.05,0,0.03973401198587965,2,1,1,1,1,0,1,0,1,1,0,1,0,1,0,1,0,1,0,1,0,0,1,0,0,0,1,1,0,0,3460-TJBWI
0,37,19.35,683.75,0,0.028299817184643514,1,0,1,1,1,0,0,0,1,1,0,1,0,1,0,1,0,1,0,1,0,0,0,0,0,1,0,0,1,0,5917-HBSDW
0,5,83.6,404.2,1,0.20682830282038595,4,0,1,1,1,0,0,1,0,0,0,0,1,0,0,0,0,0,0,0,1,0,0,1,0,1,0,0,0,0,5685-IIXLY
1,50,100.65,5189.75,0,0.019393997784093647,6,0,1,0,1,0,1,1,0,0,0,0,0,0,0,0,1,0,1,0,1,1,0,1,0,1,0,0,0,1,5671-UUNXD
0,54,94.1,5060.9,0,0.0185935307949179,5,0,0,0,1,0,0,1,0,0,0,0,0,0,1,0,0,0,1,0,1,1,0,1,1,0,0,0,0,1,0956-ACVZC
0,3,74.55,233.65,0,0.3190669805264284,3,0,0,0,1,0,0,1,0,0,1,0,0,0,0,0,0,0,0,0,0,0,0,1,0,1,0,0,0,0,2325-NBPZG
0,68,108.45,7176.55,1,0.015111718026071023,8,1,0,0,1,0,1,1,0,0,0,0,1,0,1,0,1,0,1,0,1,1,0,0,0,1,0,0,0,1,4250-ZBWLV
0,5,56.15,291.45,0,0.1926574026419626,4,1,0,0,1,0,0,0,0,0,0,0,0,0,1,0,1,0,0,0,0,0,0,0,0,1,0,0,0,0,4482-FTFFX
0,33,20.35,689.75,0,0.029503443276549475,1,1,0,0,1,0,0,0,1,1,0,1,0,1,0,1,0,1,0,1,0,0,1,0,0,0,1,0,1,0,8859-DZTGQ
0,41,80.55,3263.9,0,0.024679064922332176,7,0,0,0,1,0,1,0,0,0,0,0,1,0,1,0,0,0,1,0,1,1,0,1,0,1,0,0,1,0,0440-MOGPM
0,34,61.25,1993.2,0,0.03072948023279149,6,0,1,1,0,1,0,0,0,0,1,0,0,0,1,0,1,0,1,0,1,1,0,0,0,0,1,0,1,0,0020-JDNXP
0,13,20.45,254.5,0,0.08035363457760314,1,0,1,1,1,0,0,0,1,1,0,1,0,1,0,1,0,1,0,1,0,0,0,1,0,0,1,1,0,0,3752-CQSJI
0,20,18.9,347.65,0,0.0543650222925356,1,0,0,0,1,0,0,0,1,1,0,1,0,1,0,1,0,1,0,1,0,0,0,1,1,0,0,1,0,0,5025-GOOKI
1,51,19.6,967.9,0,0.02025002582911458,1,0,0,0,1,0,0,0,1,1,0,1,0,1,0,1,0,1,0,1,0,0,1,0,1,0,0,0,0,1,4698-KVLLG
0,3,91.5,242.95,1,0.3766207038485285,5,0,1,0,1,0,1,1,0,0,0,0,1,0,0,0,0,0,0,0,1,0,0,1,1,0,0,0,0,0,5095-AESKG
0,41,45.2,1841.9,0,0.024539877300613498,2,0,0,1,1,0,0,0,0,0,0,0,0,0,0,0,0,0,0,0,0,0,0,0,0,0,0,0,1,0,2887-JPYLU
0,13,19.45,232.1,0,0.08380008616975441,1,0,0,0,1,0,0,0,1,1,0,1,0,1,0,1,0,1,0,1,0,0,0,0,1,0,0,1,0,0,4770-QAZXN
0,35,25.45,809.25,0,0.031448872412727834,2,1,1,1,1,0,1,0,1,1,0,1,0,1,0,1,0,1,0,1,0,0,1,0,0,0,0,0,1,0,4896-CPRPF
0,12,80.85,866.45,1,0.09331178948583299,4,1,1,0,1,0,0,1,0,0,1,0,0,0,0,0,1,0,0,0,0,0,0,0,0,0,0,0,0,0,1871-MOWRM
0,4,94.9,360.55,0,0.2632089862709749,6,1,0,0,1,0,0,1,0,0,1,0,1,0,0,0,1,0,0,0,1,0,0,1,0,0,1,0,0,0,9714-EDSUC
0,43,49.05,2076.2,1,0.023624891628937484,4,0,0,0,0,1,0,0,0,0,0,0,0,0,1,0,0,0,1,0,1,0,0,1,0,0,0,0,1,0,2027-OAQQC
1,12,29.3,355.9,0,0.08232649620679967,2,0,1,1,0,1,0,0,0,0,0,0,0,0,0,0,1,0,0,0,0,0,0,1,0,0,1,0,0,0,0282-NVSJS
1,68,105.3,7299.65,1,0.014425349160576192,7,1,1,0,1,0,1,1,0,0,0,0,1,0,1,0,0,0,1,0,1,0,0,1,0,1,0,0,0,1,9090-SGQXL
1,25,88.95,2291.2,1,0.03882245111731844,5,1,0,0,1,0,1,1,0,0,0,0,1,0,0,0,0,0,1,0,0,0,0,1,0,1,0,0,1,0,6595-YGXIT
0,7,20.25,129.15,0,0.156794425087108,1,0,0,0,1,0,0,0,1,1,0,1,0,1,0,1,0,1,0,1,0,1,0,0,0,0,1,0,0,0,7353-YOWFP
1,66,110.85,7491.75,1,0.014796275903493843,8,1,1,0,1,0,1,1,0,0,0,0,1,0,1,0,1,0,1,0,1,1,0,1,0,1,0,0,0,1,9835-ZIITK
0,53,110.5,5835.5,0,0.018935823836860596,8,0,1,0,1,0,0,1,0,0,1,0,1,0,1,0,1,0,1,0,1,1,0,0,0,1,0,0,0,1,8008-ESFLK
1,63,109.4,7031.45,0,0.015558668553427815,8,1,0,0,1,0,1,1,0,0,1,0,1,0,1,0,0,0,1,0,1,0,0,1,0,0,0,0,0,1,7537-CBQUZ
0,70,114.2,7723.9,1,0.014785276867903522,9,0,1,1,1,0,1,1,0,0,1,0,1,0,1,0,1,0,1,0,1,0,1,1,0,0,0,0,0,1,1555-DJEQW
1,27,36.5,1032.0,1,0.035368217054263566,2,1,1,0,0,1,0,0,0,0,0,0,0,0,0,0,0,0,0,0,1,0,0,0,0,0,0,0,1,0,5649-TJHOV
0,1,70.75,70.75,1,1.0,2,0,0,0,1,0,0,1,0,0,0,0,0,0,0,0,0,0,0,0,0,0,0,0,0,0,1,0,0,0,0519-XUZJU
0,5,19.95,109.6,0,0.18202554744525548,1,0,0,0,1,0,0,0,1,1,0,1,0,1,0,1,0,1,0,1,0,0,0,0,0,0,1,0,0,0,3363-EWLGO
1,37,19.6,727.8,0,0.02693047540533114,1,0,1,0,1,0,0,0,1,1,0,1,0,1,0,1,0,1,0,1,0,1,0,0,0,0,1,0,1,0,4750-UKWJK
0,3,40.15,130.75,1,0.30707456978967496,3,1,0,0,0,1,0,0,0,0,0,0,0,0,1,0,0,0,1,0,0,0,0,1,0,0,1,0,0,0,6338-AVWCY
0,12,76.6,893.0,0,0.08577827547592384,3,0,0,1,1,0,1,1,0,0,0,0,0,0,0,0,0,0,0,0,0,0,0,1,0,1,0,0,0,0,1689-YQBYY
0,38,19.6,763.1,0,0.02568470711571223,1,0,1,1,1,0,0,0,1,1,0,1,0,1,0,1,0,1,0,1,0,1,0,0,1,0,0,0,1,0,4487-ZYJZK
0,9,85.3,781.4,0,0.10916304069618633,4,0,0,0,1,0,0,1,0,0,0,0,0,0,1,0,0,0,0,0,1,0,0,1,1,0,0,0,0,0,2959-FENLU
0,13,65.85,902.25,0,0.07298420615128844,5,1,1,0,1,0,1,0,0,0,1,0,0,0,0,0,0,0,0,0,1,0,0,1,0,1,0,1,0,0,0708-LGSMF
1,29,94.45,2653.65,1,0.03559248582141578,5,1,1,0,1,0,1,1,0,0,0,0,0,0,0,0,0,0,1,0,1,0,0,1,0,1,0,0,1,0,9253-QXKBE
0,47,20.05,1016.7,0,0.01972066489623291,1,0,1,1,1,0,0,0,1,1,0,1,0,1,0,1,0,1,0,1,0,0,1,0,1,0,0,0,1,0,7634-HLQJR
0,61,99.4,5943.65,0,0.01672373036770335,7,1,1,0,1,0,1,1,0,0,1,0,0,0,1,0,1,0,1,0,0,0,0,0,0,0,0,0,0,1,0487-RPVUM
0,16,20.0,275.7,0,0.07254261878853827,1,1,0,0,1,0,0,0,1,1,0,1,0,1,0,1,0,1,0,1,0,0,0,0,0,0,1,1,0,0,4079-ULGFR
0,41,78.45,3126.45,0,0.025092357146284126,7,0,1,1,1,0,0,0,0,0,1,0,1,0,0,0,1,0,1,0,1,0,1,0,0,1,0,0,1,0,2516-XSJKX
0,43,25.1,1070.15,0,0.023454655889361305,2,0,0,1,1,0,1,0,1,1,0,1,0,1,0,1,0,1,0,1,0,0,1,1,0,1,0,0,1,0,0057-QBUQH
0,36,97.35,3457.9,1,0.02815292518580641,6,0,1,1,1,0,1,1,0,0,0,0,1,0,1,0,0,0,1,0,0,0,0,1,0,0,0,0,1,0,9445-SZLCH
0,6,55.0,340.4,0,0.16157461809635723,3,0,0,0,1,0,0,0,0,0,0,0,0,0,0,0,0,0,0,0,1,0,0,1,0,1,0,0,0,0,6599-SFQVE
0,58,71.1,4299.2,0,0.01653796055080015,7,0,0,0,1,0,1,0,0,0,1,0,1,0,1,0,1,0,0,0,0,1,0,1,1,0,0,0,0,1,8331-ZXFOE
0,19,61.55,1093.2,0,0.05630259787778997,4,1,0,0,1,0,0,0,0,0,0,0,0,0,0,0,1,0,1,0,0,0,0,1,1,0,0,1,0,0,4003-FUSHP
0,11,45.9,521.9,0,0.08794788273615635,2,1,1,0,1,0,0,0,0,0,0,0,0,0,0,0,0,0,0,0,0,0,0,1,0,0,0,0,0,0,0356-ERHVT
0,39,40.3,1630.4,0,0.024717860647693813,4,0,0,0,0,1,0,0,0,0,1,0,1,0,0,0,1,0,0,0,0,1,0,1,0,0,0,0,1,0,7325-ENZFI
1,8,87.1,713.6,0,0.12205717488789236,4,0,0,0,1,0,0,1,0,0,0,0,1,0,0,0,0,0,1,0,0,0,0,1,0,1,0,0,0,0,4884-ZTHVF
0,26,49.5,1265.65,0,0.039110338561213605,3,0,0,1,1,0,1,0,0,0,0,0,0,0,0,0,0,0,0,0,0,0,0,1,0,0,1,0,1,0,3920-HIHMQ
1,53,73.8,4003.85,0,0.018432258950759894,3,0,0,0,1,0,0,1,0,0,0,0,1,0,0,0,0,0,0,0,0,0,0,1,1,0,0,0,0,1,3055-OYMSE
0,70,19.2,1401.4,0,0.013700585129156556,1,0,1,1,1,0,0,0,1,1,0,1,0,1,0,1,0,1,0,1,0,0,1,1,0,0,1,0,0,1,0613-WUXUM
0,1,45.3,45.3,1,1.0,3,1,0,0,0,1,0,0,0,0,0,0,0,0,0,0,0,0,1,0,1,0,0,1,0,0,1,0,0,0,7568-PODML
0,59,25.0,1510.5,0,0.0165508109897385,2,1,0,0,1,0,1,0,1,1,0,1,0,1,0,1,0,1,0,1,0,0,1,0,0,0,1,0,0,1,4458-KVRBJ
0,2,94.95,178.1,1,0.5331274564851207,5,1,0,0,1,0,0,1,0,0,0,0,0,0,1,0,0,0,1,0,1,0,0,0,0,1,0,0,0,0,5349-IECLD
0,7,35.3,264.8,0,0.13330815709969787,3,1,0,0,0,1,0,0,0,0,1,0,0,0,1,0,0,0,0,0,0,1,0,0,0,0,1,0,0,0,1397-XKKWR
0,12,44.55,480.6,1,0.09269662921348314,2,0,0,1,1,0,0,0,0,0,0,0,0,0,0,0,0,0,0,0,0,0,0,1,0,1,0,0,0,0,3945-GFWQL
0,59,76.75,4541.9,0,0.016898214403663667,7,1,1,1,1,0,0,0,0,0,0,0,1,0,1,0,1,0,1,0,1,1,0,0,1,0,0,0,0,1,8097-OMULG
0,61,81.0,4976.15,0,0.01627764436361444,7,1,1,1,1,0,1,0,0,0,0,0,0,0,1,0,1,0,1,0,1,0,1,1,0,0,0,0,0,1,6013-BHCAW
0,72,105.55,7542.25,0,0.013994497663164174,7,1,1,1,1,0,1,1,0,0,1,0,0,0,1,0,0,0,1,0,1,0,1,1,0,0,0,0,0,1,0401-WDBXM
0,13,18.8,251.25,0,0.07482587064676617,1,0,1,1,1,0,0,0,1,1,0,1,0,1,0,1,0,1,0,1,0,0,0,0,0,0,1,1,0,0,3387-PLKUI
0,64,24.9,1595.5,0,0.015606392980256971,2,0,1,1,1,0,1,0,1,1,0,1,0,1,0,1,0,1,0,1,0,1,0,0,0,0,1,0,0,1,6096-EGVTU
0,1,23.45,23.45,1,1.0,1,1,1,0,0,1,0,0,0,0,0,0,0,0,0,0,0,0,0,0,0,0,0,1,0,1,0,0,0,0,3797-VTIDR
0,10,64.9,685.55,0,0.09466851433155862,5,0,0,0,1,0,0,0,0,0,0,0,1,0,0,0,1,0,0,0,1,1,0,0,0,0,1,0,0,0,5081-NWSUP
0,65,61.35,3874.1,0,0.015835936088381818,5,0,1,1,1,0,0,0,0,0,1,0,1,0,1,0,0,0,0,0,0,1,0,0,0,0,0,0,0,1,2580-ATZSQ
0,62,113.95,6891.4,0,0.016535101720985577,9,0,1,0,1,0,1,1,0,0,1,0,1,0,1,0,1,0,1,0,1,0,1,0,0,0,1,0,0,1,8085-MSNLK
0,55,90.15,4916.95,0,0.01833453665381995,9,0,1,0,1,0,1,0,0,0,1,0,1,0,1,0,1,0,1,0,1,1,0,1,0,1,0,0,0,1,9691-HKOVS
0,25,54.1,1373.0,0,0.039402767662053896,4,0,1,0,1,0,1,0,0,0,0,0,1,0,0,0,0,0,0,0,0,0,0,0,0,1,0,0,1,0,9881-VCZEP
0,1,29.7,29.7,1,1.0,2,1,0,0,0,1,0,0,0,0,1,0,0,0,0,0,0,0,0,0,0,0,0,0,0,0,1,0,0,0,9526-BIHHD
0,1,49.8,49.8,0,1.0,3,1,0,0,1,0,0,0,0,0,1,0,0,0,0,0,0,0,0,0,0,0,0,1,1,0,0,0,0,0,8757-TFHHJ
0,59,101.1,6039.9,1,0.01673868772661799,6,0,1,0,1,0,1,1,0,0,0,0,1,0,0,0,0,0,1,0,1,0,0,0,0,1,0,0,0,1,4523-WXCEF
1,64,24.4,1548.65,0,0.015755658153875956,2,1,1,1,1,0,1,0,1,1,0,1,0,1,0,1,0,1,0,1,0,0,1,1,0,0,0,0,0,1,1468-DEFNC
0,36,95.0,3440.25,0,0.027614272218588764,5,1,1,0,1,0,1,1,0,0,0,0,0,0,0,0,0,0,1,0,1,0,0,1,0,0,0,0,1,0,5119-KEPFY
0,3,50.65,151.3,1,0.33476536682088565,3,0,0,0,1,0,1,0,0,0,0,0,0,0,0,0,0,0,0,0,0,0,0,1,0,0,1,0,0,0,8364-TRMMK
0,61,69.9,4226.7,0,0.01653772446589538,6,1,1,0,1,0,1,0,0,0,1,0,0,0,1,0,0,0,0,0,1,0,1,1,0,0,1,0,0,1,0916-KNFAJ
0,26,39.95,1023.75,0,0.03902319902319903,3,1,0,1,0,1,0,0,0,0,0,0,1,0,0,0,0,0,1,0,0,1,0,1,0,0,0,0,1,0,8319-QBEHW
0,1,55.4,55.4,1,1.0,3,0,0,0,1,0,0,0,0,0,0,0,0,0,0,0,0,0,0,0,1,0,0,1,0,1,0,0,0,0,3063-QFSZL
1,1,90.6,90.6,1,1.0,5,0,1,0,1,0,1,1,0,0,0,0,1,0,0,0,0,0,1,0,0,0,0,1,0,1,0,0,0,0,8775-LHDJH
0,68,103.25,7074.4,0,0.014594877304082326,7,1,1,1,1,0,0,1,0,0,1,0,1,0,1,0,0,0,1,0,1,0,1,1,1,0,0,0,0,1,9625-QNLUX
1,2,86.85,156.35,1,0.5554844899264471,4,1,1,0,1,0,1,1,0,0,0,0,0,0,0,0,0,0,1,0,0,0,0,1,0,0,1,0,0,0,3097-NQYSN
0,72,94.25,6849.75,0,0.013759626263732254,7,0,1,0,1,0,1,1,0,0,1,0,1,0,1,0,1,0,0,0,0,0,1,1,0,0,0,0,0,1,4024-CSNBY
0,71,47.05,3263.6,0,0.014416595170976834,4,0,1,0,0,1,0,0,0,0,0,0,0,0,1,0,1,0,0,0,1,0,1,1,0,1,0,0,0,1,7110-BDTWG
0,57,20.55,1252.85,0,0.016402602067286588,1,1,0,0,1,0,0,0,1,1,0,1,0,1,0,1,0,1,0,1,0,0,1,0,1,0,0,0,0,1,7493-GVFIO
0,4,19.65,67.55,0,0.2908956328645448,1,1,0,0,1,0,0,0,1,1,0,1,0,1,0,1,0,1,0,1,0,0,0,1,0,0,1,0,0,0,0690-SRQID
1,1,70.2,70.2,0,1.0,2,0,0,0,1,0,0,1,0,0,0,0,0,0,0,0,0,0,0,0,0,0,0,1,0,1,0,0,0,0,9605-WGJVW
0,72,81.0,5750.0,0,0.01408695652173913,8,1,1,1,1,0,1,0,0,0,1,0,1,0,1,0,1,0,0,0,1,0,1,0,1,0,0,0,0,1,9114-DPSIA
0,21,75.9,1549.75,0,0.04897564123245685,6,1,1,1,1,0,1,0,0,0,1,0,0,0,0,0,0,0,1,0,1,1,0,1,0,0,0,1,0,0,4700-UBQMV
0,71,24.7,1810.55,0,0.013642263400624119,2,0,1,1,1,0,1,0,1,1,0,1,0,1,0,1,0,1,0,1,0,0,1,0,0,0,0,0,0,1,7711-GQBZC
1,29,99.05,2952.85,1,0.03354386440218772,6,0,1,0,1,0,1,1,0,0,0,0,0,0,1,0,0,0,1,0,1,0,0,1,0,0,0,0,1,0,3565-UNOCC
1,69,110.25,7467.55,0,0.014763878380459455,8,0,0,0,1,0,1,1,0,0,1,0,0,0,1,0,1,0,1,0,1,0,1,0,1,0,0,0,0,1,4627-MIHJH
0,64,85.0,5484.4,0,0.015498504850120342,8,0,1,0,1,0,1,0,0,0,1,0,0,0,1,0,1,0,1,0,1,0,1,1,1,0,0,0,0,1,9795-NREXC
0,16,19.75,294.9,0,0.0669718548660563,1,1,0,0,1,0,0,0,1,1,0,1,0,1,0,1,0,1,0,1,0,0,0,0,1,0,0,1,0,0,8573-CGOCC
0,4,23.9,97.5,0,0.2451282051282051,2,0,0,0,1,0,1,0,1,1,0,1,0,1,0,1,0,1,0,1,0,1,0,0,0,1,0,0,0,0,7356-AYNJP
0,52,111.25,5916.45,1,0.018803505480482385,8,0,0,0,1,0,1,1,0,0,1,0,1,0,0,0,1,0,1,0,1,1,0,1,1,0,0,0,0,1,9249-FXSCK
0,2,55.1,113.35,1,0.48610498456109397,4,1,0,0,1,0,0,0,0,0,1,0,0,0,1,0,0,0,0,0,0,0,0,1,0,0,1,0,0,0,5493-SDRDQ
0,1,19.95,19.95,0,1.0,1,1,0,0,1,0,0,0,1,1,0,1,0,1,0,1,0,1,0,1,0,0,0,0,0,0,1,0,0,0,6286-SUUWT
0,18,25.15,476.8,0,0.05274748322147651,1,1,0,0,0,1,0,0,0,0,0,0,0,0,0,0,0,0,0,0,0,0,0,0,0,0,1,1,0,0,4819-HJPIW
0,2,54.15,101.65,0,0.5327102803738317,4,0,0,0,1,0,1,0,0,0,0,0,1,0,0,0,0,0,0,0,0,0,0,0,0,0,1,0,0,0,8654-DHAOW
0,19,59.8,1130.85,0,0.05288057655745678,4,0,1,0,1,0,0,0,0,0,0,0,1,0,0,0,0,0,0,0,1,0,0,1,0,0,1,1,0,0,5438-QMDDL
0,40,83.85,3532.25,0,0.02373841036166749,4,0,0,0,1,0,1,1,0,0,0,0,0,0,0,0,0,0,0,0,1,0,0,0,0,0,0,0,1,0,9812-GHVRI
1,66,104.9,6891.45,0,0.01522176029717984,7,0,1,1,1,0,1,1,0,0,0,0,1,0,1,0,0,0,1,0,1,1,0,1,0,1,0,0,0,1,5553-AOINX
0,21,75.3,1570.7,0,0.04794040873495893,3,1,0,0,1,0,1,1,0,0,0,0,0,0,0,0,0,0,0,0,0,0,0,0,0,0,1,1,0,0,1228-ZLNBX
0,8,66.65,520.95,0,0.1279393415874844,5,1,0,0,1,0,0,0,0,0,0,0,1,0,0,0,1,0,1,0,0,0,0,1,0,1,0,0,0,0,4226-KKDON
0,72,109.5,7854.9,0,0.013940342970629798,8,0,1,1,1,0,0,1,0,0,1,0,1,0,1,0,1,0,1,0,1,0,1,1,1,0,0,0,0,1,3831-YCPUO
0,48,73.85,3581.4,0,0.020620427765678226,7,0,0,0,1,0,1,0,0,0,0,0,1,0,1,0,1,0,1,0,0,1,0,1,0,0,0,0,1,0,7445-WMRBW
0,69,19.3,1447.9,0,0.013329649837695972,1,1,0,0,1,0,0,0,1,1,0,1,0,1,0,1,0,1,0,1,0,0,1,1,0,0,0,0,0,1,3308-DGHKL
0,72,118.2,8547.15,0,0.013829171127217845,9,1,0,0,1,0,1,1,0,0,1,0,1,0,1,0,1,0,1,0,1,0,1,1,0,1,0,0,0,1,9924-JPRMC
0,14,51.45,727.85,0,0.070687641684413,3,0,0,0,1,0,0,0,0,0,0,0,1,0,0,0,0,0,0,0,0,1,0,0,1,0,0,1,0,0,0080-EMYVY
0,6,59.45,357.6,0,0.16624720357941833,4,1,0,0,1,0,0,0,0,0,0,0,1,0,0,0,0,0,1,0,0,0,0,0,0,1,0,0,0,0,6218-KNUBD
0,8,19.5,159.35,0,0.12237213680577345,1,0,1,1,1,0,0,0,1,1,0,1,0,1,0,1,0,1,0,1,0,0,1,0,0,0,0,0,0,0,7337-CINUD
0,17,19.55,280.85,0,0.06961011215951575,1,0,0,0,1,0,0,0,1,1,0,1,0,1,0,1,0,1,0,1,0,1,0,0,0,0,1,1,0,0,7609-NRNCA
0,65,93.55,6069.25,0,0.015413766116076946,6,1,0,0,1,0,1,1,0,0,1,0,0,0,0,0,1,0,0,0,1,1,0,0,0,1,0,0,0,1,0623-EJQEG
0,57,59.3,3274.35,0,0.018110464672377723,5,0,1,1,1,0,0,0,0,0,1,0,0,0,1,0,1,0,0,0,0,1,0,1,0,0,1,0,0,1,7153-CHRBV
0,13,102.25,1359.0,1,0.07523914643119942,6,1,1,0,1,0,1,1,0,0,0,0,0,0,1,0,0,0,1,0,1,0,0,1,1,0,0,1,0,0,0871-URUWO
1,19,95.9,1777.9,1,0.05394004162213848,5,1,0,0,1,0,0,1,0,0,0,0,0,0,1,0,0,0,1,0,1,0,0,1,1,0,0,1,0,0,9190-MFJLN
0,56,109.8,6109.65,0,0.017971569566178097,8,0,1,0,1,0,1,1,0,0,1,0,1,0,1,0,0,0,1,0,1,1,0,0,0,0,0,0,0,1,6198-PNNSZ
0,14,78.1,1122.4,0,0.06958303635067711,3,0,1,0,1,0,0,1,0,0,0,0,0,0,0,0,0,0,0,0,1,0,0,1,0,1,0,1,0,0,3317-VLGQT
0,52,39.9,2020.9,0,0.019743678559057842,3,1,1,0,0,1,0,0,0,0,1,0,0,0,0,0,0,0,0,0,1,0,0,1,0,1,0,0,0,1,4132-POCZS
0,58,64.9,3795.45,0,0.017099421675954105,6,0,0,0,1,0,0,0,0,0,1,0,1,0,1,0,1,0,0,0,0,0,1,1,1,0,0,0,0,1,5614-DNZCE
1,47,95.05,4504.55,1,0.0211008868810425,6,0,0,0,1,0,1,1,0,0,0,0,1,0,0,0,1,0,1,0,0,0,0,1,0,1,0,0,1,0,1095-JUDTC
0,67,53.4,3579.15,0,0.014919743514521603,5,0,0,0,0,1,0,0,0,0,0,0,0,0,1,0,1,0,1,0,1,0,0,1,1,0,0,0,0,1,3896-RCYYE
0,2,24.9,49.7,0,0.5010060362173038,1,1,0,0,0,1,0,0,0,0,0,0,0,0,0,0,0,0,0,0,0,0,0,1,1,0,0,0,0,0,9638-JIQYA
1,6,44.7,276.5,0,0.16166365280289333,2,1,0,0,1,0,0,0,0,0,0,0,0,0,0,0,0,0,0,0,0,0,0,0,1,0,0,0,0,0,3258-SANFR
0,71,114.0,8175.9,0,0.013943419073129565,9,1,1,1,1,0,1,1,0,0,1,0,1,0,1,0,1,0,1,0,1,0,1,1,0,0,0,0,0,1,3726-TBHQT
0,46,20.25,890.35,0,0.022743864772280565,1,0,1,1,1,0,0,0,1,1,0,1,0,1,0,1,0,1,0,1,0,0,1,0,0,0,0,0,1,0,3190-ITQXP
0,5,53.85,259.8,1,0.20727482678983833,4,0,0,0,1,0,0,0,0,0,1,0,0,0,0,0,1,0,0,0,0,0,0,0,1,0,0,0,0,0,0870-VEMYL
1,67,83.85,5588.8,0,0.015003220727168622,5,1,1,0,1,0,1,1,0,0,1,0,1,0,0,0,0,0,0,0,0,0,0,0,0,0,0,0,0,1,4833-QTJNO
0,3,20.2,50.6,0,0.3992094861660079,1,1,0,1,1,0,0,0,1,1,0,1,0,1,0,1,0,1,0,1,0,0,0,0,0,0,0,0,0,0,3039-MJSLN
0,3,19.95,58.0,0,0.3439655172413793,1,0,0,0,1,0,0,0,1,1,0,1,0,1,0,1,0,1,0,1,0,0,0,0,0,0,1,0,0,0,0178-CIIKR
1,52,104.2,5568.35,1,0.018712904181669616,7,1,1,0,1,0,1,1,0,0,1,0,0,0,1,0,0,0,1,0,1,0,0,1,0,1,0,0,0,1,5385-SUIRI
0,42,50.25,2203.65,1,0.022803076713634195,3,0,1,0,1,0,1,0,0,0,0,0,0,0,0,0,0,0,0,0,0,0,0,1,0,1,0,0,1,0,3982-XWFZQ
0,50,20.35,938.95,0,0.021673145534906013,1,1,1,1,1,0,0,0,1,1,0,1,0,1,0,1,0,1,0,1,0,1,0,1,0,0,1,0,0,1,5774-QPLTF
1,23,90.0,2024.1,0,0.0444642063139173,5,1,1,0,1,0,0,1,0,0,1,0,1,0,0,0,0,0,0,0,1,0,0,1,0,1,0,1,0,0,2322-VCZHZ
0,67,54.2,3623.95,0,0.014956056236978989,6,0,1,1,0,1,0,0,0,0,1,0,1,0,1,0,1,0,1,0,0,0,1,0,1,0,0,0,0,1,5010-IPEAQ
0,25,99.5,2369.05,1,0.041999957788987144,6,0,0,0,1,0,0,1,0,0,0,0,1,0,1,0,0,0,1,0,1,0,0,1,0,1,0,0,1,0,4009-ALQFH
1,39,99.1,3877.95,0,0.025554738972910943,6,0,1,0,1,0,0,1,0,0,1,0,1,0,0,0,0,0,1,0,1,1,0,0,0,0,1,0,1,0,6383-ZTSIW
0,69,66.9,4577.9,0,0.014613687498634748,6,0,0,0,1,0,1,0,0,0,1,0,1,0,0,0,1,0,0,0,0,0,1,1,0,0,1,0,0,1,8990-YOZLV
0,1,25.85,25.85,0,1.0,1,0,0,0,0,1,0,0,0,0,0,0,0,0,0,0,0,0,0,0,0,1,0,0,0,0,1,0,0,0,3069-SSVSN
0,32,91.05,2871.5,0,0.03170816646352081,4,1,0,0,1,0,0,1,0,0,0,0,0,0,0,0,0,0,1,0,1,0,0,0,0,1,0,0,1,0,5222-IMUKT
0,9,71.0,672.55,1,0.10556835922979704,2,0,0,0,1,0,0,1,0,0,0,0,0,0,0,0,0,0,0,0,0,0,0,0,0,1,0,0,0,0,3627-FCRDW
0,16,93.2,1573.7,1,0.05922348605197941,5,0,0,0,1,0,0,1,0,0,0,0,1,0,1,0,0,0,0,0,1,0,0,1,1,0,0,1,0,0,7562-GSUHK
0,60,20.95,1270.55,0,0.016488922120341584,1,1,1,1,1,0,0,0,1,1,0,1,0,1,0,1,0,1,0,1,0,0,1,1,0,0,0,0,0,1,6685-XSHHU
0,72,109.2,7711.45,0,0.014160760946384921,8,0,1,1,1,0,1,1,0,0,0,0,1,0,1,0,1,0,1,0,1,0,1,1,0,0,0,0,0,1,8901-UPRHR
0,5,19.35,126.05,1,0.15351051170170568,1,1,1,0,1,0,0,0,1,1,0,1,0,1,0,1,0,1,0,1,0,0,0,0,0,0,1,0,0,0,4903-UYAVB
1,26,85.8,2193.65,0,0.039112894035055724,4,0,0,0,1,0,0,1,0,0,1,0,0,0,0,0,0,0,1,0,0,0,0,1,1,0,0,0,1,0,0118-JPNOY
0,3,19.85,64.55,1,0.30751355538342373,1,1,0,0,1,0,0,0,1,1,0,1,0,1,0,1,0,1,0,1,0,0,0,0,0,0,1,0,0,0,6776-TLWOI
0,2,19.65,31.2,0,0.6298076923076923,1,1,0,0,1,0,0,0,1,1,0,1,0,1,0,1,0,1,0,1,0,0,0,1,0,1,0,0,0,0,3845-FXCYS
0,2,20.5,38.25,0,0.5359477124183006,1,0,0,1,1,0,0,0,1,1,0,1,0,1,0,1,0,1,0,1,0,1,0,0,0,0,0,0,0,0,5857-XRECV
0,36,89.65,3348.1,0,0.026776380633792302,8,0,0,0,1,0,1,0,0,0,1,0,0,0,1,0,1,0,1,0,1,1,0,1,1,0,0,0,1,0,0725-CXOTM
0,7,74.35,533.6,0,0.13933658170914542,3,1,0,0,1,0,0,1,0,0,1,0,0,0,0,0,0,0,0,0,0,0,0,0,0,0,1,0,0,0,4343-EJVQB
1,60,49.45,2907.55,0,0.017007446131622844,4,0,1,0,0,1,0,0,0,0,0,0,1,0,0,0,0,0,1,0,1,0,1,1,1,0,0,0,0,1,9000-PLFUZ
0,19,89.1,1620.8,0,0.05497285291214215,5,0,1,0,1,0,1,1,0,0,0,0,1,0,0,0,0,0,0,0,1,0,0,1,0,1,0,1,0,0,3427-GGZZI
1,45,75.15,3480.35,0,0.02159265591104343,7,1,1,0,1,0,1,0,0,0,1,0,0,0,1,0,1,0,0,0,1,0,1,0,1,0,0,0,1,0,7779-ORAEL
1,4,70.65,293.85,0,0.24042879019908117,2,1,0,0,1,0,0,1,0,0,0,0,0,0,0,0,0,0,0,0,0,0,0,1,0,1,0,0,0,0,0644-OQMDK
0,31,104.2,3243.45,1,0.03212628528264657,7,0,1,1,1,0,1,1,0,0,0,0,0,0,1,0,1,0,1,0,1,0,0,1,0,1,0,0,1,0,4077-CROMM
0,47,90.05,4137.2,0,0.021765928647394375,5,1,1,1,1,0,0,1,0,0,1,0,0,0,1,0,0,0,0,0,1,0,0,0,0,1,0,0,1,0,3154-CFSZG
0,1,79.25,79.25,1,1.0,3,1,0,0,1,0,0,1,0,0,0,0,0,0,0,0,0,0,0,0,1,0,0,1,0,1,0,0,0,0,2868-MZAGQ
0,1,44.9,44.9,1,1.0,2,0,0,0,1,0,0,0,0,0,0,0,0,0,0,0,0,0,0,0,0,0,0,1,0,0,0,0,0,0,4847-QNOKA
0,1,19.4,19.4,0,1.0,1,0,0,0,1,0,0,0,1,1,0,1,0,1,0,1,0,1,0,1,0,0,0,0,1,0,0,0,0,0,2220-IAHLS
1,59,88.75,5348.65,0,0.01659297205836987,5,0,1,1,1,0,1,1,0,0,0,0,0,0,1,0,0,0,0,0,1,0,0,1,1,0,0,0,0,1,1658-XUHBX
0,10,70.1,659.65,1,0.10626847570681422,2,1,1,0,1,0,0,1,0,0,0,0,0,0,0,0,0,0,0,0,0,0,0,1,0,1,0,0,0,0,6379-RXJRQ
1,35,91.0,3180.5,0,0.028611853482156894,5,1,0,0,1,0,1,1,0,0,1,0,0,0,0,0,0,0,0,0,1,0,0,0,1,0,0,0,1,0,2378-HTWFW
0,4,29.65,118.5,1,0.250210970464135,2,1,0,0,0,1,0,0,0,0,0,0,0,0,1,0,0,0,0,0,0,0,0,1,0,1,0,0,0,0,8650-RHRKE
0,32,90.8,3023.85,0,0.03002794450782942,5,1,1,1,1,0,0,1,0,0,1,0,1,0,0,0,0,0,0,0,1,1,0,1,0,1,0,0,1,0,4377-VDHYI
0,43,77.85,3365.85,1,0.023129372966709746,4,1,0,0,1,0,1,1,0,0,0,0,1,0,0,0,0,0,0,0,0,0,0,1,0,1,0,0,1,0,0475-RIJEP
0,4,54.3,195.3,1,0.27803379416282636,3,1,0,0,1,0,0,0,0,0,0,0,0,0,0,0,0,0,0,0,1,0,0,0,0,1,0,0,0,0,1260-TTRXI
1,54,18.95,1031.1,0,0.018378430802056058,1,0,1,0,1,0,0,0,1,1,0,1,0,1,0,1,0,1,0,1,0,0,1,1,0,0,1,0,0,1,3719-TDVQB
1,11,95.15,997.65,1,0.09537412920362853,5,0,0,0,1,0,1,1,0,0,0,0,0,0,0,0,0,0,1,0,1,0,0,1,0,0,0,0,0,0,6328-ZPBGN
1,66,102.4,6471.85,0,0.01582236918346377,6,0,0,0,1,0,1,1,0,0,1,0,0,0,0,0,0,0,1,0,1,0,1,1,0,0,0,0,0,1,0201-MIBOL
0,61,99.9,6241.35,0,0.016006152515080873,6,1,1,1,1,0,1,1,0,0,0,0,0,0,1,0,0,0,1,0,1,1,0,1,0,1,0,0,0,1,4937-QPZPO
0,72,88.7,6501.35,0,0.013643320233489967,9,1,1,1,1,0,1,0,0,0,1,0,1,0,1,0,1,0,1,0,1,0,1,0,1,0,0,0,0,1,2925-VDZHY
0,44,54.3,2317.1,0,0.023434465495662683,5,1,1,1,0,1,0,0,0,0,0,0,0,0,1,0,1,0,1,0,1,1,0,1,0,1,0,0,1,0,6981-TDRFT
0,41,55.7,2237.55,0,0.024893298473777123,4,1,0,0,1,0,1,0,0,0,0,0,0,0,1,0,0,0,0,0,0,0,0,1,0,0,0,0,1,0,3413-CSSTH
0,50,103.95,5231.3,0,0.01987077781813316,7,1,1,0,1,0,1,1,0,0,1,0,0,0,1,0,0,0,1,0,1,1,0,1,0,1,0,0,0,1,8033-VCZGH
0,47,110.85,5275.8,1,0.021011031502331398,8,1,1,0,1,0,1,1,0,0,1,0,0,0,1,0,1,0,1,0,1,1,0,1,1,0,0,0,1,0,4789-KWMXN
0,8,20.15,165.5,0,0.12175226586102718,1,1,1,1,1,0,0,0,1,1,0,1,0,1,0,1,0,1,0,1,0,0,1,0,0,0,1,0,0,0,0224-NIJLP
0,18,20.05,358.5,0,0.055927475592747564,1,1,0,0,1,0,0,0,1,1,0,1,0,1,0,1,0,1,0,1,0,0,0,0,0,0,1,1,0,0,7542-CYDDM
0,72,91.95,6614.9,0,0.01390043689247003,9,1,1,1,1,0,1,0,0,0,1,0,1,0,1,0,1,0,1,0,1,0,1,1,1,0,0,0,0,1,4718-WXBGI
0,1,80.5,80.5,1,1.0,3,1,0,0,1,0,0,1,0,0,0,0,0,0,0,0,0,0,0,0,1,0,0,0,0,1,0,0,0,0,2867-UIMSS
1,42,55.65,2421.75,0,0.022979250541963456,4,0,0,0,1,0,1,0,0,0,0,0,0,0,1,0,0,0,0,0,0,0,0,0,0,1,0,0,1,0,8495-PRWFH
1,18,74.7,1294.6,0,0.05770122045419435,3,0,0,0,1,0,0,1,0,0,0,0,1,0,0,0,0,0,0,0,0,0,0,1,0,1,0,1,0,0,0439-IFYUN
0,13,104.15,1299.1,0,0.08017088753752599,7,0,0,1,1,0,1,1,0,0,0,0,1,0,1,0,0,0,1,0,1,1,0,1,1,0,0,1,0,0,5716-LIBJC
0,68,83.65,5733.4,0,0.014589946628527577,5,0,1,1,1,0,1,1,0,0,0,0,1,0,0,0,1,0,0,0,0,1,0,1,0,0,0,0,0,1,2868-LLSKM
0,4,72.2,305.55,1,0.2362952053673703,3,1,0,0,1,0,1,1,0,0,0,0,0,0,0,0,0,0,0,0,0,0,0,1,0,0,0,0,0,0,8111-RKSPX
0,69,110.05,7430.75,0,0.014810079736231201,8,1,0,0,1,0,1,1,0,0,1,0,1,0,1,0,0,0,1,0,1,0,1,1,1,0,0,0,0,1,2988-QRAJY
0,17,51.5,900.5,1,0.05719044975013881,3,1,0,0,1,0,0,0,0,0,0,0,0,0,0,0,1,0,0,0,0,0,0,0,0,0,1,1,0,0,1585-MQSSU
0,25,25.5,630.6,0,0.040437678401522355,2,1,1,1,1,0,1,0,1,1,0,1,0,1,0,1,0,1,0,1,0,0,1,0,1,0,0,0,1,0,0071-NDAFP
1,43,89.55,3856.75,1,0.023219031568030075,4,1,0,0,1,0,0,1,0,0,0,0,0,0,0,0,0,0,1,0,1,0,0,1,0,0,1,0,1,0,2856-NNASM
0,59,19.5,1222.65,0,0.01594896331738437,1,0,1,1,1,0,0,0,1,1,0,1,0,1,0,1,0,1,0,1,0,0,1,0,1,0,0,0,0,1,7328-ZJAJO
1,5,80.7,374.8,0,0.21531483457844183,4,0,0,0,1,0,0,1,0,0,1,0,1,0,0,0,0,0,0,0,0,0,0,0,0,1,0,0,0,0,6458-CYIDZ
0,21,77.5,1625.0,1,0.047692307692307694,7,1,1,1,1,0,1,0,0,0,1,0,1,0,0,0,1,0,1,0,0,1,0,0,0,0,1,1,0,0,8559-CIZFV
0,69,105.1,7234.8,0,0.014527008348537623,8,0,1,1,1,0,1,1,0,0,1,0,1,0,1,0,1,0,1,0,0,1,0,1,1,0,0,0,0,1,1090-PYKCI
0,13,25.15,331.85,0,0.07578725327708301,1,1,0,0,0,1,0,0,0,0,0,0,0,0,0,0,0,0,0,0,0,0,0,1,0,0,0,1,0,0,3058-WQDRE
0,42,95.25,3959.35,1,0.024056979049591472,6,1,1,0,1,0,1,1,0,0,0,0,1,0,1,0,0,0,1,0,0,0,0,1,0,0,0,0,1,0,7547-EKNFS
0,52,95.65,5088.4,0,0.018797657416869746,6,1,1,0,1,0,1,1,0,0,0,0,1,0,0,0,1,0,0,0,1,0,0,1,1,0,0,0,0,1,2279-AXJJK
1,46,85.0,3969.4,1,0.02141381569002872,4,1,0,0,1,0,0,1,0,0,1,0,0,0,0,0,0,0,0,0,1,0,0,0,0,1,0,0,1,0,6769-DYBQN
0,61,80.8,4860.85,0,0.01662260715718444,8,1,1,0,1,0,1,0,0,0,1,0,1,0,1,0,1,0,0,0,1,0,1,1,0,0,0,0,0,1,0909-SELIE
0,29,24.85,788.05,0,0.03153353213628577,1,1,0,0,0,1,0,0,0,0,0,0,0,0,0,0,0,0,0,0,0,1,0,1,0,0,1,0,1,0,3417-TSCIC
0,25,54.75,1266.35,0,0.043234492833734754,4,0,0,1,1,0,0,0,0,0,0,0,1,0,0,0,1,0,0,0,0,1,0,1,1,0,0,0,1,0,1042-HFUCW
0,5,85.75,470.95,1,0.1820787769402272,4,0,1,1,1,0,0,1,0,0,0,0,0,0,0,0,1,0,1,0,0,0,0,1,0,1,0,0,0,0,4439-JMPMT
0,15,50.75,688.2,0,0.07374309793664632,4,1,0,0,0,1,0,0,0,0,0,0,0,0,1,0,0,0,1,0,1,1,0,0,0,1,0,1,0,0,6537-OTKMY
0,19,20.15,387.7,0,0.051973175135413975,1,0,1,1,1,0,0,0,1,1,0,1,0,1,0,1,0,1,0,1,0,0,1,0,0,0,1,1,0,0,8999-EXMNO
0,44,20.05,845.25,0,0.023720792664892045,1,1,0,0,1,0,0,0,1,1,0,1,0,1,0,1,0,1,0,1,0,0,1,0,0,0,1,0,1,0,6725-TPKJO
1,6,98.25,560.6,1,0.17525865144488048,6,0,0,0,1,0,1,1,0,0,0,0,1,0,0,0,0,0,1,0,1,0,0,1,0,1,0,0,0,0,2446-BEGGB
0,58,71.6,4230.25,0,0.016925713610306717,7,1,1,1,1,0,1,0,0,0,1,0,1,0,1,0,1,0,0,0,0,0,1,0,1,0,0,0,0,1,7162-WPHPM
0,62,81.45,4983.05,0,0.016345410943097098,4,1,1,1,1,0,0,1,0,0,1,0,1,0,0,0,0,0,0,0,0,1,0,1,1,0,0,0,0,1,1599-MMYRQ
0,70,58.4,4113.15,0,0.014198363784447443,6,0,1,1,0,1,0,0,0,0,0,0,1,0,1,0,1,0,1,0,1,1,0,1,0,0,0,0,0,1,8821-KVZKQ
1,1,25.7,25.7,1,1.0,1,0,0,0,0,1,0,0,0,0,0,0,0,0,0,0,0,0,0,0,0,0,0,1,0,0,1,0,0,0,1496-GGSUK
0,10,53.7,521.0,0,0.10307101727447217,6,1,1,1,0,1,0,0,0,0,1,0,1,0,1,0,1,0,0,0,1,0,1,0,1,0,0,0,0,0,6434-TTGJP
0,26,19.6,471.85,0,0.04153862456289075,1,1,0,0,1,0,0,0,1,1,0,1,0,1,0,1,0,1,0,1,0,1,0,1,0,0,0,0,1,0,0042-JVWOJ
0,66,89.4,5976.9,0,0.014957586708828994,5,1,0,0,1,0,1,1,0,0,0,0,1,0,0,0,0,0,0,0,1,0,0,0,1,0,0,0,0,1,0130-SXOUN
0,7,69.0,506.9,1,0.13612152298283686,2,0,1,1,1,0,0,1,0,0,0,0,0,0,0,0,0,0,0,0,0,0,0,1,0,1,0,0,0,0,2575-GFSOE
0,51,84.2,4299.75,0,0.019582533868248153,5,1,1,1,1,0,1,1,0,0,0,0,1,0,0,0,1,0,0,0,0,1,0,0,0,0,0,0,0,1,2330-PQGDQ
0,72,106.1,7548.6,0,0.014055586466364622,8,1,1,1,1,0,1,1,0,0,1,0,1,0,1,0,1,0,1,0,0,0,1,1,1,0,0,0,0,1,1452-UZOSF
0,65,25.75,1654.75,0,0.015561263030669285,2,1,0,0,1,0,1,0,1,1,0,1,0,1,0,1,0,1,0,1,0,0,1,0,0,0,1,0,0,1,2097-YVPKN
0,2,46.05,80.35,1,0.5731176104542626,2,1,0,0,1,0,0,0,0,0,0,0,0,0,0,0,0,0,0,0,0,0,0,0,0,0,0,0,0,0,2842-JTCCU
0,70,64.95,4551.5,0,0.014270020872239922,6,1,0,1,1,0,1,0,0,0,1,0,1,0,0,0,1,0,0,0,0,1,0,0,0,0,0,0,0,1,8597-CTXVJ
0,72,85.45,6227.5,0,0.0137213970293055,8,1,1,0,1,0,1,0,0,0,0,0,1,0,1,0,1,0,1,0,1,0,1,1,1,0,0,0,0,1,6631-HMANX
0,1,20.05,20.05,0,1.0,1,0,1,1,1,0,0,0,1,1,0,1,0,1,0,1,0,1,0,1,0,0,0,0,0,0,1,0,0,0,9962-BFPDU
1,1,76.4,76.4,1,1.0,3,0,1,0,1,0,0,1,0,0,0,0,1,0,0,0,0,0,0,0,0,0,0,1,0,0,1,0,0,0,3296-SILRA
0,5,100.5,514.0,1,0.19552529182879377,6,0,0,0,1,0,1,1,0,0,0,0,0,0,1,0,0,0,1,0,1,0,0,1,0,1,0,0,0,0,9681-OXGVC
0,3,20.7,57.5,0,0.36,1,1,0,0,1,0,0,0,1,1,0,1,0,1,0,1,0,1,0,1,0,0,0,0,0,0,1,0,0,0,6394-HHHZM
0,58,25.3,1474.35,0,0.017160104452809716,2,1,0,0,1,0,1,0,1,1,0,1,0,1,0,1,0,1,0,1,0,0,1,1,1,0,0,0,0,1,5995-LFTLE
1,22,40.05,880.2,1,0.04550102249488752,3,1,1,1,0,1,0,0,0,0,1,0,0,0,0,0,0,0,0,0,1,0,0,0,0,0,1,1,0,0,5180-UCIIQ
1,33,100.6,3270.25,0,0.030762174145707512,6,1,1,0,1,0,1,1,0,0,0,0,1,0,0,0,0,0,1,0,1,0,0,1,0,0,0,0,1,0,1932-UEDCX
0,1,69.95,69.95,1,1.0,2,1,0,0,1,0,0,1,0,0,0,0,0,0,0,0,0,0,0,0,0,0,0,0,0,1,0,0,0,0,7153-OANIO
1,54,74.0,3919.15,0,0.01888164525471084,3,1,1,0,1,0,1,1,0,0,0,0,0,0,0,0,0,0,0,0,0,0,0,0,0,0,0,0,0,1,5188-HGMLP
0,72,99.4,7285.7,0,0.013643164006203934,6,1,1,0,1,0,1,1,0,0,0,0,1,0,0,0,0,0,1,0,1,0,1,1,0,1,0,0,0,1,0665-XHDJU
0,1,93.3,93.3,1,1.0,5,1,0,1,1,0,1,1,0,0,0,0,0,0,0,0,0,0,1,0,1,0,0,1,0,1,0,0,0,0,6521-YYTYI
0,3,49.15,169.05,1,0.2907423839100857,3,1,0,0,1,0,0,0,0,0,0,0,0,0,1,0,0,0,0,0,0,0,0,1,0,1,0,0,0,0,8878-HMWBV
0,72,107.45,7658.3,0,0.014030528968570048,8,0,1,1,1,0,1,1,0,0,1,0,1,0,1,0,1,0,0,0,1,0,1,0,1,0,0,0,0,1,8265-HKSOW
0,72,83.6,5959.3,0,0.01402849327941201,8,0,1,1,1,0,1,0,0,0,1,0,1,0,1,0,0,0,1,0,1,0,1,1,1,0,0,0,0,1,3544-FBCAS
1,54,99.05,5295.7,0,0.018703854070283438,6,1,1,0,1,0,1,1,0,0,0,0,0,0,1,0,0,0,1,0,1,0,0,1,1,0,0,0,0,1,5331-RGMTT
0,59,80.1,4693.2,0,0.01706724622858604,7,0,1,0,1,0,1,0,0,0,0,0,1,0,0,0,1,0,1,0,1,1,0,1,0,1,0,0,0,1,4759-PXTAN
0,54,65.3,3512.9,0,0.0185886304762447,5,1,0,0,1,0,0,0,0,0,1,0,1,0,0,0,0,0,1,0,0,0,1,1,0,0,0,0,0,1,7054-DMVAS
0,60,89.55,5231.2,0,0.017118443187031655,5,1,0,0,1,0,1,1,0,0,0,0,0,0,1,0,0,0,1,0,0,0,1,1,0,1,0,0,0,1,3428-MMGUB
0,60,60.8,3603.45,0,0.016872719199655887,6,0,1,0,0,1,0,0,0,0,0,0,1,0,1,0,1,0,1,0,1,0,1,0,1,0,0,0,0,1,6549-BTYPG
0,3,74.5,217.45,0,0.3426074959760865,3,1,0,0,1,0,1,1,0,0,0,0,0,0,0,0,0,0,0,0,0,0,0,0,0,1,0,0,0,0,7823-JSOAG
0,69,99.15,6875.35,0,0.014421084017540926,6,0,1,0,1,0,1,1,0,0,1,0,0,0,0,0,0,0,1,0,1,0,1,0,0,0,0,0,0,1,3705-RHRFR
0,1,19.25,19.25,0,1.0,1,0,1,1,1,0,0,0,1,1,0,1,0,1,0,1,0,1,0,1,0,0,0,0,0,1,0,0,0,0,9374-YOLBJ
0,50,39.45,2021.35,0,0.01951665965814926,3,1,1,1,0,1,0,0,0,0,1,0,0,0,0,0,0,0,1,0,0,0,0,1,1,0,0,0,0,1,9074-KGVOX
0,56,44.85,2564.95,0,0.017485720969219673,3,0,0,0,0,1,0,0,0,0,0,0,0,0,0,0,0,0,1,0,1,0,0,1,1,0,0,0,0,1,6128-DAFVY
0,60,97.2,5611.75,0,0.01732080010691852,6,0,1,0,1,0,0,1,0,0,1,0,0,0,0,0,1,0,1,0,1,0,1,1,0,1,0,0,0,1,9933-QRGTX
1,69,110.55,7610.1,0,0.014526747348917884,8,1,1,0,1,0,1,1,0,0,1,0,0,0,1,0,1,0,1,0,1,1,0,1,0,0,1,0,0,1,4476-OSWTN
0,1,35.05,35.05,1,1.0,2,0,0,0,0,1,0,0,0,0,0,0,0,0,0,0,0,0,0,0,1,0,0,0,0,0,1,0,0,0,3751-KTZEL
1,1,73.0,73.0,1,1.0,3,0,0,0,1,0,0,1,0,0,0,0,1,0,0,0,0,0,0,0,0,0,0,1,0,1,0,0,0,0,1977-STDKI
0,3,19.9,45.75,0,0.4349726775956284,1,0,1,0,1,0,0,0,1,1,0,1,0,1,0,1,0,1,0,1,0,0,0,1,0,0,1,0,0,0,5066-GFJMM
0,60,76.95,4543.95,0,0.016934605354372297,6,1,1,1,1,0,0,0,0,0,0,0,1,0,0,0,1,0,1,0,1,0,1,0,0,0,0,0,0,1,2661-GKBTK
0,13,35.4,450.4,0,0.07859680284191829,3,0,0,0,0,1,0,0,0,0,0,0,0,0,1,0,1,0,0,0,0,0,1,0,0,0,1,1,0,0,0458-HEUZG
0,62,20.45,1297.35,0,0.015762901298801403,1,1,1,1,1,0,0,0,1,1,0,1,0,1,0,1,0,1,0,1,0,0,1,0,0,0,0,0,0,1,7268-WNTCP
0,45,96.75,4442.75,0,0.021777052501266107,6,0,0,0,1,0,1,1,0,0,1,0,1,0,0,0,0,0,0,0,1,1,0,0,0,0,0,0,1,0,0824-VWDPO
0,25,54.2,1423.15,0,0.038084530794364614,5,0,0,0,0,1,0,0,0,0,0,0,0,0,1,0,1,0,1,0,1,1,0,0,0,1,0,0,1,0,8409-WQJUX
0,44,100.1,4378.35,0,0.022862493861842928,6,1,0,0,1,0,0,1,0,0,0,0,0,0,1,0,1,0,1,0,1,0,1,0,0,0,0,0,1,0,2578-JQPHZ
0,2,45.25,74.2,0,0.6098382749326146,2,0,0,0,1,0,0,0,0,0,0,0,0,0,0,0,0,0,0,0,0,0,0,1,0,0,1,0,0,0,3278-FSIXX
1,33,83.85,2716.3,1,0.030869197069543126,5,1,0,0,1,0,1,1,0,0,0,0,1,0,1,0,0,0,0,0,0,0,0,1,1,0,0,0,1,0,5813-UECBU
0,1,70.1,70.1,1,1.0,2,0,0,0,1,0,0,1,0,0,0,0,0,0,0,0,0,0,0,0,0,0,0,1,0,1,0,0,0,0,0328-GRPMV
0,22,20.85,450.65,0,0.04626650393875514,1,0,0,0,1,0,0,0,1,1,0,1,0,1,0,1,0,1,0,1,0,1,0,0,0,0,0,1,0,0,9746-UGFAC
0,35,33.45,1175.85,0,0.028447506059446362,3,0,0,0,0,1,0,0,0,0,0,0,0,0,1,0,1,0,0,0,0,0,0,1,0,0,1,0,1,0,2946-KIQSP
0,29,20.2,558.8,0,0.03614889047959914,1,0,1,1,1,0,0,0,1,1,0,1,0,1,0,1,0,1,0,1,0,0,1,0,0,0,1,0,1,0,0625-AFOHS
1,27,85.9,2220.1,0,0.03869195081302645,5,1,1,0,1,0,1,1,0,0,1,0,0,0,1,0,0,0,0,0,0,1,0,1,0,1,0,0,1,0,6726-WEXXK
0,54,61.0,3283.05,0,0.01858028357777067,5,1,0,1,1,0,0,0,0,0,0,0,1,0,1,0,1,0,0,0,0,1,0,1,0,1,0,0,0,1,4636-OLWOE
1,2,70.65,142.35,1,0.4963119072708114,2,0,0,0,1,0,0,1,0,0,0,0,0,0,0,0,0,0,0,0,0,0,0,1,0,1,0,0,0,0,4342-HENTK
0,57,86.9,4939.25,0,0.01759376423546085,4,1,0,0,1,0,1,1,0,0,0,0,0,0,0,0,0,0,1,0,0,1,0,1,0,1,0,0,0,1,4685-ERGHK
0,62,69.4,4237.5,0,0.016377581120943955,7,1,0,0,1,0,1,0,0,0,1,0,1,0,1,0,1,0,0,0,0,0,1,0,0,0,0,0,0,1,0885-HMGPY
0,15,20.35,335.95,0,0.06057449025152553,1,0,1,1,1,0,0,0,1,1,0,1,0,1,0,1,0,1,0,1,0,1,0,0,1,0,0,1,0,0,5003-OKNNK
0,2,20.35,33.2,1,0.6129518072289156,1,1,0,0,1,0,0,0,1,1,0,1,0,1,0,1,0,1,0,1,0,0,0,0,0,0,1,0,0,0,4195-SMMNX
0,70,104.3,7188.5,0,0.014509285664603185,7,0,1,0,1,0,1,1,0,0,0,0,0,0,1,0,1,0,1,0,1,0,1,1,0,0,0,0,0,1,7208-PSIHR
0,21,44.95,926.25,0,0.04852901484480432,2,0,1,1,1,0,0,0,0,0,0,0,0,0,0,0,0,0,0,0,0,0,0,1,0,1,0,1,0,0,4012-ZTHBR
0,23,49.45,1119.35,0,0.04417742439808818,3,0,0,1,1,0,0,0,0,0,0,0,0,0,0,0,1,0,0,0,0,1,0,1,0,1,0,1,0,0,0489-WMEMG
0,6,20.6,116.6,0,0.17667238421955406,1,1,0,0,1,0,0,0,1,1,0,1,0,1,0,1,0,1,0,1,0,1,0,0,0,0,1,0,0,0,7435-ZNUYY
0,4,19.55,68.8,0,0.28415697674418605,1,1,1,1,1,0,0,0,1,1,0,1,0,1,0,1,0,1,0,1,0,0,1,0,1,0,0,0,0,0,1354-YZFNB
0,3,99.0,287.4,1,0.3444676409185804,6,0,0,0,1,0,0,1,0,0,1,0,0,0,1,0,0,0,1,0,1,0,0,1,1,0,0,0,0,0,6956-SMUCM
0,23,93.5,2341.55,0,0.039930815058401486,5,0,0,0,1,0,1,1,0,0,0,0,0,0,0,0,0,0,1,0,1,0,0,1,0,1,0,1,0,0,2985-FMWYF
0,26,54.55,1362.85,0,0.04002641523278424,5,1,0,0,0,1,0,0,0,0,1,0,0,0,0,0,1,0,1,0,1,1,0,0,1,0,0,0,1,0,2812-ENYMO
0,8,20.05,163.6,0,0.12255501222493888,1,0,0,1,1,0,0,0,1,1,0,1,0,1,0,1,0,1,0,1,0,0,0,0,0,0,1,0,0,0,2717-HVIZY
0,26,83.95,2254.2,1,0.03724159346996718,4,1,0,0,1,0,1,1,0,0,0,0,0,0,0,0,0,0,0,0,1,0,0,1,0,1,0,0,1,0,3223-WZWJM
0,2,79.45,145.15,0,0.5473647950396142,4,1,0,0,1,0,1,1,0,0,0,0,1,0,0,0,0,0,0,0,0,0,0,1,0,1,0,0,0,0,3422-GALYP
0,67,116.2,7752.3,1,0.01498910000902958,9,1,0,0,1,0,1,1,0,0,1,0,1,0,1,0,1,0,1,0,1,0,1,0,1,0,0,0,0,1,9053-JZFKV
0,71,93.7,6585.35,1,0.014228552772441859,5,0,1,0,1,0,1,1,0,0,0,0,0,0,0,0,0,0,1,0,1,0,1,1,0,0,0,0,0,1,2530-ENDWQ
0,59,79.85,4786.1,0,0.016683729968032426,8,0,0,0,1,0,1,0,0,0,1,0,1,0,1,0,1,0,0,0,1,1,0,0,1,0,0,0,0,1,2890-WFBHU
0,39,100.0,3835.55,0,0.02607188017363872,6,1,1,1,1,0,1,1,0,0,0,0,0,0,1,0,0,0,1,0,1,1,0,0,0,1,0,0,1,0,0327-WFZSY
0,21,19.6,397.0,0,0.049370277078085646,1,1,0,1,1,0,0,0,1,1,0,1,0,1,0,1,0,1,0,1,0,0,1,0,0,0,1,1,0,0,7977-HXJKU
0,1,19.7,19.7,1,1.0,1,1,0,0,1,0,0,0,1,1,0,1,0,1,0,1,0,1,0,1,0,0,0,0,0,0,1,0,0,0,6615-ZGEDR
0,48,20.2,1027.25,0,0.019664151861766854,1,0,1,1,1,0,0,0,1,1,0,1,0,1,0,1,0,1,0,1,0,0,1,0,0,0,0,0,1,0,7033-CLAMM
1,31,50.4,1580.1,0,0.03189671539775964,5,0,1,0,0,1,0,0,0,0,1,0,1,0,1,0,0,0,0,0,1,1,0,1,1,0,0,0,1,0,4023-RTIQM
0,64,113.35,7222.75,0,0.015693468554221036,9,0,1,1,1,0,1,1,0,0,1,0,1,0,1,0,1,0,1,0,1,1,0,0,0,1,0,0,0,1,0864-FVJNJ
0,46,80.0,3769.7,0,0.02122184789240523,4,1,1,1,1,0,1,1,0,0,0,0,1,0,0,0,0,0,0,0,0,0,0,1,0,0,0,0,1,0,7356-IWLFW
0,52,80.95,4233.95,0,0.019119262154725494,7,0,0,0,1,0,1,0,0,0,0,0,0,0,1,0,1,0,1,0,1,0,1,1,0,0,0,0,0,1,9541-PWTWO
0,67,24.9,1680.25,0,0.014819223329861627,2,0,1,1,1,0,1,0,1,1,0,1,0,1,0,1,0,1,0,1,0,0,1,1,0,0,1,0,0,1,3967-VQOGC
1,67,54.9,3725.5,0,0.014736277009797343,4,0,0,0,1,0,1,0,0,0,0,0,1,0,0,0,0,0,0,0,0,0,0,0,0,1,0,0,0,1,7872-RDDLZ
0,5,75.55,413.65,1,0.1826423304726218,3,0,0,0,1,0,1,1,0,0,0,0,0,0,0,0,0,0,0,0,0,0,0,0,0,1,0,0,0,0,9250-WYPLL
0,71,109.25,7707.7,0,0.014174137550760928,8,0,1,0,1,0,1,1,0,0,0,0,1,0,1,0,1,0,1,0,1,0,1,0,0,1,0,0,0,1,6308-CQRBU
0,9,77.65,714.15,1,0.1087306588251768,3,0,0,0,1,0,0,1,0,0,0,0,0,0,0,0,0,0,1,0,0,0,0,1,0,0,0,0,0,0,2754-XBHTB
1,26,95.0,2497.2,1,0.038042607720647124,6,0,0,0,1,0,1,1,0,0,1,0,1,0,0,0,0,0,0,0,1,0,0,1,0,1,0,0,1,0,1597-LHYNC
0,71,116.3,8309.55,0,0.013995944425390065,9,1,0,0,1,0,1,1,0,0,1,0,1,0,1,0,1,0,1,0,1,1,0,1,0,0,0,0,0,1,0186-CAERR
0,32,19.9,601.55,0,0.03308120688222093,1,0,0,0,1,0,0,0,1,1,0,1,0,1,0,1,0,1,0,1,0,0,0,0,0,0,0,0,1,0,3043-SUDUA
0,2,70.35,139.25,0,0.5052064631956912,2,0,0,0,1,0,0,1,0,0,0,0,0,0,0,0,0,0,0,0,0,0,0,0,0,1,0,0,0,0,5442-BHQNG
0,71,25.6,1888.25,0,0.01355752681053886,2,0,1,0,1,0,1,0,1,1,0,1,0,1,0,1,0,1,0,1,0,0,1,0,1,0,0,0,0,1,2169-RRLFW
0,60,44.45,2773.9,0,0.016024370020548687,4,0,0,0,0,1,0,0,0,0,1,0,0,0,1,0,0,0,0,0,1,1,0,1,0,1,0,0,0,1,5872-OEQNH
1,55,100.15,5409.75,0,0.018512870280512038,6,0,0,0,1,0,1,1,0,0,0,0,0,0,1,0,0,0,1,0,1,1,0,1,0,1,0,0,0,1,3162-KKZXO
0,54,105.4,5643.4,1,0.01867668426834887,7,1,0,0,1,0,0,1,0,0,1,0,1,0,0,0,1,0,1,0,1,1,0,1,1,0,0,0,0,1,7055-VKGDA
0,2,95.85,197.7,1,0.48482549317147194,5,1,0,0,1,0,0,1,0,0,0,0,0,0,1,0,0,0,1,0,1,0,0,1,0,1,0,0,0,0,0754-UKWQP
0,6,73.85,401.3,0,0.18402691253426362,3,0,0,0,1,0,1,1,0,0,0,0,0,0,0,0,0,0,0,0,0,0,0,1,0,0,1,0,0,0,8873-GLDMH
0,48,70.1,3238.4,0,0.021646492094861657,6,0,1,1,1,0,0,0,0,0,1,0,1,0,1,0,0,0,0,0,1,0,1,1,1,0,0,0,1,0,5696-JVVQY
0,63,25.25,1573.05,0,0.016051619465369822,2,1,1,1,1,0,1,0,1,1,0,1,0,1,0,1,0,1,0,1,0,0,1,0,0,0,1,0,0,1,8946-BFWSG
0,1,79.15,79.15,1,1.0,4,1,0,0,1,0,1,1,0,0,0,0,1,0,0,0,0,0,0,0,0,0,0,1,0,1,0,0,0,0,7493-TPUWZ
0,12,21.05,235.8,0,0.08927056827820186,1,1,0,1,1,0,0,0,1,1,0,1,0,1,0,1,0,1,0,1,0,0,0,0,1,0,0,0,0,0,0547-HURJB
1,54,24.95,1364.75,0,0.018281736581791535,1,1,1,0,0,1,0,0,0,0,0,0,0,0,0,0,0,0,0,0,0,0,0,1,0,0,0,0,0,1,8904-OPDCK
0,30,64.5,1985.15,0,0.03249124751278241,5,0,1,1,1,0,0,0,0,0,0,0,0,0,1,0,1,0,1,0,0,1,0,1,0,1,0,0,1,0,8845-LWKGE
0,30,19.65,655.85,1,0.02996111915834413,1,0,1,0,1,0,0,0,1,1,0,1,0,1,0,1,0,1,0,1,0,0,0,0,0,0,0,0,1,0,1577-HKTFG
0,4,79.0,303.15,1,0.26059706415965694,3,0,0,0,1,0,0,1,0,0,0,0,0,0,0,0,0,0,1,0,0,0,0,1,0,1,0,0,0,0,8752-STIVR
0,40,105.95,4335.2,0,0.02443947222734822,7,0,0,0,1,0,1,1,0,0,0,0,0,0,1,0,1,0,1,0,1,1,0,1,1,0,0,0,1,0,0691-NIKRI
0,9,75.85,647.5,0,0.11714285714285713,3,0,1,1,1,0,0,1,0,0,0,0,0,0,0,0,1,0,0,0,0,0,0,1,0,1,0,0,0,0,5022-JNQEQ
0,17,91.85,1574.45,1,0.05833783225888405,5,0,1,1,1,0,0,1,0,0,1,0,0,0,0,0,1,0,1,0,0,0,0,0,0,1,0,1,0,0,4558-FANTW
0,62,43.6,2748.7,0,0.015862043875286502,4,0,0,0,0,1,0,0,0,0,0,0,1,0,1,0,0,0,0,0,1,0,1,1,1,0,0,0,0,1,3249-VHRIP
0,28,91.25,2483.65,0,0.036740281440621664,5,1,0,0,1,0,0,1,0,0,0,0,1,0,0,0,1,0,1,0,0,1,0,1,0,0,0,0,1,0,3736-BLEPA
0,70,89.75,6367.2,0,0.014095677848976003,9,0,0,0,1,0,1,0,0,0,1,0,1,0,1,0,1,0,1,0,1,0,1,0,1,0,0,0,0,1,4701-LKOZD
0,46,104.4,4904.2,0,0.021287875698380983,7,0,0,0,1,0,0,1,0,0,0,0,1,0,1,0,1,0,1,0,1,0,1,1,0,0,0,0,1,0,6603-QWSPR
0,23,90.15,2044.95,0,0.044084207437834665,5,0,1,0,1,0,1,1,0,0,0,0,0,0,1,0,0,0,0,0,1,0,0,0,0,0,1,1,0,0,9921-QFQUL
0,47,40.3,1794.8,0,0.022453755293068863,4,1,1,1,0,1,0,0,0,0,1,0,0,0,1,0,1,0,0,0,0,1,0,0,0,1,0,0,1,0,1929-ZCBHE
0,68,105.25,7173.15,0,0.014672772770679549,7,1,1,1,1,0,0,1,0,0,1,0,1,0,1,0,0,0,1,0,1,0,1,1,0,0,0,0,0,1,4378-MYPGO
1,60,106.0,6441.4,1,0.016456049927034498,7,0,0,0,1,0,1,1,0,0,0,0,0,0,1,0,1,0,1,0,1,1,0,1,0,1,0,0,0,1,8651-ENBZX
0,67,104.0,7039.05,0,0.014774721020592267,7,0,0,1,1,0,1,1,0,0,0,0,1,0,0,0,1,0,1,0,1,0,1,1,0,1,0,0,0,1,4129-LYCOI
0,14,69.65,921.4,0,0.07559149120902975,5,0,0,0,1,0,0,0,0,0,0,0,0,0,0,0,1,0,1,0,1,0,0,1,0,1,0,1,0,0,7798-JVXYM
0,57,74.3,4018.35,0,0.018490176316149663,3,1,1,1,1,0,1,1,0,0,0,0,0,0,0,0,0,0,0,0,0,0,0,1,0,1,0,0,0,1,8647-SDTWQ
0,55,100.9,5448.6,0,0.018518518518518517,6,0,1,1,1,0,1,1,0,0,1,0,0,0,0,0,0,0,1,0,1,1,0,0,0,0,1,0,0,1,2696-ECXKC
0,1,20.25,20.25,0,1.0,1,1,0,0,1,0,0,0,1,1,0,1,0,1,0,1,0,1,0,1,0,0,0,1,0,0,1,0,0,0,2081-KJSQF
0,1,49.9,49.9,1,1.0,3,1,0,1,1,0,0,0,0,0,0,0,0,0,0,0,1,0,0,0,0,0,0,1,0,0,1,0,0,0,7623-TRNQN
0,23,96.9,2085.45,0,0.0464647917715601,6,1,0,0,1,0,1,1,0,0,0,0,0,0,1,0,1,0,1,0,0,0,0,1,1,0,0,1,0,0,3323-CPBWR
0,13,100.35,1358.85,1,0.07384921072966111,6,0,0,0,1,0,1,1,0,0,1,0,0,0,0,0,0,0,1,0,1,0,0,1,0,1,0,1,0,0,9330-IJWIO
0,47,104.1,5135.15,0,0.02027204658091779,7,1,1,0,1,0,1,1,0,0,0,0,1,0,1,0,0,0,1,0,1,0,0,1,0,1,0,0,1,0,3384-CTMSF
0,38,20.1,730.1,0,0.027530475277359266,1,1,0,0,1,0,0,0,1,1,0,1,0,1,0,1,0,1,0,1,0,1,0,0,0,0,1,0,1,0,0902-RFHOF
1,38,74.95,2869.85,1,0.02611634754429674,3,0,1,0,1,0,1,1,0,0,0,0,0,0,0,0,0,0,0,0,0,0,0,1,0,0,0,0,1,0,9286-DOJGF
1,2,56.55,118.25,0,0.4782241014799154,4,0,0,0,1,0,1,0,0,0,0,0,1,0,0,0,0,0,0,0,0,0,0,1,1,0,0,0,0,0,6048-QBXKL
1,1,49.25,49.25,1,1.0,3,1,1,1,1,0,0,0,0,0,0,0,0,0,0,0,1,0,0,0,0,0,0,1,1,0,0,0,0,0,9661-MHUMO
0,15,68.6,1108.6,0,0.06187984845751398,2,1,1,0,1,0,0,1,0,0,0,0,0,0,0,0,0,0,0,0,0,0,0,1,0,0,0,1,0,0,7718-RXDGG
0,26,69.05,1815.65,0,0.038030457411946134,2,0,0,0,1,0,0,1,0,0,0,0,0,0,0,0,0,0,0,0,0,0,0,1,1,0,0,0,1,0,1025-FALIX
0,35,19.7,730.4,0,0.026971522453450164,1,0,1,1,1,0,0,0,1,1,0,1,0,1,0,1,0,1,0,1,0,0,1,0,1,0,0,0,1,0,3451-VAWLI
0,3,20.05,75.45,0,0.26573889993373095,1,1,0,1,1,0,0,0,1,1,0,1,0,1,0,1,0,1,0,1,0,0,0,1,0,0,1,0,0,0,3407-QGWLG
0,50,103.7,5071.05,1,0.020449413829483044,7,1,1,1,1,0,1,1,0,0,0,0,1,0,0,0,1,0,1,0,1,0,0,0,0,1,0,0,0,1,1842-EZJMK
0,42,94.4,4014.6,0,0.02351417326757336,6,1,1,0,1,0,1,1,0,0,1,0,0,0,1,0,0,0,0,0,1,0,0,1,0,1,0,0,1,0,2347-WKKAE
0,10,54.95,568.85,0,0.09659840028126923,4,1,1,0,1,0,0,0,0,0,1,0,0,0,0,0,1,0,0,0,0,0,0,1,1,0,0,0,0,0,8735-DCXNF
0,61,93.7,5860.7,0,0.015987851280563757,6,0,1,0,1,0,0,1,0,0,1,0,1,0,0,0,1,0,0,0,1,1,0,0,0,0,0,0,0,1,3214-IYUUQ
0,68,110.25,7279.35,0,0.015145583053431968,8,0,0,0,1,0,1,1,0,0,1,0,1,0,0,0,1,0,1,0,1,0,1,0,1,0,0,0,0,1,1936-UAFEH
0,10,98.9,1064.95,0,0.09286820977510682,6,1,0,0,1,0,0,1,0,0,1,0,0,0,1,0,0,0,1,0,1,1,0,1,0,1,0,0,0,0,3587-PMCOY
0,65,89.75,5769.6,1,0.015555671103716027,6,1,1,0,1,0,1,1,0,0,1,0,1,0,1,0,0,0,0,0,0,1,0,0,0,1,0,0,0,1,8079-XRJRS
0,72,80.45,5886.85,0,0.013666052303014346,7,0,1,1,1,0,0,0,0,0,1,0,0,0,1,0,1,0,1,0,1,0,1,1,0,0,0,0,0,1,1027-LKKQQ
0,55,79.4,4238.45,0,0.018733263339192396,4,1,1,1,1,0,0,1,0,0,0,0,1,0,0,0,1,0,0,0,0,0,0,0,0,1,0,0,0,1,7148-XZPHA
0,1,20.3,20.3,1,1.0,1,0,0,0,1,0,0,0,1,1,0,1,0,1,0,1,0,1,0,1,0,0,0,1,0,0,1,0,0,0,8073-IJDCM
0,7,62.8,418.3,0,0.15013148458044465,5,0,0,0,1,0,0,0,0,0,0,0,0,0,1,0,1,0,0,0,1,0,0,0,0,0,0,0,0,0,5309-TAIKL
0,2,74.9,136.05,0,0.5505328923190004,3,0,0,0,1,0,1,1,0,0,0,0,0,0,0,0,0,0,0,0,0,0,0,1,0,0,1,0,0,0,6856-RAURS
0,9,74.85,708.2,0,0.10569048291443094,3,0,0,0,1,0,0,1,0,0,1,0,0,0,0,0,0,0,0,0,0,0,0,1,0,1,0,0,0,0,8778-LMWTJ
0,27,25.85,788.55,0,0.03278168790818591,2,1,0,1,1,0,1,0,1,1,0,1,0,1,0,1,0,1,0,1,0,0,1,1,1,0,0,0,1,0,9717-IOAAF
1,7,101.95,700.85,1,0.14546621959049724,6,1,1,0,1,0,1,1,0,0,0,0,0,0,1,0,0,0,1,0,1,0,0,1,0,1,0,0,0,0,8884-ADFVN
0,64,68.3,4378.8,0,0.0155978806979081,6,0,1,0,1,0,0,0,0,0,0,0,1,0,1,0,1,0,0,0,1,0,1,1,0,0,1,0,0,1,2845-KDHVX
0,70,48.4,3442.8,0,0.014058324619495757,5,1,0,0,0,1,0,0,0,0,1,0,0,0,1,0,1,0,0,0,1,0,1,0,0,0,0,0,0,1,0848-SOMKO
1,2,94.0,181.7,1,0.5173362685745735,5,1,0,0,1,0,1,1,0,0,0,0,0,0,0,0,0,0,1,0,1,0,0,1,0,1,0,0,0,0,2720-WGKHP
1,67,105.05,7171.7,0,0.014647851973730077,7,1,0,0,1,0,0,1,0,0,1,0,1,0,0,0,1,0,1,0,1,0,1,1,0,1,0,0,0,1,6734-FQAJX
0,45,89.3,4016.85,1,0.02223135043628714,5,0,0,0,1,0,1,1,0,0,0,0,1,0,0,0,0,0,1,0,0,0,0,1,1,0,0,0,1,0,2869-ADAWR
0,24,25.15,553.0,0,0.04547920433996383,2,0,0,0,1,0,1,0,1,1,0,1,0,1,0,1,0,1,0,1,0,0,1,0,1,0,0,1,0,0,1535-VTJOQ
0,4,19.5,96.85,0,0.20134228187919465,1,1,1,1,1,0,0,0,1,1,0,1,0,1,0,1,0,1,0,1,0,0,1,0,1,0,0,0,0,0,6368-TZZDT
0,44,92.95,4122.9,0,0.022544810691503558,5,1,1,1,1,0,0,1,0,0,0,0,0,0,1,0,0,0,1,0,1,0,0,1,0,0,0,0,1,0,0943-ZQPXH
0,72,20.7,1482.3,0,0.013964784456587736,1,0,1,1,1,0,0,0,1,1,0,1,0,1,0,1,0,1,0,1,0,0,1,1,0,0,1,0,0,1,1293-BSEUN
0,1,74.3,74.3,1,1.0,3,0,0,0,1,0,0,1,0,0,0,0,1,0,0,0,0,0,0,0,0,0,0,1,1,0,0,0,0,0,9894-EZEWG
0,66,19.35,1240.8,0,0.01559477756286267,1,1,0,0,1,0,0,0,1,1,0,1,0,1,0,1,0,1,0,1,0,0,1,0,0,0,0,0,0,1,1302-TPUBN
0,1,44.65,44.65,1,1.0,4,1,0,0,0,1,0,0,0,0,0,0,1,0,0,0,1,0,0,0,1,0,0,1,0,0,1,0,0,0,7851-FLGGQ
0,13,84.05,1095.3,1,0.07673696704099334,4,1,1,1,1,0,0,1,0,0,1,0,0,0,0,0,0,0,0,0,1,0,0,0,0,1,0,1,0,0,0637-UBJRP
0,10,80.7,788.8,1,0.10230730223123734,4,1,0,0,1,0,1,1,0,0,0,0,1,0,0,0,0,0,0,0,0,0,0,1,0,0,0,0,0,0,0940-OUQEC
1,65,104.35,6578.55,0,0.01586215807434769,7,1,1,0,1,0,1,1,0,0,0,0,1,0,1,0,0,0,1,0,1,0,0,1,0,1,0,0,0,1,2378-VTKDH
0,1,19.55,19.55,0,1.0,1,1,0,1,1,0,0,0,1,1,0,1,0,1,0,1,0,1,0,1,0,0,0,0,0,0,1,0,0,0,0927-CNGRH
0,38,74.05,2802.3,0,0.02642472254933447,7,1,1,1,1,0,0,0,0,0,1,0,1,0,1,0,1,0,1,0,0,1,0,0,0,1,0,0,1,0,8608-OZTLB
0,23,40.1,857.75,0,0.04675021859516176,4,1,0,1,0,1,0,0,0,0,1,0,0,0,1,0,1,0,0,0,0,0,1,0,0,0,1,1,0,0,2335-GSODA
0,10,20.1,184.4,0,0.10900216919739697,1,0,1,0,1,0,0,0,1,1,0,1,0,1,0,1,0,1,0,1,0,1,0,0,0,0,1,0,0,0,1952-DVVSW
0,4,101.7,364.55,1,0.27897407762995474,6,1,0,1,1,0,1,1,0,0,0,0,1,0,0,0,0,0,1,0,1,0,0,1,0,1,0,0,0,0,0702-PGIBZ
0,72,83.55,6093.3,0,0.01371178179311703,8,1,1,1,1,0,1,0,0,0,1,0,0,0,1,0,1,0,1,0,1,0,1,1,1,0,0,0,0,1,6656-GULJQ
0,35,56.85,1861.1,0,0.030546451023588203,4,0,1,0,1,0,0,0,0,0,0,0,1,0,0,0,1,0,0,0,0,0,0,0,0,1,0,0,1,0,9853-JFZDU
0,1,20.4,20.4,1,1.0,1,0,0,0,1,0,0,0,1,1,0,1,0,1,0,1,0,1,0,1,0,0,0,0,0,0,1,0,0,0,1963-VAUKV
0,58,19.55,1079.65,0,0.01810772009447506,1,0,1,1,1,0,0,0,1,1,0,1,0,1,0,1,0,1,0,1,0,0,1,0,1,0,0,0,0,1,3777-XROBG
0,70,106.15,7475.1,0,0.014200478923358885,7,1,1,1,1,0,0,1,0,0,0,0,1,0,1,0,1,0,1,0,1,1,0,1,0,1,0,0,0,1,6994-FGRHH
0,38,78.95,2862.55,0,0.02758030427416115,7,1,1,1,1,0,1,0,0,0,0,0,1,0,1,0,0,0,1,0,1,1,0,0,1,0,0,0,1,0,4000-VGMQP
0,60,49.75,3069.45,0,0.016208115460424506,4,0,1,1,0,1,0,0,0,0,0,0,1,0,0,0,0,0,1,0,1,0,0,1,0,1,0,0,0,1,3999-WRNGR
0,26,92.4,2349.8,0,0.0393224955315346,6,1,0,0,1,0,1,1,0,0,1,0,1,0,0,0,0,0,1,0,0,0,0,1,1,0,0,0,1,0,3466-RITXD
0,8,58.2,469.25,0,0.12402770378263187,5,0,0,0,1,0,0,0,0,0,1,0,1,0,0,0,1,0,0,0,0,1,0,0,0,0,0,0,0,0,2680-XKKNJ
0,41,102.6,4213.35,1,0.0243511694969561,7,1,1,1,1,0,1,1,0,0,0,0,0,0,1,0,1,0,1,0,1,1,0,1,0,1,0,0,1,0,3058-HJCUY
1,36,91.95,3301.05,0,0.027854773481165083,5,0,1,0,1,0,1,1,0,0,0,0,1,0,0,0,0,0,1,0,0,0,0,1,1,0,0,0,1,0,2974-GGUXS
1,54,65.25,3529.95,0,0.018484681086134366,5,1,0,0,1,0,0,0,0,0,0,0,0,0,1,0,1,0,0,0,1,1,0,0,0,0,0,0,0,1,7994-XIRTR
0,71,106.0,7723.7,1,0.013723992387068375,7,1,1,1,1,0,1,1,0,0,0,0,1,0,1,0,0,0,1,0,1,0,1,1,0,0,0,0,0,1,3259-FDWOY
0,55,73.1,4144.9,0,0.01763613114912302,3,0,0,0,1,0,1,1,0,0,0,0,0,0,0,0,0,0,0,0,0,0,0,1,0,1,0,0,0,1,2101-RANCD
0,72,59.75,4265.0,0,0.014009378663540446,5,0,0,0,1,0,1,0,0,0,1,0,1,0,0,0,0,0,0,0,0,0,1,0,0,0,0,0,0,1,7921-BEPCI
0,3,55.1,154.65,1,0.3562883931458131,4,0,0,1,1,0,0,0,0,0,1,0,0,0,0,0,1,0,0,0,0,0,0,1,0,0,1,0,0,0,0807-ZABDG
0,54,59.8,3246.45,0,0.018420120439249028,5,0,1,1,1,0,1,0,0,0,0,0,1,0,1,0,0,0,0,0,0,0,1,1,0,0,0,0,0,1,8510-TMWYB
0,72,116.6,8337.45,0,0.013985091364865754,9,1,1,1,1,0,1,1,0,0,1,0,1,0,1,0,1,0,1,0,1,0,1,1,0,0,0,0,0,1,3258-ZKPAI
0,52,109.3,5731.4,0,0.01907038419932303,8,1,0,0,1,0,1,1,0,0,1,0,0,0,1,0,1,0,1,0,1,0,1,1,0,1,0,0,0,1,1428-IEDPR
1,60,101.4,6176.6,0,0.016416798886118578,6,0,0,0,1,0,1,1,0,0,1,0,0,0,0,0,0,0,1,0,1,1,0,1,0,0,0,0,0,1,5298-GSTLM
0,39,50.65,1905.4,0,0.026582344914453656,4,0,0,0,0,1,0,0,0,0,0,0,0,0,1,0,0,0,1,0,1,0,0,1,1,0,0,0,1,0,4450-YOOHP
0,15,56.15,931.9,0,0.060253246056443825,3,0,0,0,1,0,0,0,0,0,0,0,0,0,0,0,0,0,1,0,0,1,0,0,0,0,1,1,0,0,6728-CZFEI
0,69,106.5,7348.8,1,0.014492161985630306,7,1,0,0,1,0,1,1,0,0,0,0,0,0,1,0,1,0,1,0,1,0,1,1,0,0,0,0,0,1,5748-RNCJT
0,43,19.2,776.25,0,0.024734299516908212,1,1,1,1,1,0,0,0,1,1,0,1,0,1,0,1,0,1,0,1,0,1,0,1,0,0,1,0,1,0,3653-NCRDJ
1,63,83.0,5243.05,0,0.015830480350177853,8,0,0,0,1,0,1,0,0,0,1,0,1,0,1,0,1,0,1,0,0,1,0,0,0,0,0,0,0,1,6121-TNHBO
1,2,70.1,141.65,0,0.49488175079421104,2,1,1,0,1,0,0,1,0,0,0,0,0,0,0,0,0,0,0,0,0,0,0,0,0,1,0,0,0,0,5119-NZPTV
0,72,108.3,7679.65,0,0.014102205178621421,8,0,1,1,1,0,0,1,0,0,1,0,1,0,1,0,1,0,1,0,1,0,1,1,0,0,0,0,0,1,6519-ZHPXP
0,32,91.05,2954.5,1,0.03081739719072601,5,0,1,1,1,0,1,1,0,0,0,0,0,0,1,0,0,0,0,0,1,0,0,1,0,0,0,0,1,0,7739-LAXOG
0,40,25.25,1006.9,0,0.02507696891449002,2,1,1,1,1,0,1,0,1,1,0,1,0,1,0,1,0,1,0,1,0,0,1,0,1,0,0,0,1,0,3472-QPRCH
0,58,45.35,2540.1,0,0.017853627809928743,4,0,1,0,0,1,0,0,0,0,1,0,1,0,0,0,0,0,1,0,0,1,0,1,0,1,0,0,0,1,8224-UAXBZ
0,67,43.9,3097.2,0,0.01417409272891644,4,1,0,0,0,1,0,0,0,0,1,0,0,0,0,0,1,0,1,0,0,0,1,0,0,1,0,0,0,1,9610-WCESF
1,51,77.5,3807.35,1,0.02035536528031308,4,0,1,0,1,0,1,1,0,0,1,0,0,0,0,0,0,0,0,0,0,0,0,1,0,1,0,0,0,1,9776-CLUJA
0,31,79.3,2484.0,0,0.031924315619967794,7,1,1,0,1,0,1,0,0,0,0,0,0,0,1,0,1,0,1,0,1,1,0,1,0,0,1,0,1,0,2486-WYVVE
1,69,84.9,5785.65,0,0.0146742371211532,5,1,1,0,1,0,1,1,0,0,1,0,1,0,0,0,0,0,0,0,0,0,0,1,1,0,0,0,0,1,3865-ZYKAD
0,32,79.25,2619.15,0,0.030257908099956092,4,1,1,0,1,0,1,1,0,0,0,0,0,0,0,0,1,0,0,0,0,1,0,1,0,1,0,0,1,0,1422-DGUBX
0,21,71.05,1524.85,0,0.04659474702429747,6,0,0,0,1,0,0,0,0,0,1,0,1,0,0,0,1,0,1,0,0,0,1,0,1,0,0,1,0,0,2999-AANRQ
0,52,53.75,2790.65,0,0.019260745704405783,4,1,0,0,1,0,0,0,0,0,1,0,0,0,1,0,0,0,0,0,0,1,0,0,0,1,0,0,0,1,8668-KNZTI
0,72,24.25,1784.5,0,0.013589240683664893,2,0,1,1,1,0,1,0,1,1,0,1,0,1,0,1,0,1,0,1,0,0,1,0,1,0,0,0,0,1,0480-KYJVA
0,72,54.2,3937.45,1,0.013765254161957613,5,0,1,0,0,1,0,0,0,0,0,0,1,0,1,0,0,0,1,0,1,0,1,1,0,1,0,0,0,1,6034-ZRYCV
0,52,44.25,2276.1,0,0.01944114933438777,4,1,1,1,0,1,0,0,0,0,1,0,0,0,1,0,0,0,0,0,1,1,0,0,0,0,0,0,0,1,9746-YKGXB
0,41,50.05,2029.05,0,0.02466671595081442,3,0,0,0,1,0,0,0,0,0,0,0,0,0,0,0,1,0,0,0,0,1,0,0,0,0,0,0,1,0,3926-YZVVX
0,41,20.15,802.35,0,0.025113728422758146,1,1,0,0,1,0,0,0,1,1,0,1,0,1,0,1,0,1,0,1,0,0,1,0,0,0,1,0,1,0,6000-UKLWI
0,6,69.25,418.4,1,0.1655114722753346,2,0,0,0,1,0,0,1,0,0,0,0,0,0,0,0,0,0,0,0,0,0,0,1,0,0,1,0,0,0,2079-FBMZK
0,67,69.35,4653.25,0,0.014903562026540588,7,1,1,1,1,0,1,0,0,0,1,0,1,0,1,0,1,0,0,0,0,1,0,1,1,0,0,0,0,1,6332-FBZRI
0,16,19.35,275.9,0,0.07013410656034796,1,0,1,1,1,0,0,0,1,1,0,1,0,1,0,1,0,1,0,1,0,0,0,0,0,0,1,1,0,0,2096-XOTMO
0,17,19.15,343.45,0,0.055757752220119375,1,1,0,0,1,0,0,0,1,1,0,1,0,1,0,1,0,1,0,1,0,0,1,0,0,0,1,1,0,0,3266-FTKHB
0,35,61.0,2130.45,0,0.028632448543734895,5,1,1,0,1,0,0,0,0,0,1,0,1,0,1,0,0,0,0,0,0,0,0,0,0,0,1,0,1,0,8221-EQDGL
0,58,20.5,1191.4,0,0.017206647641430248,1,0,1,1,1,0,0,0,1,1,0,1,0,1,0,1,0,1,0,1,0,0,1,0,1,0,0,0,0,1,2346-LOCWC
0,1,50.5,50.5,1,1.0,3,1,0,0,1,0,0,0,0,0,0,0,0,0,1,0,0,0,0,0,0,0,0,1,0,1,0,0,0,0,6608-QQLVK
0,52,50.2,2554.0,0,0.019655442443226312,5,1,1,1,0,1,0,0,0,0,0,0,1,0,1,0,1,0,1,0,0,0,1,0,0,0,1,0,0,1,0298-XACET
0,70,79.6,5589.45,0,0.014241114957643417,7,0,0,0,1,0,0,0,0,0,1,0,0,0,1,0,1,0,1,0,1,0,1,0,0,0,0,0,0,1,7560-QJAVJ
0,19,24.9,467.7,0,0.05323925593329057,2,0,1,1,1,0,1,0,1,1,0,1,0,1,0,1,0,1,0,1,0,0,1,1,0,0,0,1,0,0,2995-YWTCD
1,1,74.4,74.4,1,1.0,3,1,0,0,1,0,1,1,0,0,0,0,0,0,0,0,0,0,0,0,0,0,0,1,0,1,0,0,0,0,3551-HUAZH
0,35,106.9,3756.45,0,0.028457719389317043,7,0,1,1,1,0,0,1,0,0,1,0,0,0,1,0,1,0,1,0,1,0,0,1,0,1,0,0,1,0,9137-UIYPG
0,32,101.35,3334.9,0,0.030390716363309242,6,0,0,0,1,0,1,1,0,0,0,0,0,0,1,0,0,0,1,0,1,0,0,1,0,1,0,0,1,0,2809-ZMYOQ
0,17,55.35,920.5,0,0.0601303639326453,4,0,1,1,1,0,0,0,0,0,1,0,0,0,0,0,1,0,0,0,0,0,0,1,1,0,0,1,0,0,5084-OOVCJ
0,67,50.55,3431.75,0,0.014730093975376994,3,0,1,1,1,0,0,0,0,0,0,0,1,0,0,0,0,0,0,0,0,1,0,0,1,0,0,0,0,1,0254-WWRKD
0,9,19.5,150.35,0,0.12969737279680746,1,0,0,0,1,0,0,0,1,1,0,1,0,1,0,1,0,1,0,1,0,0,0,0,0,0,0,0,0,0,7727-SHVZV
0,31,79.45,2587.7,1,0.03070294083549098,7,1,0,1,1,0,1,0,0,0,0,0,1,0,0,0,1,0,1,0,1,1,0,1,0,0,1,0,1,0,6302-JGYRJ
0,4,90.65,367.95,0,0.24636499524391903,5,1,0,0,1,0,1,1,0,0,1,0,0,0,0,0,0,0,1,0,0,0,0,0,0,1,0,0,0,0,5339-PXDVH
1,58,89.85,5125.75,0,0.01752914207676925,6,1,1,1,1,0,1,1,0,0,1,0,1,0,0,0,1,0,0,0,0,1,0,1,0,0,0,0,0,1,2205-LPVGL
0,60,79.0,4801.1,0,0.016454562496094643,7,1,0,0,1,0,0,0,0,0,1,0,0,0,1,0,1,0,1,0,1,1,0,0,0,0,1,0,0,1,8782-NUUOL
0,58,104.65,6219.6,1,0.016825840890089396,7,1,0,0,1,0,1,1,0,0,0,0,0,0,1,0,1,0,1,0,1,1,0,1,0,1,0,0,0,1,3685-YLCMQ
0,1,19.55,19.55,0,1.0,1,1,0,0,1,0,0,0,1,1,0,1,0,1,0,1,0,1,0,1,0,0,0,0,0,0,1,0,0,0,7601-WFVZV
0,27,19.9,550.1,0,0.03617524086529721,1,0,1,1,1,0,0,0,1,1,0,1,0,1,0,1,0,1,0,1,0,0,1,0,0,0,1,0,1,0,4609-KNNWG
1,66,116.25,7862.25,0,0.014785843747018983,9,1,1,1,1,0,1,1,0,0,1,0,1,0,1,0,1,0,1,0,1,1,0,1,0,1,0,0,0,1,4868-AADLV
0,15,87.75,1242.2,0,0.07064079858315891,5,1,0,0,1,0,1,1,0,0,1,0,0,0,0,0,0,0,1,0,0,0,0,1,0,0,0,1,0,0,9529-OFXHY
1,47,100.05,4871.05,1,0.020539719362355137,6,1,1,0,1,0,1,1,0,0,0,0,0,0,1,0,0,0,1,0,1,0,0,1,0,1,0,0,1,0,8634-MPHTR
0,41,81.3,3190.65,0,0.025480701424474634,4,0,0,0,1,0,1,1,0,0,1,0,0,0,0,0,0,0,0,0,0,0,0,1,1,0,0,0,1,0,2669-QVCRG
0,59,44.3,2666.75,0,0.016611980875597638,3,1,1,0,0,1,0,0,0,0,0,0,0,0,0,0,0,0,1,0,1,0,0,1,0,1,0,0,0,1,2478-EEWWM
0,50,70.35,3533.6,0,0.019908874801901743,2,0,0,1,1,0,0,1,0,0,0,0,0,0,0,0,0,0,0,0,0,0,1,0,1,0,0,0,0,1,9174-IHETN
0,17,44.45,792.15,0,0.056113109890803516,4,1,1,1,0,1,0,0,0,0,1,0,0,0,1,0,0,0,1,0,0,1,0,0,1,0,0,1,0,0,2233-TXSIU
0,6,49.15,295.65,0,0.1662438694402165,3,1,1,1,1,0,0,0,0,0,1,0,0,0,0,0,0,0,0,0,0,0,0,1,0,1,0,0,0,0,9644-UMGQA
1,51,29.45,1459.35,0,0.020180217219995203,2,1,1,0,0,1,0,0,0,0,0,0,1,0,0,0,0,0,0,0,0,0,0,1,1,0,0,0,0,1,3256-EZDBI
0,44,100.55,4398.15,1,0.022861885110785216,6,1,0,0,1,0,0,1,0,0,0,0,1,0,0,0,1,0,1,0,1,0,0,0,0,1,0,0,1,0,8761-NSOBC
0,49,85.3,4297.95,0,0.019846671087378868,4,1,1,0,1,0,0,1,0,0,0,0,1,0,0,0,0,0,1,0,0,0,0,1,1,0,0,0,0,1,0419-YAAPX
0,2,95.65,167.3,1,0.5717274357441722,5,1,0,0,1,0,0,1,0,0,0,0,1,0,0,0,0,0,1,0,1,0,0,0,0,1,0,0,0,0,8413-VONUO
0,59,69.1,4096.9,0,0.01686641118894774,6,1,1,0,1,0,1,0,0,0,1,0,0,0,0,0,1,0,0,0,1,1,0,1,0,0,1,0,0,1,0872-CASZJ
1,50,70.35,3454.6,0,0.02036415214496613,6,1,0,0,1,0,1,0,0,0,1,0,1,0,0,0,0,0,1,0,0,0,0,1,0,0,0,0,0,1,4726-DLWQN
0,59,20.6,1286.0,0,0.016018662519440126,1,0,1,1,1,0,0,0,1,1,0,1,0,1,0,1,0,1,0,1,0,0,1,0,0,0,1,0,0,1,8164-OCKUJ
0,18,74.15,1387.0,0,0.05346070656092286,3,1,0,0,1,0,1,1,0,0,0,0,0,0,0,0,0,0,0,0,0,0,0,0,0,0,1,1,0,0,3094-JOJAI
0,10,75.05,786.3,0,0.09544703039552334,3,1,0,0,1,0,1,1,0,0,0,0,0,0,0,0,0,0,0,0,0,0,0,0,0,1,0,0,0,0,9494-MRNYX
0,14,44.6,641.25,0,0.06955165692007798,2,1,1,0,1,0,0,0,0,0,0,0,0,0,0,0,0,0,0,0,0,1,0,0,0,1,0,1,0,0,2599-CZABP
0,35,21.45,705.45,0,0.030406123750797362,1,1,0,0,1,0,0,0,1,1,0,1,0,1,0,1,0,1,0,1,0,0,1,0,0,0,0,0,1,0,7945-PRBVF
0,8,43.45,345.5,0,0.12575976845151954,2,1,1,1,1,0,0,0,0,0,0,0,0,0,0,0,0,0,0,0,0,1,0,1,0,0,1,0,0,0,4544-RXFMG
0,18,20.05,345.9,0,0.05796472969066205,1,1,1,1,1,0,0,0,1,1,0,1,0,1,0,1,0,1,0,1,0,1,0,0,0,0,0,1,0,0,0859-YGKFW
0,60,94.15,5811.8,0,0.01619980040607041,6,0,1,1,1,0,1,1,0,0,1,0,1,0,0,0,0,0,1,0,0,1,0,0,0,0,0,0,0,1,1150-FTQGN
0,1,94.4,94.4,1,1.0,5,0,0,0,1,0,0,1,0,0,0,0,0,0,1,0,0,0,1,0,1,0,0,0,0,1,0,0,0,0,9223-UCPVT
0,6,19.55,124.45,0,0.1570912012856569,1,0,0,0,1,0,0,0,1,1,0,1,0,1,0,1,0,1,0,1,0,0,1,0,0,0,1,0,0,0,7196-LIWRH
0,19,75.9,1375.6,0,0.05517592323349812,7,0,0,1,1,0,1,0,0,0,1,0,1,0,0,0,1,0,1,0,0,0,0,1,0,0,1,1,0,0,5448-VWNAM
0,53,64.15,3491.55,0,0.01837292892841288,6,1,1,1,1,0,1,0,0,0,1,0,1,0,0,0,1,0,0,0,0,1,0,0,0,0,0,0,0,1,1177-XZBJL
1,72,109.55,7920.7,0,0.013830848283611297,8,1,1,0,1,0,1,1,0,0,1,0,1,0,1,0,0,0,1,0,1,0,1,1,0,0,0,0,0,1,3518-FSTWG
0,60,110.8,6640.7,0,0.0166849880283705,8,0,1,0,1,0,1,1,0,0,0,0,1,0,1,0,1,0,1,0,1,0,1,1,1,0,0,0,0,1,9330-VOFSZ
0,1,55.0,55.0,1,1.0,3,0,0,0,1,0,0,0,0,0,0,0,0,0,0,0,0,0,1,0,0,0,0,1,1,0,0,0,0,0,4351-QLCSU
0,13,53.45,718.1,0,0.07443253028826069,4,0,0,1,1,0,0,0,0,0,0,0,0,0,1,0,1,0,0,0,0,0,0,0,0,0,1,1,0,0,0939-EREMR
0,5,69.95,320.4,0,0.2183208489388265,2,0,1,1,1,0,0,1,0,0,0,0,0,0,0,0,0,0,0,0,0,0,0,0,1,0,0,0,0,0,9389-ACWBI
0,1,101.45,101.45,1,1.0,6,1,0,0,1,0,1,1,0,0,0,0,0,0,1,0,0,0,1,0,1,0,0,1,0,1,0,0,0,0,5419-JPRRN
0,13,97.0,1334.45,0,0.07268912285960508,5,1,1,1,1,0,0,1,0,0,0,0,0,0,1,0,0,0,1,0,1,0,0,0,0,1,0,1,0,0,3644-QXEHN
0,37,90.6,3358.65,0,0.02697512393372337,9,1,0,0,1,0,1,0,0,0,1,0,1,0,1,0,1,0,1,0,1,1,0,1,0,0,0,0,1,0,2911-IJORQ
0,64,73.55,4764.0,0,0.01543870696893367,3,1,1,0,1,0,0,1,0,0,1,0,0,0,0,0,0,0,0,0,0,0,0,1,0,0,1,0,0,1,5921-NGYRH
0,5,67.95,350.3,1,0.193976591493006,6,0,1,0,1,0,1,0,0,0,0,0,0,0,1,0,1,0,1,0,0,0,0,0,0,0,0,0,0,0,2100-BDNSN
0,61,94.35,5703.0,0,0.01654392425039453,6,0,1,0,1,0,1,1,0,0,0,0,1,0,0,0,1,0,0,0,1,0,1,1,0,0,0,0,0,1,5998-DZLYR
0,1,69.5,69.5,1,1.0,2,0,0,0,1,0,0,1,0,0,0,0,0,0,0,0,0,0,0,0,0,0,0,1,0,1,0,0,0,0,0488-GSLFR
0,1,18.85,18.85,1,1.0,1,1,0,0,1,0,0,0,1,1,0,1,0,1,0,1,0,1,0,1,0,0,0,1,0,0,1,0,0,0,9318-NKNFC
0,26,19.4,525.55,0,0.03691370944724574,1,1,0,0,1,0,0,0,1,1,0,1,0,1,0,1,0,1,0,1,0,1,0,0,0,0,1,0,1,0,3985-HOYPM
0,1,69.2,69.2,1,1.0,2,0,0,0,1,0,0,1,0,0,0,0,0,0,0,0,0,0,0,0,0,0,0,1,0,1,0,0,0,0,9728-FTTVZ
0,24,19.75,483.15,0,0.0408775742523026,1,1,1,0,1,0,0,0,1,1,0,1,0,1,0,1,0,1,0,1,0,0,1,0,0,0,1,1,0,0,9548-LERKT
0,17,54.6,934.8,0,0.058408215661103983,5,1,1,0,0,1,0,0,0,0,0,0,0,0,1,0,1,0,1,0,1,1,0,0,0,1,0,1,0,0,6576-FBXOJ
0,26,29.8,786.5,0,0.0378893833439288,2,0,0,1,0,1,0,0,0,0,0,0,0,0,1,0,0,0,0,0,0,0,0,1,0,0,1,0,1,0,4310-KEDTB
0,1,69.65,69.65,1,1.0,2,1,0,0,1,0,0,1,0,0,0,0,0,0,0,0,0,0,0,0,0,0,0,1,0,1,0,0,0,0,7254-IQWOZ
1,40,101.85,4086.3,1,0.024924748550033033,6,1,1,0,1,0,1,1,0,0,1,0,0,0,0,0,0,0,1,0,1,0,0,0,0,1,0,0,1,0,2474-BRUCM
0,52,103.05,5364.8,0,0.01920854458693707,7,1,0,0,1,0,1,1,0,0,0,0,1,0,1,0,0,0,1,0,1,0,0,1,0,1,0,0,0,1,4062-HBMOS
0,1,82.3,82.3,1,1.0,4,0,0,0,1,0,0,1,0,0,0,0,1,0,1,0,0,0,0,0,0,0,0,1,0,1,0,0,0,0,0742-NXBGR
0,1,20.3,20.3,0,1.0,1,1,0,0,1,0,0,0,1,1,0,1,0,1,0,1,0,1,0,1,0,0,0,0,0,0,1,0,0,0,2676-ISHSF
0,21,35.1,770.4,0,0.04556074766355141,3,0,0,0,0,1,0,0,0,0,1,0,0,0,0,0,1,0,0,0,0,0,1,0,0,0,1,1,0,0,9236-NDUCW
0,67,105.7,6816.95,0,0.015505467987883145,7,0,1,0,1,0,1,1,0,0,0,0,1,0,1,0,0,0,1,0,1,1,0,1,0,0,0,0,0,1,4753-PADAS
0,44,56.25,2419.55,0,0.023248124651278127,4,0,1,1,1,0,0,0,0,0,1,0,0,0,0,0,1,0,0,0,0,0,0,0,0,0,0,0,1,0,6103-QCKFX
0,70,60.35,4138.7,0,0.01458187353516805,6,1,1,1,0,1,0,0,0,0,0,0,1,0,1,0,1,0,1,0,1,1,0,0,0,1,0,0,0,1,7781-EWARA
0,3,79.25,267.6,1,0.29615097159940207,3,1,0,0,1,0,0,1,0,0,0,0,0,0,0,0,0,0,1,0,0,0,0,0,0,1,0,0,0,0,6110-OHIHY
0,56,59.8,3457.45,0,0.017295984034476276,5,1,1,1,1,0,0,0,0,0,1,0,1,0,1,0,0,0,0,0,0,0,1,1,0,0,0,0,0,1,7018-FPXHH
0,13,84.6,1115.2,1,0.07586083213773313,4,0,0,0,1,0,1,1,0,0,0,0,0,0,0,0,0,0,0,0,1,0,0,1,0,1,0,1,0,0,5889-LFOLL
0,58,93.4,5435.6,1,0.017183015674442564,6,0,1,1,1,0,1,1,0,0,1,0,1,0,0,0,0,0,0,0,1,0,0,1,0,0,0,0,0,1,5708-EVONK
0,42,94.2,4186.3,1,0.022501970713995654,5,0,1,1,1,0,1,1,0,0,0,0,0,0,0,0,0,0,1,0,1,0,0,1,0,1,0,0,1,0,8708-XPXHZ
1,1,25.05,25.05,1,1.0,1,1,1,0,0,1,0,0,0,0,0,0,0,0,0,0,0,0,0,0,0,0,0,0,0,1,0,0,0,0,0616-ATFGB
0,46,99.65,4630.2,0,0.021521748520582265,7,0,1,1,1,0,1,1,0,0,1,0,0,0,1,0,1,0,0,0,1,0,1,0,0,0,1,0,1,0,0572-ZJKLT
0,63,50.65,3221.25,0,0.01572370974000776,3,0,1,1,1,0,0,0,0,0,1,0,0,0,0,0,0,0,0,0,0,0,1,1,0,0,0,0,0,1,5135-RDDQL
0,11,60.9,688.5,0,0.08845315904139434,5,1,0,0,1,0,0,0,0,0,0,0,1,0,1,0,1,0,0,0,0,0,0,1,0,1,0,0,0,0,1353-LJWEM
0,15,59.65,867.1,0,0.06879252681351632,5,1,1,1,1,0,1,0,0,0,0,0,0,0,1,0,1,0,0,0,0,0,0,1,0,0,0,1,0,0,1794-SWWKL
0,72,64.7,4746.05,0,0.01363238903930637,7,1,1,0,0,1,0,0,0,0,1,0,1,0,1,0,1,0,1,0,1,0,1,1,0,1,0,0,0,1,6166-YIPFO
0,29,25.1,712.85,1,0.03521077365504664,1,0,0,0,0,1,0,0,0,0,0,0,0,0,0,0,0,0,0,0,0,0,0,1,1,0,0,0,1,0,7016-BPGEU
0,1,48.95,48.95,1,1.0,3,1,0,1,1,0,0,0,0,0,0,0,0,0,1,0,0,0,0,0,0,0,0,0,0,1,0,0,0,0,6876-ADESB
0,6,54.85,355.1,0,0.15446353139960575,3,0,1,1,1,0,0,0,0,0,0,0,0,0,0,0,0,0,1,0,0,0,0,0,0,1,0,0,0,0,9332-GYWLO
0,1,45.3,45.3,1,1.0,2,1,0,0,1,0,0,0,0,0,0,0,0,0,0,0,0,0,0,0,0,0,0,0,0,1,0,0,0,0,1963-SVUCV
0,63,91.35,5764.7,0,0.015846444741270144,5,1,1,1,1,0,1,1,0,0,0,0,1,0,0,0,0,0,0,0,1,1,0,1,0,1,0,0,0,1,4184-VODJZ
0,2,85.85,167.3,1,0.5131500298864314,4,1,0,0,1,0,0,1,0,0,0,0,0,0,1,0,0,0,0,0,1,0,0,1,0,1,0,0,0,0,0220-EBGCE
0,18,25.1,428.45,0,0.05858326525848991,2,0,1,1,1,0,1,0,1,1,0,1,0,1,0,1,0,1,0,1,0,0,1,0,0,0,1,1,0,0,1092-WPIVQ
0,43,34.0,1505.35,0,0.022586109542631284,3,0,1,0,0,1,0,0,0,0,1,0,0,0,0,0,1,0,0,0,0,0,0,0,0,0,0,0,1,0,7233-IOQNP
0,15,45.9,693.45,0,0.06619078520441271,5,0,0,0,0,1,0,0,0,0,1,0,1,0,1,0,1,0,0,0,0,1,0,0,0,0,1,1,0,0,2834-JKOOW
0,10,95.2,930.4,1,0.10232158211521927,5,1,0,1,1,0,1,1,0,0,0,0,0,0,0,0,0,0,1,0,1,0,0,0,0,1,0,0,0,0,2754-VDLTR
0,55,20.5,1177.95,0,0.01740311558215544,1,1,1,1,1,0,0,0,1,1,0,1,0,1,0,1,0,1,0,1,0,0,1,0,0,0,1,0,0,1,2400-FEQME
0,49,100.6,5069.65,1,0.01984357894529208,6,1,0,1,1,0,1,1,0,0,0,0,0,0,0,0,1,0,1,0,1,1,0,1,0,0,0,0,0,1,3190-XFANI
0,6,55.3,324.25,1,0.17054741711642252,4,1,1,1,1,0,0,0,0,0,0,0,1,0,1,0,0,0,0,0,0,0,0,1,0,0,1,0,0,0,7551-DACSP
0,70,20.35,1458.1,0,0.013956518757286882,1,1,1,1,1,0,0,0,1,1,0,1,0,1,0,1,0,1,0,1,0,0,1,0,1,0,0,0,0,1,4957-SREEC
1,2,74.85,156.4,1,0.4785805626598465,3,1,0,0,1,0,1,1,0,0,0,0,0,0,0,0,0,0,0,0,0,0,0,1,0,0,1,0,0,0,7235-NXZCP
1,63,36.1,2298.9,0,0.015703162382008785,3,1,1,0,0,1,0,0,0,0,1,0,0,0,0,0,1,0,0,0,0,1,0,0,0,0,0,0,0,1,0230-UBYPQ
0,25,65.8,1679.65,0,0.039174828089185244,5,0,0,0,1,0,0,0,0,0,0,0,1,0,0,0,1,0,0,0,1,0,0,1,0,0,0,0,1,0,4923-ADWXJ
1,18,20.35,369.6,0,0.05505952380952381,1,0,0,0,1,0,0,0,1,1,0,1,0,1,0,1,0,1,0,1,0,1,0,0,0,0,0,1,0,0,1763-KUAAW
1,28,105.8,2998.0,0,0.0352901934623082,7,1,1,0,1,0,1,1,0,0,0,0,1,0,0,0,1,0,1,0,1,0,0,1,0,1,0,0,1,0,1104-TNLZA
1,53,96.75,5206.55,0,0.018582362600954565,6,0,0,0,1,0,0,1,0,0,1,0,1,0,0,0,1,0,0,0,1,1,0,1,0,0,1,0,0,1,5195-KPUNQ
0,35,102.35,3626.1,1,0.02822591765257439,6,1,0,0,1,0,0,1,0,0,0,0,1,0,1,0,0,0,1,0,1,1,0,1,0,0,0,0,1,0,0520-FDVVT
0,1,24.4,24.4,0,1.0,1,1,0,0,0,1,0,0,0,0,0,0,0,0,0,0,0,0,0,0,0,0,0,0,0,0,1,0,0,0,3439-GVUSX
0,70,115.65,7968.85,1,0.014512759055572637,9,1,1,0,1,0,1,1,0,0,1,0,1,0,1,0,1,0,1,0,1,1,0,0,1,0,0,0,0,1,1444-VVSGW
0,2,79.85,152.45,1,0.5237782879632666,4,1,0,0,1,0,0,1,0,0,0,0,0,0,1,0,1,0,0,0,0,0,0,1,0,1,0,0,0,0,5712-PTIWW
0,26,73.05,1959.5,0,0.03727991834651697,6,0,1,0,1,0,0,0,0,0,0,0,1,0,0,0,1,0,1,0,1,0,0,1,0,1,0,0,1,0,5949-HGVJL
0,34,64.35,2053.05,0,0.03134361072550595,5,0,0,0,1,0,0,0,0,0,1,0,1,0,0,0,0,0,0,0,1,1,0,0,0,1,0,0,1,0,5203-XEHAX
0,19,20.5,398.55,0,0.05143645715719483,1,0,0,1,1,0,0,0,1,1,0,1,0,1,0,1,0,1,0,1,0,0,1,0,0,0,1,1,0,0,1635-HDGFT
0,15,76.0,1130.85,1,0.06720608391917585,3,1,0,0,1,0,1,1,0,0,0,0,0,0,0,0,0,0,0,0,0,0,0,1,0,0,1,1,0,0,3315-TOTBP
0,62,54.75,3425.35,0,0.0159837680820938,4,0,1,1,1,0,0,0,0,0,1,0,0,0,1,0,0,0,0,0,0,1,0,0,1,0,0,0,0,1,8050-XGRVL
1,42,104.75,4323.45,1,0.024228336166718708,7,0,0,0,1,0,1,1,0,0,0,0,1,0,1,0,0,0,1,0,1,0,0,1,0,0,0,0,1,0,6661-HBGWL
0,9,74.65,703.55,1,0.1061047544595267,6,0,0,0,1,0,0,0,0,0,1,0,1,0,0,0,0,0,1,0,1,0,0,1,0,1,0,0,0,0,1518-VOWAV
0,24,51.15,1275.7,0,0.04009563376969507,3,1,0,0,1,0,0,0,0,0,1,0,0,0,0,0,0,0,0,0,0,0,0,1,0,1,0,1,0,0,9828-QHFBK
1,68,41.95,2965.75,0,0.014144820028660542,4,1,1,0,0,1,0,0,0,0,1,0,1,0,1,0,0,0,0,0,0,0,1,1,0,1,0,0,0,1,3908-MKIMJ
0,31,54.35,1647.0,0,0.03299939283545841,4,1,1,1,1,0,0,0,0,0,0,0,0,0,1,0,1,0,0,0,0,0,0,0,0,0,1,0,1,0,5012-YSPJJ
0,1,56.25,56.25,1,1.0,3,0,0,0,1,0,0,0,0,0,0,0,0,0,0,0,0,0,0,0,1,0,0,1,0,1,0,0,0,0,5909-ECHUI
0,21,106.1,2249.95,1,0.04715660348007734,7,1,1,0,1,0,1,1,0,0,0,0,0,0,1,0,1,0,1,0,1,0,0,1,0,1,0,1,0,0,1309-BXVOQ
0,63,96.0,6109.75,0,0.015712590531527477,5,0,1,0,1,0,0,1,0,0,0,0,1,0,0,0,0,0,1,0,1,1,0,1,0,1,0,0,0,1,6728-VOIFY
1,2,79.75,159.4,1,0.5003136762860727,3,0,0,0,1,0,0,1,0,0,0,0,0,0,0,0,0,0,0,0,1,0,0,1,0,0,0,0,0,0,9317-WZPGV
0,61,61.45,3751.15,0,0.016381642962824735,6,0,1,1,0,1,0,0,0,0,0,0,1,0,1,0,1,0,1,0,1,0,1,1,0,0,0,0,0,1,4891-NLUBA
0,1,68.65,68.65,1,1.0,2,0,0,0,1,0,0,1,0,0,0,0,0,0,0,0,0,0,0,0,0,0,0,0,0,1,0,0,0,0,2856-HYAPG
0,18,19.65,411.25,0,0.047781155015197564,1,1,0,0,1,0,0,0,1,1,0,1,0,1,0,1,0,1,0,1,0,1,0,0,0,0,1,1,0,0,8969-PRHFK
0,6,19.0,105.5,0,0.18009478672985782,1,0,1,1,1,0,0,0,1,1,0,1,0,1,0,1,0,1,0,1,0,1,0,0,1,0,0,0,0,0,0661-KQHNK
0,33,100.0,3320.6,0,0.03011503945070168,6,0,0,0,1,0,1,1,0,0,0,0,1,0,0,0,0,0,1,0,1,0,0,1,0,1,0,0,1,0,8709-KRDVL
0,16,20.25,327.45,1,0.06184150251946862,1,1,0,0,1,0,0,0,1,1,0,1,0,1,0,1,0,1,0,1,0,0,0,0,0,0,0,1,0,0,4488-PSYCG
0,56,98.7,5669.5,0,0.017408942587529765,6,0,1,0,1,0,0,1,0,0,0,0,0,0,1,0,1,0,1,0,1,0,0,1,0,1,0,0,0,1,1427-VERSM
0,23,19.8,465.45,0,0.04253947792458911,1,1,0,1,1,0,0,0,1,1,0,1,0,1,0,1,0,1,0,1,0,1,0,0,0,0,1,1,0,0,9801-NOSHQ
0,9,73.8,704.3,0,0.10478489280136306,3,1,0,0,1,0,0,1,0,0,0,0,0,0,1,0,0,0,0,0,0,0,0,1,0,1,0,0,0,0,6339-YPSAH
1,14,100.2,1369.8,1,0.07314936487078406,6,0,1,0,1,0,1,1,0,0,0,0,1,0,0,0,0,0,1,0,1,0,0,1,0,1,0,1,0,0,3621-CEOVK
0,15,74.9,1107.25,1,0.06764506660645744,3,1,1,1,1,0,1,1,0,0,0,0,0,0,0,0,0,0,0,0,0,0,0,1,0,0,0,1,0,0,6906-ANDWJ
0,5,20.05,95.55,0,0.20983778126635272,1,1,0,0,1,0,0,0,1,1,0,1,0,1,0,1,0,1,0,1,0,0,0,0,1,0,0,0,0,0,2159-TURXX
0,61,106.2,6375.2,0,0.016658300916049692,7,1,1,0,1,0,1,1,0,0,1,0,1,0,0,0,0,0,1,0,1,0,0,1,0,1,0,0,0,1,1548-FEHVL
0,70,116.55,8152.3,0,0.014296578879579995,9,1,1,1,1,0,1,1,0,0,1,0,1,0,1,0,1,0,1,0,1,0,1,1,1,0,0,0,0,1,3795-CAWEX
0,15,99.7,1566.75,0,0.0636349130365406,6,1,0,0,1,0,1,1,0,0,1,0,0,0,0,0,0,0,1,0,1,0,0,1,0,1,0,1,0,0,6215-NQCPY
0,8,19.7,130.25,0,0.15124760076775431,1,1,1,1,1,0,0,0,1,1,0,1,0,1,0,1,0,1,0,1,0,0,1,0,0,0,1,0,0,0,5647-URDKA
0,8,19.5,162.15,0,0.12025901942645698,1,0,1,1,1,0,0,0,1,1,0,1,0,1,0,1,0,1,0,1,0,0,1,0,0,0,1,0,0,0,2229-DPMBI
0,4,29.15,110.05,0,0.26487960018173556,2,0,0,0,0,1,0,0,0,0,1,0,0,0,0,0,0,0,0,0,0,0,0,1,0,0,1,0,0,0,9626-WEQRM
0,34,55.0,1885.15,0,0.029175397183248016,4,0,0,0,1,0,0,0,0,0,1,0,1,0,0,0,0,0,0,0,0,1,0,0,0,0,1,0,1,0,2188-SXWVT
0,68,90.8,6302.85,0,0.01440618133066787,9,1,1,0,1,0,1,0,0,0,1,0,1,0,1,0,1,0,1,0,1,0,1,1,1,0,0,0,0,1,6258-PVZWJ
0,45,51.0,2264.5,0,0.022521527931110622,5,0,1,1,0,1,0,0,0,0,0,0,1,0,1,0,1,0,0,0,1,1,0,0,0,0,0,0,1,0,1094-BKOSX
1,9,90.1,816.8,0,0.11030852105778648,5,0,0,0,1,0,1,1,0,0,0,0,0,0,1,0,0,0,1,0,0,0,0,1,0,1,0,0,0,0,6969-MVBAI
0,22,59.05,1253.5,0,0.04710809732748304,5,0,0,0,1,0,1,0,0,0,1,0,0,0,0,0,1,0,0,0,0,0,0,1,0,0,1,1,0,0,2978-XXSOG
0,2,20.3,41.2,0,0.49271844660194175,1,0,0,0,1,0,0,0,1,1,0,1,0,1,0,1,0,1,0,1,0,0,0,0,0,0,1,0,0,0,2342-CKIAO
0,70,72.95,5265.55,0,0.013854203264616232,7,1,1,0,1,0,1,0,0,0,0,0,1,0,1,0,1,0,1,0,0,0,1,0,0,0,0,0,0,1,6953-PBDIN
0,10,73.55,693.3,0,0.10608683109764892,7,0,0,1,1,0,1,0,0,0,1,0,0,0,1,0,1,0,0,0,1,1,0,0,1,0,0,0,0,0,3898-BSJYF
0,72,84.3,5997.1,0,0.014056794117156624,8,1,0,0,1,0,1,0,0,0,1,0,0,0,1,0,1,0,1,0,1,0,1,0,1,0,0,0,0,1,3938-YFPXD
0,49,78.0,3824.2,0,0.020396422781235293,6,0,1,1,1,0,0,0,0,0,0,0,1,0,1,0,0,0,1,0,1,1,0,0,1,0,0,0,0,1,7696-AMHOD
1,54,72.1,3886.05,0,0.01855354408718364,6,0,0,0,1,0,1,0,0,0,0,0,1,0,0,0,1,0,1,0,0,1,0,0,0,0,1,0,0,1,2453-SAFNS
0,71,106.75,7283.25,0,0.014656918271376104,8,0,0,0,1,0,1,1,0,0,1,0,1,0,1,0,0,0,1,0,1,0,1,1,1,0,0,0,0,1,9558-IHEZX
0,22,19.25,412.55,0,0.046661010786571325,1,0,0,0,1,0,0,0,1,1,0,1,0,1,0,1,0,1,0,1,0,1,0,1,0,0,1,1,0,0,9617-UDPEU
0,50,20.55,1070.25,0,0.019201121233356693,1,0,1,1,1,0,0,0,1,1,0,1,0,1,0,1,0,1,0,1,0,0,1,0,1,0,0,0,0,1,6340-DACFT
0,43,20.0,817.95,0,0.024451372333272204,1,0,1,1,1,0,0,0,1,1,0,1,0,1,0,1,0,1,0,1,0,1,0,0,0,0,1,0,1,0,4955-VCWBI
0,45,24.65,1171.3,0,0.02104499274310595,2,0,1,1,1,0,1,0,1,1,0,1,0,1,0,1,0,1,0,1,0,0,1,1,1,0,0,0,1,0,6813-GZQCG
1,64,103.5,6548.65,0,0.015804784192161744,7,1,0,0,1,0,1,1,0,0,1,0,1,0,0,0,0,0,1,0,1,0,0,1,0,0,0,0,0,1,7426-GSWPO
0,23,23.85,625.65,0,0.03812035483097579,2,0,1,1,1,0,1,0,1,1,0,1,0,1,0,1,0,1,0,1,0,0,1,0,0,0,1,1,0,0,3389-KTRXV
0,68,25.8,1911.5,0,0.013497253465864504,2,0,1,0,1,0,1,0,1,1,0,1,0,1,0,1,0,1,0,1,0,0,1,0,1,0,0,0,0,1,3118-UHVVQ
0,1,70.85,70.85,1,1.0,2,0,0,0,1,0,0,1,0,0,0,0,0,0,0,0,0,0,0,0,0,0,0,1,0,1,0,0,0,0,1031-IIDEO
0,2,69.8,134.7,1,0.51818856718634,2,1,0,0,1,0,0,1,0,0,0,0,0,0,0,0,0,0,0,0,0,0,0,1,1,0,0,0,0,0,5832-XKAES
0,26,59.45,1507.0,0,0.03944923689449237,4,1,0,0,1,0,0,0,0,0,0,0,0,0,0,0,1,0,1,0,0,1,0,0,1,0,0,0,1,0,3205-MXZRA
0,55,54.55,2978.3,1,0.018315817748379946,5,1,1,0,0,1,0,0,0,0,0,0,0,0,1,0,1,0,1,0,1,0,0,1,0,0,0,0,0,1,4701-AHWMW
0,14,20.05,299.3,0,0.06698964249916471,1,1,0,0,1,0,0,0,1,1,0,1,0,1,0,1,0,1,0,1,0,0,0,1,0,1,0,1,0,0,8317-BVKSO
0,71,82.55,5832.65,0,0.01415308650441909,7,1,1,0,1,0,0,0,0,0,1,0,0,0,1,0,1,0,1,0,1,0,1,1,0,1,0,0,0,1,5702-KVQRD
0,64,81.25,5567.55,0,0.01459349264937001,8,1,0,0,1,0,1,0,0,0,1,0,1,0,1,0,1,0,1,0,0,1,0,0,0,1,0,0,0,1,0083-PIVIK
0,7,70.75,450.8,1,0.15694321206743567,5,0,0,0,1,0,0,0,0,0,0,0,0,0,0,0,1,0,1,0,1,0,0,1,1,0,0,0,0,0,9210-IAHGH
0,57,74.3,4166.35,0,0.01783335533500546,7,0,0,0,1,0,0,0,0,0,1,0,1,0,1,0,1,0,1,0,0,0,1,1,1,0,0,0,0,1,6169-PGNCD
0,13,94.1,1215.6,1,0.0774103323461665,6,0,1,0,1,0,1,1,0,0,0,0,1,0,1,0,0,0,1,0,0,0,0,0,0,1,0,1,0,0,0023-XUOPT
0,3,29.7,91.7,1,0.3238822246455834,2,0,1,1,0,1,0,0,0,0,1,0,0,0,0,0,0,0,0,0,0,0,0,0,1,0,0,0,0,0,4592-IWTJI
1,72,109.7,7898.45,0,0.01388880096727839,8,1,1,0,1,0,1,1,0,0,0,0,1,0,1,0,1,0,1,0,1,0,1,0,1,0,0,0,0,1,4909-JOUPP
0,40,96.35,3915.4,0,0.024607958318434896,6,0,1,1,1,0,1,1,0,0,0,0,1,0,1,0,0,0,1,0,0,0,0,1,1,0,0,0,1,0,4657-FWVFY
0,14,66.6,979.5,0,0.06799387442572741,5,1,1,0,1,0,1,0,0,0,0,0,0,0,0,0,1,0,1,0,0,0,0,1,1,0,0,1,0,0,2257-BOVXD
0,2,44.5,90.05,0,0.49416990560799556,2,1,1,1,1,0,0,0,0,0,0,0,0,0,0,0,0,0,0,0,0,0,0,1,0,1,0,0,0,0,7729-JTEEC
1,66,110.9,7432.05,1,0.014921858706547992,8,1,0,0,1,0,1,1,0,0,0,0,1,0,1,0,1,0,1,0,1,1,0,0,1,0,0,0,0,1,7632-MNYOY
0,38,105.0,4026.4,1,0.0260778859527121,7,0,1,0,1,0,1,1,0,0,0,0,0,0,1,0,1,0,1,0,1,0,0,1,0,1,0,0,1,0,6518-LGAOV
0,1,25.3,25.3,1,1.0,1,1,0,1,0,1,0,0,0,0,0,0,0,0,0,0,0,0,0,0,0,0,0,1,0,1,0,0,0,0,7242-QZLXF
0,22,55.15,1193.05,1,0.04622605925988014,4,1,0,0,1,0,0,0,0,0,0,0,1,0,0,0,1,0,0,0,0,1,0,1,1,0,0,1,0,0,4576-CSAJH
0,1,20.1,20.1,1,1.0,1,1,0,0,1,0,0,0,1,1,0,1,0,1,0,1,0,1,0,1,0,0,0,1,0,0,1,0,0,0,1000-AJSLD
0,5,80.1,398.55,0,0.20097854723372222,3,1,0,0,1,0,0,1,0,0,0,0,0,0,0,0,0,0,1,0,0,0,0,1,0,0,1,0,0,0,9696-RMYBA
0,29,69.05,1958.45,0,0.03525747402282417,6,1,1,1,1,0,1,0,0,0,1,0,0,0,0,0,1,0,1,0,0,1,0,0,0,0,0,0,1,0,8690-UPCZI
0,1,69.9,69.9,1,1.0,2,1,1,1,1,0,0,1,0,0,0,0,0,0,0,0,0,0,0,0,0,0,0,1,0,0,1,0,0,0,1062-LHZOD
0,3,20.4,63.15,0,0.3230403800475059,1,0,0,0,1,0,0,0,1,1,0,1,0,1,0,1,0,1,0,1,0,0,0,0,0,0,1,0,0,0,9770-LXDBK
0,71,19.7,1301.1,0,0.015141034509261395,1,1,1,1,1,0,0,0,1,1,0,1,0,1,0,1,0,1,0,1,0,0,1,0,1,0,0,0,0,1,4086-WITJG
0,9,50.1,484.05,0,0.10350170436938333,3,1,0,1,1,0,0,0,0,0,0,0,1,0,0,0,0,0,0,0,0,0,0,1,0,1,0,0,0,0,8344-WFMFH
0,43,101.4,4528.0,1,0.02239399293286219,6,1,0,0,1,0,1,1,0,0,0,0,1,0,0,0,0,0,1,0,1,0,0,1,0,1,0,0,1,0,9600-NAXZN
0,48,83.45,3887.85,0,0.021464305464459793,8,0,0,0,1,0,1,0,0,0,1,0,1,0,1,0,0,0,1,0,1,1,0,1,1,0,0,0,1,0,8822-KNBHV
0,26,86.65,2208.75,0,0.039230333899264294,5,1,0,0,1,0,1,1,0,0,1,0,1,0,0,0,0,0,0,0,0,0,0,1,1,0,0,0,1,0,8404-FYDIB
0,9,20.15,238.15,0,0.08461053957589754,1,0,0,0,1,0,0,0,1,1,0,1,0,1,0,1,0,1,0,1,0,0,0,0,0,0,0,0,0,0,2791-SFVEW
0,1,80.8,80.8,1,1.0,3,1,0,0,1,0,0,1,0,0,0,0,0,0,0,0,0,0,0,0,1,0,0,1,0,1,0,0,0,0,6457-USBER
0,46,19.4,958.15,0,0.020247351667275478,1,0,1,1,1,0,0,0,1,1,0,1,0,1,0,1,0,1,0,1,0,0,1,0,1,0,0,0,1,0,6762-NSODU
0,2,62.05,118.3,1,0.5245139475908707,4,1,0,0,1,0,1,0,0,0,0,0,0,0,0,0,0,0,0,0,1,0,0,0,0,0,0,0,0,0,4662-EKDPQ
1,1,76.45,76.45,1,1.0,3,1,0,0,1,0,1,1,0,0,0,0,0,0,0,0,0,0,0,0,0,0,0,1,0,1,0,0,0,0,9248-OJYKK
0,64,60.05,3845.45,0,0.015615857701959458,6,1,1,1,0,1,0,0,0,0,1,0,0,0,1,0,1,0,1,0,1,0,1,1,0,0,0,0,0,1,9888-ZCUMM
1,12,91.3,1094.5,1,0.08341708542713568,5,0,0,0,1,0,1,1,0,0,0,0,1,0,0,0,0,0,1,0,0,0,0,1,0,1,0,0,0,0,3398-FSHON
1,6,95.75,573.75,1,0.16688453159041394,5,1,1,0,1,0,0,1,0,0,0,0,0,0,1,0,0,0,1,0,1,0,0,1,0,1,0,0,0,0,3319-DWOEP
0,59,20.35,1267.0,0,0.016061562746645622,1,0,1,0,1,0,0,0,1,1,0,1,0,1,0,1,0,1,0,1,0,1,0,0,0,0,1,0,0,1,1074-WVEVG
0,7,94.05,633.45,0,0.14847264977504143,5,0,0,0,1,0,0,1,0,0,0,0,1,0,0,0,0,0,1,0,1,1,0,1,0,0,1,0,0,0,9979-RGMZT
1,72,84.1,6129.65,0,0.013720196096025058,8,0,1,0,1,0,1,0,0,0,1,0,1,0,1,0,0,0,1,0,1,0,1,1,1,0,0,0,0,1,6437-UDQJM
1,16,78.75,1218.25,0,0.064641904371024,3,1,0,0,1,0,0,1,0,0,0,0,0,0,0,0,0,0,0,0,1,0,0,1,0,1,0,1,0,0,1226-IENZN
0,25,55.55,1405.3,0,0.03952892620792713,4,1,1,0,1,0,1,0,0,0,0,0,0,0,1,0,0,0,0,0,0,0,0,0,1,0,0,0,1,0,2108-GLPQB
0,34,62.65,2274.9,1,0.027539672073497733,6,0,1,0,1,0,1,0,0,0,1,0,1,0,0,0,1,0,0,0,0,0,0,0,0,1,0,0,1,0,9259-PACGQ
0,1,74.5,74.5,1,1.0,3,0,0,0,1,0,1,1,0,0,0,0,0,0,0,0,0,0,0,0,0,0,0,1,0,1,0,0,0,0,4415-IJZTP
0,10,102.1,1068.85,1,0.0955232258969921,7,0,1,1,1,0,1,1,0,0,0,0,1,0,1,0,0,0,1,0,1,0,0,1,1,0,0,0,0,0,1465-VINDH
0,24,20.1,533.9,0,0.03764749953174752,1,1,1,0,1,0,0,0,1,1,0,1,0,1,0,1,0,1,0,1,0,1,0,0,0,0,1,1,0,0,5474-LAMUQ
0,10,70.3,676.15,0,0.10397101234933077,6,0,1,1,1,0,1,0,0,0,1,0,1,0,0,0,0,0,1,0,0,1,0,0,0,1,0,0,0,0,3468-DRVQJ
0,69,53.65,3804.4,0,0.014102092314162549,4,1,1,0,1,0,0,0,0,0,1,0,1,0,0,0,0,0,0,0,0,1,0,1,1,0,0,0,0,1,1122-YJBCS
0,57,20.75,1118.8,0,0.018546657132642117,1,1,0,0,1,0,0,0,1,1,0,1,0,1,0,1,0,1,0,1,0,0,1,0,0,0,1,0,0,1,4990-ALDGW
0,50,103.4,5236.4,0,0.01974639065006493,7,1,1,1,1,0,0,1,0,0,0,0,1,0,1,0,1,0,1,0,1,1,0,1,0,0,0,0,0,1,4816-OKWNX
0,28,50.8,1386.8,0,0.03663109316411883,5,1,1,1,0,1,0,0,0,0,1,0,0,0,1,0,1,0,1,0,0,1,0,0,0,0,1,0,1,0,3315-IKYZQ
0,16,50.15,762.25,1,0.06579206297146606,3,0,0,0,1,0,0,0,0,0,1,0,0,0,0,0,0,0,0,0,0,0,0,1,0,1,0,1,0,0,2810-FTLEM
0,25,79.0,1902.0,0,0.04153522607781283,7,1,0,0,1,0,0,0,0,0,1,0,1,0,0,0,1,0,1,0,1,0,0,1,0,0,1,0,1,0,4747-LCAQL
1,3,74.6,239.05,0,0.31206860489437355,3,0,1,0,1,0,0,1,0,0,0,0,1,0,0,0,0,0,0,0,0,0,0,1,0,0,0,0,0,0,3411-WLRSQ
0,61,96.5,5673.7,0,0.01700830146112766,5,1,1,0,1,0,1,1,0,0,0,0,0,0,0,0,0,0,1,0,1,1,0,1,0,0,0,0,0,1,0898-XCGTF
0,2,20.1,39.8,0,0.5050251256281407,1,0,0,0,1,0,0,0,1,1,0,1,0,1,0,1,0,1,0,1,0,0,0,0,0,0,1,0,0,0,8006-PYCSW
0,51,19.4,997.75,0,0.019443748433976445,1,1,1,1,1,0,0,0,1,1,0,1,0,1,0,1,0,1,0,1,0,1,0,0,0,0,1,0,0,1,8249-THVEC
0,71,77.55,5574.35,0,0.01391193592078,6,0,1,1,1,0,0,0,0,0,1,0,0,0,1,0,0,0,1,0,1,0,1,0,1,0,0,0,0,1,8722-PRFDV
0,20,20.05,406.05,0,0.04937815539958133,1,0,1,1,1,0,0,0,1,1,0,1,0,1,0,1,0,1,0,1,0,0,0,0,0,0,1,1,0,0,2164-SOQXL
0,6,19.85,138.85,0,0.14296002880806627,1,1,1,1,1,0,0,0,1,1,0,1,0,1,0,1,0,1,0,1,0,0,0,0,1,0,0,0,0,0,4020-KIUDI
0,6,20.2,123.65,0,0.16336433481601292,1,0,0,0,1,0,0,0,1,1,0,1,0,1,0,1,0,1,0,1,0,0,0,0,0,0,1,0,0,0,5850-BDWCY
0,29,67.45,1801.1,0,0.03744933651657321,6,0,0,0,1,0,1,0,0,0,1,0,1,0,0,0,1,0,0,0,0,0,0,0,0,0,1,0,1,0,2038-YSEZE
0,36,18.55,689.0,0,0.026923076923076925,1,1,0,0,1,0,0,0,1,1,0,1,0,1,0,1,0,1,0,1,0,0,1,1,1,0,0,0,1,0,0827-ITJPH
0,28,29.75,790.7,0,0.037624889338560764,2,0,0,0,0,1,0,0,0,0,0,0,0,0,1,0,0,0,0,0,0,0,0,1,0,0,1,0,1,0,8799-OXZMD
0,7,86.5,582.5,1,0.14849785407725322,4,0,1,0,1,0,1,1,0,0,0,0,0,0,0,0,0,0,1,0,0,0,0,1,0,1,0,0,0,0,1925-TIBLE
0,63,24.2,1618.2,0,0.014954888147324187,2,0,0,0,1,0,1,0,1,1,0,1,0,1,0,1,0,1,0,1,0,0,1,0,0,0,1,0,0,1,1705-GUHPV
0,48,23.55,1173.35,0,0.020070737631567737,2,1,1,1,1,0,1,0,1,1,0,1,0,1,0,1,0,1,0,1,0,0,1,0,0,0,1,0,1,0,4779-ZGICK
0,49,20.45,900.9,0,0.0226995226995227,1,0,1,0,1,0,0,0,1,1,0,1,0,1,0,1,0,1,0,1,0,1,0,0,0,0,0,0,0,1,0048-PIHNL
1,27,81.45,2122.05,1,0.03838269597794585,4,1,0,0,1,0,1,1,0,0,0,0,1,0,0,0,0,0,0,0,0,0,0,1,0,1,0,0,1,0,0818-OCPZO
0,72,92.3,6719.9,0,0.01373532344231313,9,1,1,0,1,0,1,0,0,0,1,0,1,0,1,0,1,0,1,0,1,0,1,0,1,0,0,0,0,1,3967-KXAPS
0,1,69.15,69.15,1,1.0,2,1,1,0,1,0,0,1,0,0,0,0,0,0,0,0,0,0,0,0,0,0,0,1,0,1,0,0,0,0,1447-GIQMR
0,72,53.65,3784.0,0,0.014178118393234672,5,0,1,1,0,1,0,0,0,0,0,0,1,0,0,0,1,0,1,0,1,0,1,0,1,0,0,0,0,1,3704-IEAXF
0,47,39.65,1798.65,0,0.022044311011036054,4,0,0,0,0,1,0,0,0,0,1,0,1,0,0,0,1,0,0,0,0,1,0,0,1,0,0,0,1,0,6810-VCAEX
0,1,54.65,54.65,0,1.0,3,0,0,0,1,0,0,0,0,0,0,0,0,0,0,0,0,0,1,0,0,0,0,1,0,1,0,0,0,0,0674-EYYZV
0,36,104.8,3886.45,0,0.02696548263839751,7,0,0,0,1,0,1,1,0,0,0,0,1,0,1,0,0,0,1,0,1,1,0,1,0,0,0,0,1,0,4480-MBMLB
0,43,29.3,1224.05,0,0.023936930680936237,2,1,1,1,0,1,0,0,0,0,0,0,1,0,0,0,0,0,0,0,0,0,0,0,1,0,0,0,1,0,1395-OFUWC
1,27,83.85,2310.2,0,0.036295558826075665,8,0,1,0,1,0,1,0,0,0,0,0,1,0,1,0,1,0,1,0,1,0,0,0,0,1,0,0,1,0,0822-QGCXA
0,9,79.55,723.4,1,0.1099668233342549,3,0,0,0,1,0,0,1,0,0,0,0,0,0,0,0,0,0,0,0,1,0,0,1,0,1,0,0,0,0,0872-NXJYS
0,38,103.65,3988.5,0,0.02598721323805942,7,0,0,0,1,0,1,1,0,0,0,0,0,0,1,0,1,0,1,0,1,0,0,1,0,1,0,0,1,0,2832-KJCRD
1,35,99.05,3554.6,0,0.0278653012997243,6,0,0,0,1,0,1,1,0,0,1,0,0,0,0,0,0,0,1,0,1,0,0,1,0,1,0,0,1,0,3588-WSTTJ
0,0,73.35,0.0,0,0.0,7,0,1,1,1,0,1,0,0,0,0,0,1,0,1,0,1,0,1,0,0,0,1,0,0,0,1,0,0,0,4075-WKNIU
0,59,100.05,6034.85,0,0.016578705353074225,6,0,1,0,1,0,0,1,0,0,0,0,1,0,0,0,1,0,1,0,1,0,1,1,0,0,1,0,0,1,5090-EMGTC
0,27,20.35,531.6,0,0.03828066215199398,1,1,0,0,1,0,0,0,1,1,0,1,0,1,0,1,0,1,0,1,0,0,1,0,1,0,0,0,1,0,2346-CZYIL
1,2,43.95,85.1,0,0.5164512338425382,2,0,0,0,1,0,0,0,0,0,0,0,0,0,0,0,0,0,0,0,0,0,0,0,0,1,0,0,0,0,3798-EPWRR
0,7,23.5,173.0,0,0.13583815028901733,2,1,0,0,1,0,1,0,1,1,0,1,0,1,0,1,0,1,0,1,0,0,0,0,0,0,1,0,0,0,6258-NGCNG
0,36,70.7,2511.95,0,0.02814546467883517,6,0,0,0,1,0,1,0,0,0,0,0,1,0,0,0,1,0,0,0,1,1,0,1,0,0,1,0,1,0,4186-ZBUEW
0,41,94.3,3893.6,0,0.02421923155948223,6,0,1,1,1,0,1,1,0,0,1,0,1,0,0,0,0,0,1,0,0,0,0,1,0,0,0,0,1,0,5274-XHAKY
0,13,29.15,357.15,0,0.08161836763264735,2,0,0,0,0,1,0,0,0,0,0,0,1,0,0,0,0,0,0,0,0,0,0,0,0,1,0,1,0,0,1442-BQPVU
0,19,20.85,467.5,0,0.044598930481283425,1,1,0,1,1,0,0,0,1,1,0,1,0,1,0,1,0,1,0,1,0,0,1,0,1,0,0,1,0,0,3978-YNKDD
0,60,37.7,2288.7,0,0.016472233145453753,4,0,1,0,0,1,0,0,0,0,1,0,1,0,0,0,1,0,0,0,0,0,1,0,0,0,0,0,0,1,4940-KHCWD
0,48,95.5,4627.85,1,0.020635932452434714,6,0,0,1,1,0,0,1,0,0,0,0,1,0,1,0,1,0,1,0,0,0,1,1,0,0,1,0,1,0,9412-ARGBX
1,3,91.05,289.1,1,0.3149429263230716,5,1,0,0,1,0,1,1,0,0,0,0,0,0,1,0,0,0,1,0,0,0,0,0,0,1,0,0,0,0,1389-CXMLU
0,69,92.45,6460.55,0,0.014309927173383072,6,1,1,0,1,0,1,1,0,0,0,0,1,0,0,0,1,0,1,0,0,0,1,1,0,0,1,0,0,1,9589-ABEPT
0,43,44.15,1931.3,0,0.022860249572826594,4,1,0,0,0,1,0,0,0,0,0,0,0,0,1,0,1,0,0,0,1,1,0,0,0,1,0,0,1,0,9388-ZEYVT
0,11,36.05,402.6,0,0.08954297069051166,3,0,0,1,0,1,0,0,0,0,1,0,0,0,0,0,1,0,0,0,0,1,0,1,0,0,1,0,0,0,0305-SQECB
0,45,50.25,2221.55,0,0.022619342351061195,3,0,1,0,1,0,0,0,0,0,0,0,0,0,1,0,0,0,0,0,0,0,0,1,1,0,0,0,1,0,7605-SNLQG
0,72,109.75,7758.9,0,0.014145046333887537,8,1,1,0,1,0,1,1,0,0,0,0,1,0,1,0,1,0,1,0,1,0,1,1,1,0,0,0,0,1,4670-TABXH
1,2,79.2,172.85,1,0.45820075209719413,4,0,1,0,1,0,1,1,0,0,0,0,0,0,1,0,0,0,0,0,0,0,0,0,0,1,0,0,0,0,5561-NWEVX
0,12,20.3,224.5,0,0.09042316258351893,1,0,1,1,1,0,0,0,1,1,0,1,0,1,0,1,0,1,0,1,0,0,1,0,0,0,0,0,0,0,0064-SUDOG
0,67,112.35,7388.45,0,0.015206166381311371,8,0,1,1,1,0,1,1,0,0,0,0,1,0,1,0,1,0,1,0,1,1,0,1,1,0,0,0,0,1,8561-NMTBD
0,37,94.3,3460.95,0,0.027246854187434087,6,1,1,0,1,0,1,1,0,0,0,0,0,0,1,0,1,0,1,0,0,0,1,0,0,0,1,0,1,0,5161-XEUVX
0,39,41.15,1700.9,0,0.024193074254806275,4,0,0,0,0,1,0,0,0,0,1,0,1,0,0,0,1,0,0,0,0,1,0,0,0,0,0,0,1,0,8292-FRFZQ
0,41,74.65,3090.65,0,0.02415349521945222,7,0,0,0,1,0,1,0,0,0,1,0,0,0,1,0,1,0,0,0,1,0,0,1,0,0,0,0,1,0,8591-NXRCV
0,25,48.25,1293.8,0,0.037293244705518626,4,0,0,0,0,1,0,0,0,0,0,0,0,0,1,0,0,0,1,0,1,0,0,1,0,1,0,0,1,0,7895-VONWT
0,8,76.15,645.8,0,0.11791576339423972,7,1,1,1,1,0,1,0,0,0,1,0,1,0,0,0,1,0,0,0,1,0,1,1,1,0,0,0,0,0,4526-RMTLL
0,71,71.1,5224.95,0,0.013607785720437516,7,0,1,1,1,0,1,0,0,0,1,0,1,0,1,0,1,0,0,0,0,0,1,0,0,0,1,0,0,1,6253-GNHWH
0,5,96.55,500.1,0,0.19306138772245549,6,1,0,0,1,0,1,1,0,0,0,0,1,0,1,0,0,0,0,0,1,0,0,0,0,1,0,0,0,0,4566-NECEV
0,30,79.3,2427.1,0,0.03267273701124799,7,0,0,0,1,0,1,0,0,0,1,0,0,0,1,0,0,0,1,0,1,1,0,1,1,0,0,0,1,0,8080-POTJR
0,40,89.6,3488.15,0,0.025686968737009586,5,1,0,0,1,0,0,1,0,0,0,0,1,0,0,0,1,0,0,0,1,1,0,1,1,0,0,0,1,0,6906-MPARY
0,54,20.5,1035.7,0,0.01979337646036497,1,0,0,0,1,0,0,0,1,1,0,1,0,1,0,1,0,1,0,1,0,0,1,1,0,0,1,0,0,1,3662-FXJFO
0,72,106.3,7565.35,0,0.014050903130720983,7,1,1,0,1,0,1,1,0,0,0,0,1,0,1,0,0,0,1,0,1,0,1,1,0,0,0,0,0,1,8107-RZLNV
0,28,100.35,2799.0,0,0.03585209003215434,6,1,1,1,1,0,0,1,0,0,0,0,1,0,1,0,0,0,1,0,1,1,0,0,0,0,0,0,1,0,0516-OOHAR
0,18,85.6,1601.5,0,0.053449890727443015,4,1,1,1,1,0,0,1,0,0,0,0,0,0,0,0,1,0,0,0,1,0,0,1,0,1,0,1,0,0,2027-CWDNU
0,2,45.25,85.5,1,0.5292397660818714,3,0,0,0,0,1,0,0,0,0,0,0,0,0,0,0,0,0,1,0,1,0,0,1,0,1,0,0,0,0,2737-WFVYW
0,59,106.15,6256.2,0,0.01696716856877977,7,0,1,1,1,0,1,1,0,0,0,0,1,0,1,0,0,0,1,0,1,1,0,1,0,1,0,0,0,1,9912-OMZDS
0,22,51.1,1232.9,0,0.04144699489009652,3,1,1,1,1,0,0,0,0,0,0,0,0,0,0,0,1,0,0,0,0,0,0,1,0,1,0,1,0,0,3733-ZEECP
0,1,19.9,19.9,0,1.0,1,0,0,0,1,0,0,0,1,1,0,1,0,1,0,1,0,1,0,1,0,0,0,0,0,0,1,0,0,0,7878-RTCZG
1,72,25.7,1937.4,0,0.01326520078455662,2,0,1,0,1,0,1,0,1,1,0,1,0,1,0,1,0,1,0,1,0,0,1,1,1,0,0,0,0,1,2452-MRMZF
1,14,74.3,1096.25,1,0.06777651083238312,3,0,0,0,1,0,1,1,0,0,0,0,0,0,0,0,0,0,0,0,0,0,0,1,0,1,0,1,0,0,2272-QAGFO
0,50,99.4,5059.75,0,0.01964523938929789,6,1,1,0,1,0,1,1,0,0,0,0,0,0,0,0,1,0,1,0,1,1,0,0,0,1,0,0,0,1,7103-IPXPJ
0,48,69.7,3023.65,0,0.023051609809336397,6,0,1,1,1,0,0,0,0,0,1,0,0,0,1,0,1,0,1,0,0,1,0,0,0,0,0,0,1,0,4342-HFXWS
0,49,98.35,4889.2,0,0.020115765360386156,6,0,1,1,1,0,1,1,0,0,0,0,1,0,0,0,0,0,1,0,1,0,0,1,0,1,0,0,0,1,3545-CNWRG
0,28,85.45,2289.9,0,0.0373160400017468,4,1,1,1,1,0,0,1,0,0,0,0,0,0,1,0,0,0,1,0,0,0,0,0,0,1,0,0,1,0,1785-BPHTP
1,68,95.9,6503.2,0,0.014746586295977367,6,1,0,0,1,0,1,1,0,0,0,0,1,0,1,0,0,0,0,0,1,0,0,1,0,1,0,0,0,1,4989-LIXVT
0,13,100.75,1313.25,0,0.07671806586712354,6,1,0,0,1,0,1,1,0,0,0,0,0,0,0,0,1,0,1,0,1,0,0,0,0,1,0,1,0,0,7315-WYOAW
0,11,89.2,990.3,0,0.09007371503584773,5,0,0,0,1,0,1,1,0,0,0,0,0,0,1,0,0,0,1,0,0,0,0,1,0,1,0,0,0,0,1173-XZPYF
0,3,74.1,228.0,1,0.32499999999999996,3,0,1,0,1,0,1,1,0,0,0,0,0,0,0,0,0,0,0,0,0,0,0,1,1,0,0,0,0,0,9850-OWRHQ
1,57,100.6,5746.15,1,0.01750737450292805,6,1,1,0,1,0,1,1,0,0,0,0,0,0,1,0,0,0,1,0,1,0,0,0,0,1,0,0,0,1,3768-NLUBH
0,3,75.0,209.1,1,0.3586800573888092,3,1,0,0,1,0,1,1,0,0,0,0,0,0,0,0,0,0,0,0,0,0,0,0,0,0,1,0,0,0,8676-TRMJS
0,72,25.75,1864.2,0,0.013812895612058791,2,1,1,0,1,0,1,0,1,1,0,1,0,1,0,1,0,1,0,1,0,0,1,0,1,0,0,0,0,1,2509-TFPJU
0,70,84.1,5979.7,0,0.014064250714918809,8,1,1,1,1,0,1,0,0,0,0,0,1,0,1,0,1,0,1,0,1,0,1,1,0,1,0,0,0,1,9530-GRMJG
0,49,79.3,3902.45,0,0.020320567848402925,7,0,1,1,1,0,1,0,0,0,0,0,1,0,0,0,1,0,1,0,1,0,1,0,0,0,0,0,0,1,6898-RBTLU
1,67,107.05,7142.5,0,0.014987749387469372,7,0,1,0,1,0,1,1,0,0,1,0,0,0,1,0,0,0,1,0,1,1,0,1,1,0,0,0,0,1,5481-NTDOH
0,46,20.05,902.0,0,0.022228381374722838,1,1,0,0,1,0,0,0,1,1,0,1,0,1,0,1,0,1,0,1,0,0,1,0,0,0,0,0,1,0,2068-WWXQZ
1,64,70.2,4481.0,1,0.01566614594956483,6,0,0,0,1,0,0,0,0,0,1,0,1,0,0,0,1,0,1,0,0,0,1,1,1,0,0,0,0,1,7359-SSBJK
0,37,19.5,805.2,0,0.02421758569299553,1,0,1,0,1,0,0,0,1,1,0,1,0,1,0,1,0,1,0,1,0,0,0,0,0,0,0,0,1,0,2061-VVFST
1,2,70.75,154.85,1,0.45689376816273813,2,0,0,0,1,0,0,1,0,0,0,0,0,0,0,0,0,0,0,0,0,0,0,0,0,1,0,0,0,0,0685-MLYYM
1,13,45.3,528.45,0,0.0857223956854953,3,0,1,0,0,1,0,0,0,0,0,0,0,0,0,0,0,0,1,0,1,0,0,0,0,1,0,1,0,0,0749-IRGQE
0,72,115.15,8349.7,0,0.013790914643639891,9,0,1,0,1,0,1,1,0,0,1,0,1,0,1,0,1,0,1,0,1,0,1,0,0,1,0,0,0,1,2380-DAMQP
0,68,72.95,4953.25,0,0.0147277040327058,6,1,1,1,1,0,0,0,0,0,0,0,0,0,1,0,1,0,1,0,1,0,1,1,0,0,0,0,0,1,2256-YLYLP
0,15,19.65,332.65,0,0.059071095746279875,1,1,1,1,1,0,0,0,1,1,0,1,0,1,0,1,0,1,0,1,0,1,0,0,0,0,1,1,0,0,1272-ILHFG
0,24,19.55,470.2,0,0.04157805189281157,1,0,0,0,1,0,0,0,1,1,0,1,0,1,0,1,0,1,0,1,0,0,1,1,0,0,0,1,0,0,0164-XAIRP
0,24,89.55,2259.35,0,0.03963529333657911,5,0,0,0,1,0,1,1,0,0,0,0,0,0,0,0,1,0,0,0,1,0,0,1,0,1,0,1,0,0,5666-CYCYZ
0,27,50.35,1411.35,0,0.035675062883055234,3,1,0,0,1,0,0,0,0,0,1,0,0,0,0,0,0,0,0,0,0,0,0,0,0,0,1,0,1,0,4011-ARPHK
0,12,50.25,593.75,1,0.08463157894736842,3,1,0,0,1,0,0,0,0,0,0,0,0,0,0,0,1,0,0,0,0,0,0,0,0,0,0,0,0,0,8182-PNAGI
0,71,87.25,6328.7,0,0.013786401630666646,8,0,1,1,1,0,0,0,0,0,1,0,1,0,1,0,1,0,1,0,1,0,1,0,1,0,0,0,0,1,6365-HITVU
0,67,20.8,1411.9,0,0.014731921524187265,1,1,1,1,1,0,0,0,1,1,0,1,0,1,0,1,0,1,0,1,0,0,1,1,0,0,1,0,0,1,7558-IMLMT
0,63,109.25,6841.4,0,0.01596895372292221,8,0,1,0,1,0,1,1,0,0,0,0,1,0,1,0,1,0,1,0,1,0,1,1,0,0,0,0,0,1,9488-FYQAU
0,1,20.35,20.35,0,1.0,1,1,0,0,1,0,0,0,1,1,0,1,0,1,0,1,0,1,0,1,0,0,0,0,0,0,1,0,0,0,3590-TCXTB
0,4,55.9,238.5,0,0.23438155136268343,3,1,0,0,1,0,0,0,0,0,0,0,0,0,0,0,0,0,0,0,1,0,0,1,0,1,0,0,0,0,6994-KERXL
1,40,79.2,3233.85,1,0.02449093186140359,4,0,0,0,1,0,0,1,0,0,1,0,1,0,0,0,0,0,0,0,0,0,0,1,1,0,0,0,1,0,7957-RYHQD
0,12,96.0,1062.1,1,0.09038696921193862,5,0,0,0,1,0,0,1,0,0,0,0,0,0,1,0,0,0,1,0,1,0,0,1,0,1,0,0,0,0,2180-DXNEG
0,52,79.2,4016.3,0,0.019719642456987773,7,1,1,1,1,0,0,0,0,0,1,0,1,0,1,0,0,0,1,0,1,0,1,0,0,1,0,0,0,1,1960-UOTYM
0,10,24.0,226.55,0,0.10593687927609799,2,1,0,0,1,0,1,0,1,1,0,1,0,1,0,1,0,1,0,1,0,0,0,1,0,1,0,0,0,0,2740-JFBOK
0,68,101.35,7110.75,0,0.014253067538585943,7,1,0,0,1,0,1,1,0,0,1,0,1,0,1,0,0,0,1,0,0,1,0,0,0,0,0,0,0,1,6500-JVEGC
0,54,100.1,5440.9,1,0.018397691558381887,6,0,0,0,1,0,1,1,0,0,0,0,0,0,0,0,1,0,1,0,1,0,0,1,0,1,0,0,0,1,5515-AKOAJ
0,4,56.5,235.1,1,0.2403232666950234,4,0,1,1,1,0,0,0,0,0,0,0,1,0,0,0,1,0,0,0,0,0,0,0,0,0,1,0,0,0,8976-OQHGT
0,52,35.45,1958.95,0,0.018096429209525512,3,0,1,0,0,1,0,0,0,0,1,0,0,0,1,0,0,0,0,0,0,1,0,0,0,0,1,0,0,1,5245-VDBUR
1,1,85.0,85.0,1,1.0,4,0,0,0,1,0,0,1,0,0,0,0,0,0,1,0,0,0,0,0,1,0,0,1,0,1,0,0,0,0,6230-BSUXY
0,70,79.4,5528.9,0,0.014360903615547399,8,1,1,0,1,0,1,0,0,0,1,0,1,0,1,0,1,0,1,0,0,1,0,0,0,0,0,0,0,1,8469-SNFFH
0,43,35.2,1463.7,0,0.024048643847783015,3,1,0,0,0,1,0,0,0,0,1,0,0,0,1,0,0,0,0,0,0,1,0,1,1,0,0,0,1,0,2144-ESWKO
0,52,19.65,1025.05,0,0.019169796595288034,1,1,0,0,1,0,0,0,1,1,0,1,0,1,0,1,0,1,0,1,0,0,1,0,0,0,1,0,0,1,1241-FPMOF
0,12,49.85,552.1,0,0.09029161383807281,5,0,0,0,0,1,0,0,0,0,1,0,0,0,1,0,1,0,0,0,1,0,1,0,0,0,1,0,0,0,9928-BZVLZ
0,56,68.75,3815.4,0,0.018019080568223513,6,0,1,1,1,0,1,0,0,0,1,0,1,0,0,0,0,0,0,0,1,1,0,0,0,0,0,0,0,1,4114-QMKVN
0,0,61.9,0.0,0,0.0,6,1,0,1,1,0,1,0,0,0,1,0,1,0,0,0,1,0,0,0,0,0,1,1,0,0,0,0,0,0,2775-SEFEE
0,42,79.9,3313.4,0,0.024114202933542585,4,1,0,0,1,0,1,1,0,0,0,0,0,0,1,0,0,0,0,0,0,0,0,0,0,1,0,0,1,0,9003-CPATH
1,22,89.75,1938.9,0,0.04628913301356439,4,1,1,0,1,0,0,1,0,0,0,0,0,0,0,0,0,0,1,0,1,0,0,1,0,0,0,1,0,0,1754-GKYPY
0,51,59.3,3014.65,1,0.019670608528353208,6,1,1,1,0,1,0,0,0,0,1,0,1,0,1,0,0,0,1,0,1,1,0,0,0,1,0,0,0,1,5294-CDGWY
0,27,19.4,460.25,0,0.042151004888647474,1,1,0,0,1,0,0,0,1,1,0,1,0,1,0,1,0,1,0,1,0,0,0,1,1,0,0,0,1,0,7956-XQWGU
1,51,93.65,4839.15,0,0.019352572249258654,6,1,1,0,1,0,1,1,0,0,1,0,0,0,1,0,0,0,0,0,1,1,0,1,0,0,0,0,0,1,1591-MQJTP
0,4,49.4,184.4,1,0.26789587852494573,3,1,0,1,1,0,0,0,0,0,1,0,0,0,0,0,0,0,0,0,0,0,0,1,0,1,0,0,0,0,5295-PCJOO
0,1,19.9,19.9,0,1.0,1,1,0,0,1,0,0,0,1,1,0,1,0,1,0,1,0,1,0,1,0,0,0,1,0,0,1,0,0,0,2369-FEVNO
0,35,55.0,2010.55,1,0.027355698689413344,3,1,0,0,1,0,0,0,0,0,0,0,0,0,0,0,0,0,1,0,0,0,0,0,0,0,1,0,1,0,9863-JZAIC
1,71,72.9,5139.65,0,0.014183845203467164,7,1,1,1,1,0,1,0,0,0,0,0,1,0,1,0,1,0,0,0,1,1,0,1,0,0,0,0,0,1,7471-MQPOS
0,1,69.2,69.2,1,1.0,2,0,0,0,1,0,0,1,0,0,0,0,0,0,0,0,0,0,0,0,0,0,0,1,0,1,0,0,0,0,7660-HDPJV
0,69,25.6,1673.4,0,0.015298195291024263,2,0,1,1,1,0,1,0,1,1,0,1,0,1,0,1,0,1,0,1,0,0,1,1,0,0,0,0,0,1,5115-SQAAU
0,14,19.75,309.35,0,0.06384354291255859,1,1,1,1,1,0,0,0,1,1,0,1,0,1,0,1,0,1,0,1,0,1,0,0,0,0,1,1,0,0,9845-QOMAD
0,57,55.7,3171.6,0,0.0175621137596166,4,1,1,0,1,0,0,0,0,0,1,0,0,0,0,0,1,0,0,0,0,0,0,0,0,1,0,0,0,1,7672-VFMXZ
0,72,117.5,8670.1,0,0.013552323502612425,9,0,1,1,1,0,1,1,0,0,1,0,1,0,1,0,1,0,1,0,1,0,1,0,1,0,0,0,0,1,9739-JLPQJ
0,48,19.85,916.0,0,0.021670305676855895,1,1,0,0,1,0,0,0,1,1,0,1,0,1,0,1,0,1,0,1,0,0,1,0,1,0,0,0,1,0,9916-AYHTC
0,4,78.9,299.75,0,0.2632193494578816,3,0,1,1,1,0,0,1,0,0,0,0,0,0,0,0,0,0,1,0,0,0,0,1,0,0,1,0,0,0,3855-ONCAR
0,31,20.65,702.05,0,0.029413859411722813,1,1,1,1,1,0,0,0,1,1,0,1,0,1,0,1,0,1,0,1,0,0,0,1,0,1,0,0,1,0,1488-SYSFC
0,38,62.3,2354.8,1,0.02645659928656361,5,1,0,0,1,0,0,0,0,0,0,0,0,0,1,0,1,0,0,0,1,1,0,1,0,0,1,0,1,0,7931-PXHFC
1,37,92.5,3473.4,1,0.026630966776069555,5,1,1,0,1,0,1,1,0,0,0,0,0,0,0,0,0,0,1,0,1,0,0,1,0,1,0,0,1,0,3990-QYKBE
0,1,19.65,19.65,0,1.0,1,0,0,0,1,0,0,0,1,1,0,1,0,1,0,1,0,1,0,1,0,0,0,0,0,0,1,0,0,0,0970-QXPXW
1,57,79.75,4438.2,0,0.0179689964399982,7,1,0,0,1,0,1,0,0,0,0,0,1,0,1,0,0,0,1,0,1,0,1,1,0,0,0,0,0,1,3259-KNMRR
1,62,79.95,4819.75,0,0.016587997302764668,7,0,1,0,1,0,0,0,0,0,1,0,0,0,1,0,1,0,1,0,1,0,1,1,1,0,0,0,0,1,6120-RJKLU
0,3,29.9,92.25,0,0.3241192411924119,2,1,1,0,0,1,0,0,0,0,0,0,0,0,0,0,1,0,0,0,0,0,0,1,0,1,0,0,0,0,9572-WUKSB
0,72,19.75,1567.0,0,0.012603701340140395,1,0,0,1,1,0,0,0,1,1,0,1,0,1,0,1,0,1,0,1,0,0,1,1,0,0,1,0,0,1,5893-KCLGT
0,29,45.0,1242.45,0,0.03621876131836291,5,1,0,1,0,1,0,0,0,0,1,0,1,0,1,0,1,0,0,0,0,0,0,1,0,0,1,0,1,0,0076-LVEPS
0,13,44.8,559.2,0,0.08011444921316165,2,1,1,1,1,0,0,0,0,0,0,0,0,0,0,0,0,0,0,0,0,0,0,0,0,0,0,1,0,0,3640-JQGJG
0,3,69.65,220.1,1,0.31644706951385737,2,1,0,1,1,0,0,1,0,0,0,0,0,0,0,0,0,0,0,0,0,0,0,0,0,1,0,0,0,0,4919-MOAVT
0,11,51.1,531.15,0,0.0962063447237127,3,0,0,0,1,0,0,0,0,0,0,0,1,0,0,0,0,0,0,0,0,0,0,0,0,1,0,0,0,0,1596-OQSPS
0,21,53.15,1183.2,0,0.04492055442866802,6,0,0,1,0,1,0,0,0,0,1,0,1,0,1,0,1,0,1,0,0,0,1,0,0,0,1,1,0,0,9867-XOBQA
0,19,24.7,465.85,0,0.05302135880648277,2,0,0,0,1,0,1,0,1,1,0,1,0,1,0,1,0,1,0,1,0,0,0,0,0,0,0,1,0,0,9546-KDTRB
0,61,111.6,6876.05,1,0.01623024847114259,8,1,0,0,1,0,1,1,0,0,1,0,0,0,1,0,1,0,1,0,1,0,1,1,1,0,0,0,0,1,3090-HAWSU
0,11,48.55,501.0,1,0.09690618762475049,3,0,0,0,1,0,0,0,0,0,1,0,0,0,0,0,0,0,0,0,0,0,0,0,1,0,0,0,0,0,9820-RMCQV
0,35,109.95,3782.4,0,0.029068845177664976,8,1,1,1,1,0,1,1,0,0,0,0,1,0,1,0,1,0,1,0,1,0,0,1,0,1,0,0,1,0,3174-RKMOW
0,25,20.8,460.2,0,0.04519774011299435,1,1,0,1,1,0,0,0,1,1,0,1,0,1,0,1,0,1,0,1,0,0,0,0,0,0,1,0,1,0,1760-CAZHT
0,1,20.2,20.2,1,1.0,1,0,0,0,1,0,0,0,1,1,0,1,0,1,0,1,0,1,0,1,0,0,0,1,0,0,1,0,0,0,7839-QRKXN
0,67,25.6,1790.35,0,0.014298880107241603,2,0,0,0,1,0,1,0,1,1,0,1,0,1,0,1,0,1,0,1,0,0,1,1,0,0,0,0,0,1,8441-SHIPE
0,19,39.65,733.35,1,0.05406695302379491,3,1,0,0,0,1,0,0,0,0,0,0,0,0,1,0,0,0,1,0,0,0,0,1,0,1,0,1,0,0,5204-QZXPU
0,56,24.9,1334.0,1,0.01866566716641679,2,1,0,0,1,0,1,0,1,1,0,1,0,1,0,1,0,1,0,1,0,1,0,0,0,1,0,0,0,1,4597-ELFTS
0,72,108.4,7767.25,0,0.013956033345135023,8,1,1,1,1,0,1,1,0,0,1,0,1,0,1,0,0,0,1,0,1,0,1,1,1,0,0,0,0,1,1320-GVNHT
0,43,19.55,876.15,0,0.02231353078810706,1,1,0,0,1,0,0,0,1,1,0,1,0,1,0,1,0,1,0,1,0,0,1,0,0,0,1,0,1,0,1047-RNXZV
0,55,85.1,4600.95,0,0.018496180136710897,5,0,1,1,1,0,1,1,0,0,1,0,1,0,0,0,0,0,0,0,0,0,0,1,0,1,0,0,0,1,3541-ZNUHK
0,2,56.7,113.55,1,0.4993394980184941,4,1,1,1,1,0,1,0,0,0,1,0,0,0,0,0,0,0,0,0,0,0,0,0,0,0,1,0,0,0,8450-JOVAH
0,27,69.05,1793.25,0,0.03850550676146661,2,1,0,0,1,0,0,1,0,0,0,0,0,0,0,0,0,0,0,0,0,0,0,1,0,0,1,0,1,0,8725-JEDFD
0,13,70.15,886.7,0,0.07911356715912936,2,0,0,0,1,0,0,1,0,0,0,0,0,0,0,0,0,0,0,0,0,0,0,1,0,0,1,1,0,0,7562-UXTPG
0,70,111.15,7737.55,0,0.014365012180858283,8,0,0,0,1,0,1,1,0,0,1,0,1,0,1,0,0,0,1,0,1,0,1,1,0,0,1,0,0,1,8071-SBTRN
0,14,105.95,1348.9,1,0.07854548150344726,7,0,1,0,1,0,0,1,0,0,1,0,1,0,0,0,1,0,1,0,1,1,0,0,0,0,1,1,0,0,1113-IUJYX
0,19,89.35,1686.85,0,0.05296855084921599,5,0,1,1,1,0,1,1,0,0,0,0,0,0,0,0,1,0,0,0,1,1,0,1,0,0,0,1,0,0,6668-CNMFP
0,20,89.1,1879.25,0,0.04741253159505122,5,0,0,0,1,0,1,1,0,0,1,0,0,0,0,0,0,0,1,0,0,0,0,1,0,0,0,1,0,0,5626-MGTUK
0,43,91.25,4013.8,0,0.022734067467238026,6,1,1,1,1,0,1,1,0,0,1,0,0,0,1,0,1,0,0,0,0,1,0,1,1,0,0,0,1,0,5681-LLOEI
0,5,90.35,434.5,0,0.20794016110471805,5,1,1,1,1,0,0,1,0,0,1,0,0,0,1,0,0,0,0,0,1,0,0,1,0,0,1,0,0,0,8212-DJRCH
1,70,105.55,7195.35,0,0.01466919607802261,7,0,1,0,1,0,1,1,0,0,0,0,1,0,0,0,1,0,1,0,1,1,0,1,0,0,0,0,0,1,4323-OHFOW
0,40,19.1,780.1,0,0.024484040507627227,1,0,1,0,1,0,0,0,1,1,0,1,0,1,0,1,0,1,0,1,0,0,1,0,0,0,1,0,1,0,4933-BSAIP
0,6,20.4,107.6,0,0.1895910780669145,1,1,1,1,1,0,0,0,1,1,0,1,0,1,0,1,0,1,0,1,0,0,1,1,1,0,0,0,0,0,2030-BTZRO
0,39,100.45,3801.7,0,0.026422389983428468,6,1,0,0,1,0,0,1,0,0,1,0,0,0,1,0,0,0,1,0,1,0,1,1,0,1,0,0,1,0,1116-DXXDF
1,4,74.95,308.7,1,0.24279235503725302,3,1,1,0,1,0,1,1,0,0,0,0,0,0,0,0,0,0,0,0,0,0,0,0,0,1,0,0,0,0,9274-CNFMO
0,15,29.7,438.25,1,0.06776953793496862,2,1,0,0,0,1,0,0,0,0,0,0,0,0,0,0,1,0,0,0,0,0,0,1,0,1,0,1,0,0,7758-XKCBS
0,1,50.35,50.35,1,1.0,4,1,1,0,0,1,0,0,0,0,0,0,0,0,1,0,0,0,1,0,1,0,0,1,0,1,0,0,0,0,8992-JQYUN
1,45,85.7,3778.1,0,0.022683359360525134,5,0,0,0,1,0,0,1,0,0,1,0,1,0,0,0,1,0,0,0,0,0,0,1,0,0,0,0,1,0,6563-VNPMN
0,64,47.85,3147.5,1,0.015202541699761716,5,0,1,0,0,1,0,0,0,0,1,0,0,0,1,0,1,0,0,0,1,0,1,0,0,1,0,0,0,1,0617-AQNWT
1,57,94.0,5438.95,0,0.01728274758914864,6,0,1,0,1,0,1,1,0,0,0,0,1,0,1,0,0,0,0,0,1,0,0,0,1,0,0,0,0,1,2267-WTPYD
0,72,69.85,5102.35,0,0.013689770399913764,7,1,1,1,1,0,1,0,0,0,1,0,1,0,1,0,1,0,0,0,0,0,1,0,0,0,0,0,0,1,0270-THENM
0,1,70.3,70.3,1,1.0,2,1,0,0,1,0,0,1,0,0,0,0,0,0,0,0,0,0,0,0,0,0,0,1,0,1,0,0,0,0,2446-PLQVO
0,72,25.85,1872.2,0,0.013807285546415981,2,1,1,0,1,0,1,0,1,1,0,1,0,1,0,1,0,1,0,1,0,0,1,0,1,0,0,0,0,1,4707-MAXGU
0,3,71.1,213.35,0,0.3332552144363721,6,0,0,0,1,0,0,0,0,0,1,0,1,0,0,0,1,0,0,0,1,0,1,0,0,0,1,0,0,0,2710-WYVXG
1,55,98.8,5617.75,1,0.01758711227804726,6,1,0,0,1,0,1,1,0,0,1,0,0,0,0,0,0,0,1,0,1,0,0,1,0,1,0,0,0,1,3005-NFMTA
0,59,93.35,5386.5,0,0.01733036294439803,6,0,1,0,1,0,1,1,0,0,0,0,0,0,1,0,1,0,1,0,0,0,0,0,0,1,0,0,0,1,6300-BWMJX
0,18,99.85,1776.95,1,0.05619178930189369,6,0,0,0,1,0,1,1,0,0,0,0,0,0,0,0,1,0,1,0,1,0,0,1,0,0,0,1,0,0,8784-CGILN
1,32,80.3,2483.05,1,0.03233926018404784,3,1,1,0,1,0,0,1,0,0,0,0,0,0,0,0,0,0,0,0,1,0,0,1,1,0,0,0,1,0,5389-FFVKB
0,4,50.55,235.65,0,0.21451304901336726,3,0,0,0,1,0,0,0,0,0,1,0,0,0,0,0,0,0,0,0,0,0,0,1,0,0,0,0,0,0,7009-LGECI
1,66,80.45,5224.35,1,0.015399044857254969,4,0,0,0,1,0,1,1,0,0,0,0,1,0,0,0,0,0,0,0,0,0,0,1,1,0,0,0,0,1,8444-WRIDW
0,27,81.3,2272.8,0,0.03577085533262935,4,1,0,0,1,0,1,1,0,0,0,0,0,0,1,0,0,0,0,0,0,0,0,1,0,1,0,0,1,0,5022-KVDQT
0,4,20.7,83.75,0,0.2471641791044776,1,1,0,0,1,0,0,0,1,1,0,1,0,1,0,1,0,1,0,1,0,0,0,1,1,0,0,0,0,0,7976-CICYS
0,60,79.05,4663.4,0,0.01695115152034996,7,1,1,1,1,0,0,0,0,0,1,0,1,0,0,0,1,0,1,0,1,0,0,1,1,0,0,0,0,1,1036-GUDCL
0,8,19.05,201.7,0,0.09444719881011404,1,0,1,1,1,0,0,0,1,1,0,1,0,1,0,1,0,1,0,1,0,0,1,0,0,0,1,0,0,0,2005-DWQZJ
0,8,19.6,125.0,0,0.15680000000000002,1,1,1,1,1,0,0,0,1,1,0,1,0,1,0,1,0,1,0,1,0,0,1,0,1,0,0,0,0,0,8148-WOCMK
0,35,20.2,684.4,0,0.02951490356516657,1,1,0,0,1,0,0,0,1,1,0,1,0,1,0,1,0,1,0,1,0,0,1,1,0,0,1,0,1,0,7815-PDTHL
0,7,86.8,620.35,1,0.1399210123317482,4,1,0,0,1,0,1,1,0,0,0,0,0,0,0,0,0,0,0,0,1,0,0,1,0,1,0,0,0,0,9451-LPGOO
0,53,20.9,1146.05,0,0.018236551633872868,1,0,1,1,1,0,0,0,1,1,0,1,0,1,0,1,0,1,0,1,0,0,1,0,0,0,1,0,0,1,9173-IVZVP
1,18,103.6,1806.35,0,0.05735322611896919,7,0,0,0,1,0,1,1,0,0,0,0,1,0,0,0,1,0,1,0,1,0,0,1,1,0,0,1,0,0,9129-UXERG
0,15,38.8,603.0,0,0.06434494195688226,3,0,0,0,0,1,0,0,0,0,0,0,1,0,0,0,0,0,0,0,1,0,1,1,0,0,1,1,0,0,3635-JBPSG
0,67,88.4,5798.3,0,0.015245847920942345,5,1,1,0,1,0,1,1,0,0,0,0,1,0,0,0,0,0,1,0,0,1,0,1,0,0,0,0,0,1,7964-ZRKKG
1,6,84.2,519.15,1,0.162188192237311,4,1,1,0,1,0,0,1,0,0,0,0,1,0,0,0,0,0,0,0,1,0,0,1,0,1,0,0,0,0,5868-YWPDW
1,6,79.7,497.6,0,0.16016881028938906,3,1,0,0,1,0,0,1,0,0,0,0,0,0,0,0,0,0,1,0,0,0,0,1,0,1,0,0,0,0,6229-LSCKB
0,13,99.0,1301.7,1,0.07605439041253745,6,1,0,0,1,0,1,1,0,0,0,0,0,0,0,0,1,0,1,0,1,0,0,1,0,0,1,1,0,0,2025-JKFWI
0,11,100.75,1129.75,1,0.08917902190750165,6,0,0,0,1,0,1,1,0,0,0,0,0,0,1,0,0,0,1,0,1,0,0,1,0,1,0,0,0,0,4078-SAYYN
0,1,19.3,19.3,0,1.0,1,1,0,1,1,0,0,0,1,1,0,1,0,1,0,1,0,1,0,1,0,0,0,1,0,0,1,0,0,0,1724-IQWNM
0,5,55.75,266.95,0,0.20884060685521635,4,1,0,0,1,0,0,0,0,0,1,0,0,0,0,0,1,0,0,0,0,0,0,1,0,0,1,0,0,0,8217-QYOHV
0,13,19.95,257.0,0,0.07762645914396887,1,1,0,0,1,0,0,0,1,1,0,1,0,1,0,1,0,1,0,1,0,1,0,1,0,0,1,1,0,0,5546-QUERU
0,9,91.75,865.8,1,0.10597135597135597,6,0,1,0,1,0,1,1,0,0,1,0,1,0,1,0,0,0,0,0,0,0,0,0,0,0,0,0,0,0,9940-HPQPG
0,29,89.65,2623.65,0,0.034169954071617784,5,1,0,0,1,0,0,1,0,0,0,0,1,0,0,0,1,0,1,0,0,0,0,0,0,0,1,0,1,0,6897-UUBNU
1,1,45.85,45.85,0,1.0,2,1,0,0,1,0,0,0,0,0,0,0,0,0,0,0,0,0,0,0,0,0,0,1,0,0,1,0,0,0,6127-IYJOZ
0,1,79.55,79.55,1,1.0,4,0,0,0,1,0,1,1,0,0,0,0,0,0,1,0,0,0,0,0,0,0,0,1,0,0,1,0,0,0,6618-RYATB
0,18,55.95,1082.8,0,0.051671592168452164,3,0,1,1,1,0,0,0,0,0,0,0,0,0,0,0,0,0,1,0,0,0,0,0,0,0,1,1,0,0,8930-XOTDP
0,2,69.0,147.8,0,0.46684709066305813,5,0,1,0,1,0,0,0,0,0,0,0,0,0,1,0,0,0,1,0,1,0,0,0,1,0,0,0,0,0,5916-QEWPT
0,30,83.55,2570.2,0,0.032507197883433196,5,1,1,1,1,0,1,1,0,0,0,0,1,0,0,0,1,0,0,0,0,0,0,1,0,0,0,0,1,0,5060-TQUQN
0,66,65.7,4378.9,0,0.015003768069606524,6,1,0,1,1,0,1,0,0,0,1,0,1,0,0,0,1,0,0,0,0,0,1,0,0,0,0,0,0,1,0531-XBKMM
0,38,94.9,3616.25,0,0.026242654683719325,6,1,1,1,1,0,1,1,0,0,0,0,0,0,1,0,1,0,1,0,0,0,1,1,0,0,0,0,1,0,8465-SBRXP
0,44,61.9,2924.05,0,0.02116926865135685,5,1,1,1,1,0,0,0,0,0,0,0,1,0,1,0,1,0,0,0,0,0,0,1,0,0,1,0,1,0,2408-PSJVE
0,54,111.1,6014.85,1,0.01847095106278627,8,0,0,0,1,0,1,1,0,0,0,0,1,0,1,0,1,0,1,0,1,0,0,0,0,1,0,0,0,1,9079-YEXQJ
0,2,20.0,32.7,0,0.6116207951070336,1,1,0,0,1,0,0,0,1,1,0,1,0,1,0,1,0,1,0,1,0,0,0,0,0,0,1,0,0,0,9700-ZCLOT
0,42,67.7,2882.25,0,0.02348859398039726,6,0,0,0,1,0,0,0,0,0,1,0,1,0,0,0,1,0,0,0,1,1,0,1,0,0,1,0,1,0,8738-JOKAR
0,58,25.15,1509.9,0,0.016656732233922774,2,0,1,1,1,0,1,0,1,1,0,1,0,1,0,1,0,1,0,1,0,0,1,0,1,0,0,0,0,1,4534-WGCIR
0,58,92.85,5305.05,0,0.01750219130828173,5,1,1,1,1,0,0,1,0,0,0,0,1,0,0,0,0,0,1,0,1,0,0,1,0,1,0,0,0,1,1930-WNXSB
0,25,89.1,2368.4,1,0.037620334402972466,5,0,1,1,1,0,1,1,0,0,0,0,0,0,1,0,0,0,0,0,1,0,0,1,0,1,0,0,1,0,2685-SREOM
0,71,111.3,7985.9,0,0.01393706407543295,9,0,0,0,1,0,1,1,0,0,1,0,1,0,1,0,1,0,1,0,1,0,1,0,0,0,1,0,0,1,3508-CFVZL
0,37,101.9,3545.35,1,0.028741873157798244,7,0,0,0,1,0,1,1,0,0,0,0,1,0,1,0,0,0,1,0,1,0,0,1,0,0,0,0,1,0,0402-CQAJN
0,14,91.65,1301.0,1,0.07044581091468102,5,0,1,1,1,0,1,1,0,0,0,0,0,0,0,0,1,0,1,0,0,0,0,1,0,1,0,1,0,0,6692-UDPJC
1,4,88.85,372.45,1,0.2385555108068197,5,0,0,0,1,0,1,1,0,0,0,0,0,0,1,0,0,0,0,0,1,0,0,1,0,1,0,0,0,0,1273-MTETI
0,48,60.6,2985.25,0,0.020299807386316055,5,0,1,0,1,0,1,0,0,0,1,0,0,0,0,0,1,0,0,0,0,1,0,1,0,0,0,0,1,0,0657-DOGUM
1,3,25.3,77.75,1,0.3254019292604502,1,0,0,0,0,1,0,0,0,0,0,0,0,0,0,0,0,0,0,0,0,0,0,0,0,1,0,0,0,0,5480-HPRRX
0,8,65.5,564.35,0,0.11606272703109771,5,0,1,0,1,0,0,0,0,0,1,0,0,0,0,0,1,0,0,0,1,0,1,0,0,0,1,0,0,0,8792-AOROI
0,1,95.45,95.45,1,1.0,5,1,0,0,1,0,1,1,0,0,0,0,0,0,0,0,0,0,1,0,1,0,0,1,0,1,0,0,0,0,0295-PPHDO
0,67,19.95,1311.75,0,0.015208690680388793,1,1,0,0,1,0,0,0,1,1,0,1,0,1,0,1,0,1,0,1,0,0,1,0,0,0,0,0,0,1,5146-YYFRZ
0,13,91.1,1135.7,1,0.08021484546975433,4,1,0,0,1,0,0,1,0,0,0,0,0,0,0,0,0,0,1,0,1,0,0,1,0,1,0,1,0,0,1195-OIYEJ
0,45,54.15,2319.8,1,0.02334252952840762,4,0,1,1,1,0,0,0,0,0,0,0,1,0,0,0,1,0,0,0,0,1,0,1,1,0,0,0,1,0,5906-CVLHP
0,49,74.6,3720.35,0,0.020051876839544666,3,1,0,0,1,0,1,1,0,0,0,0,0,0,0,0,0,0,0,0,0,0,0,1,0,0,0,0,0,1,3452-SRFEG
0,52,94.6,5025.8,0,0.01882287397031318,6,0,1,0,1,0,1,1,0,0,0,0,1,0,1,0,0,0,1,0,0,0,0,0,0,0,0,0,0,1,4070-OKWVH
0,63,81.15,5224.5,0,0.01553258685041631,4,0,1,0,1,0,0,1,0,0,1,0,0,0,1,0,0,0,0,0,0,1,0,1,1,0,0,0,0,1,5297-MDOIR
0,68,89.05,6185.8,0,0.014395874422063434,9,0,1,1,1,0,1,0,0,0,1,0,1,0,1,0,1,0,1,0,1,0,1,1,0,0,0,0,0,1,6369-MCAKO
0,31,49.2,1498.55,0,0.03283173734610123,3,0,1,0,1,0,0,0,0,0,0,0,0,0,0,0,1,0,0,0,0,0,0,1,0,0,1,0,1,0,4926-UMJZD
0,64,19.45,1208.6,0,0.016093000165480723,1,0,1,0,1,0,0,0,1,1,0,1,0,1,0,1,0,1,0,1,0,0,1,0,1,0,0,0,0,1,6848-HJTXY
0,62,104.3,6613.65,0,0.01577041421907721,7,0,1,0,1,0,0,1,0,0,1,0,0,0,1,0,1,0,1,0,1,1,0,1,0,1,0,0,0,1,6341-AEVKX
0,1,69.7,69.7,1,1.0,2,0,0,0,1,0,0,1,0,0,0,0,0,0,0,0,0,0,0,0,0,0,0,0,0,0,0,0,0,0,4501-EQDRN
0,6,89.5,573.3,1,0.156113727542299,4,0,0,0,1,0,0,1,0,0,0,0,0,0,0,0,0,0,1,0,1,0,0,1,0,1,0,0,0,0,2990-HWIML
0,21,86.05,1818.9,0,0.047308813018857546,4,0,1,0,1,0,0,1,0,0,0,0,0,0,0,0,1,0,1,0,0,0,0,1,0,1,0,1,0,0,0682-USIXD
0,72,25.2,1787.35,0,0.014099085237922063,2,0,1,1,1,0,1,0,1,1,0,1,0,1,0,1,0,1,0,1,0,0,1,0,0,0,0,0,0,1,6976-BWGLQ
0,32,35.15,1051.05,0,0.033442747728462015,3,0,1,1,0,1,0,0,0,0,1,0,1,0,0,0,0,0,0,0,0,0,0,1,0,1,0,0,1,0,7078-NVFAM
1,71,99.65,7181.25,0,0.013876414273281115,7,0,0,0,1,0,1,1,0,0,1,0,1,0,0,0,1,0,1,0,0,1,0,1,1,0,0,0,0,1,8065-QBYTO
0,34,105.35,3688.6,0,0.028560971642357533,7,0,0,1,1,0,0,1,0,0,1,0,1,0,1,0,0,0,1,0,1,0,0,1,0,0,0,0,1,0,2133-TSRRM
0,3,35.15,99.75,1,0.35238095238095235,2,1,1,0,0,1,0,0,0,0,0,0,0,0,0,0,0,0,0,0,1,0,0,1,0,1,0,0,0,0,7384-GHBPI
0,12,73.75,871.4,1,0.08463392242368603,3,1,0,1,1,0,1,1,0,0,0,0,0,0,0,0,0,0,0,0,0,0,0,1,1,0,0,0,0,0,7603-USHJS
1,8,101.35,780.5,1,0.12985265855221012,6,0,0,0,1,0,1,1,0,0,0,0,0,0,1,0,0,0,1,0,1,0,0,0,0,1,0,0,0,0,7234-FECYN
0,35,24.3,821.6,0,0.029576436222005842,2,0,1,1,1,0,1,0,1,1,0,1,0,1,0,1,0,1,0,1,0,0,1,0,0,0,0,0,1,0,2511-ALLCS
0,3,80.7,239.45,0,0.337022342869075,3,0,1,1,1,0,0,1,0,0,0,0,0,0,0,0,0,0,1,0,0,0,0,1,0,1,0,0,0,0,3191-CSNMG
0,3,89.85,244.45,0,0.367559828185723,5,1,0,0,1,0,0,1,0,0,0,0,0,0,1,0,1,0,1,0,0,0,0,1,0,0,1,0,0,0,7952-OBOYL
0,53,61.1,3357.9,0,0.018195896244676733,4,1,0,0,1,0,0,0,0,0,0,0,0,0,1,0,0,0,0,0,1,1,0,1,0,1,0,0,0,1,7470-DYNOE
0,4,29.05,129.6,0,0.22415123456790126,2,0,1,0,0,1,0,0,0,0,1,0,0,0,0,0,0,0,0,0,0,0,0,1,0,1,0,0,0,0,7853-OETYL
0,48,99.7,4977.2,0,0.02003134292373222,6,0,1,1,1,0,0,1,0,0,1,0,0,0,1,0,0,0,1,0,1,1,0,1,0,0,0,0,1,0,1545-ACTAS
0,6,55.9,365.35,1,0.15300396879704392,4,0,1,1,1,0,0,0,0,0,1,0,1,0,0,0,0,0,0,0,0,0,0,0,1,0,0,0,0,0,5876-HZVZM
1,3,105.9,334.65,1,0.31645002241147474,7,1,1,0,1,0,1,1,0,0,0,0,1,0,1,0,0,0,1,0,1,0,0,1,0,1,0,0,0,0,1400-MMYXY
0,54,46.0,2424.05,0,0.018976506260184402,4,1,1,1,0,1,0,0,0,0,0,0,0,0,1,0,1,0,0,0,1,0,1,0,1,0,0,0,0,1,5126-RCXYW
0,1,43.95,43.95,1,1.0,2,0,0,0,1,0,0,0,0,0,0,0,0,0,0,0,0,0,0,0,0,0,0,0,0,0,1,0,0,0,3085-QUOZK
0,62,80.4,4981.15,0,0.0161408510083013,7,1,0,0,1,0,0,0,0,0,0,0,1,0,1,0,1,0,1,0,1,0,0,1,0,0,0,0,0,1,2363-BJLSL
0,22,100.05,2090.25,0,0.047865087908144956,6,1,1,1,1,0,0,1,0,0,0,0,1,0,1,0,0,0,1,0,1,1,0,1,0,0,1,1,0,0,1956-YIFGE
0,1,45.1,45.1,1,1.0,2,1,0,0,1,0,0,0,0,0,0,0,0,0,0,0,0,0,0,0,0,0,0,1,0,0,0,0,0,0,3926-CUQZX
1,51,94.0,4905.75,0,0.019161188401365745,5,1,0,0,1,0,0,1,0,0,0,0,0,0,1,0,0,0,1,0,1,1,0,1,0,0,0,0,0,1,7921-LMDFQ
0,30,68.95,2038.7,0,0.03382057193309462,6,0,0,0,1,0,1,0,0,0,0,0,1,0,1,0,0,0,1,0,0,1,0,1,1,0,0,0,1,0,2925-MXLSX
1,56,68.45,4014.0,0,0.01705281514698555,7,0,1,0,1,0,1,0,0,0,1,0,1,0,1,0,1,0,0,0,0,1,0,1,1,0,0,0,0,1,5820-PTRYM
0,35,69.0,2441.7,0,0.028258999877134785,6,1,1,0,1,0,1,0,0,0,0,0,1,0,0,0,1,0,1,0,0,1,0,1,0,1,0,0,1,0,9609-BENEA
1,64,43.85,2751.0,0,0.015939658306070522,4,0,0,0,0,1,0,0,0,0,0,0,1,0,0,0,1,0,1,0,0,0,0,1,0,1,0,0,0,1,6211-WHMYA
0,30,44.5,1307.8,0,0.03402660957332926,3,1,0,1,0,1,0,0,0,0,0,0,0,0,0,0,0,0,1,0,1,0,0,1,0,1,0,0,1,0,4459-BBGHE
0,25,18.7,383.65,0,0.04874234328163691,1,0,1,1,1,0,0,0,1,1,0,1,0,1,0,1,0,1,0,1,0,0,1,1,0,0,1,0,1,0,9945-PSVIP
0,41,70.25,2868.05,1,0.024493994177228428,2,0,0,0,1,0,0,1,0,0,0,0,0,0,0,0,0,0,0,0,0,0,0,0,0,0,0,0,1,0,1041-RXHRA
0,9,55.35,449.75,1,0.12306837131739856,3,1,0,1,1,0,0,0,0,0,0,0,0,0,0,0,0,0,1,0,0,0,0,0,0,1,0,0,0,0,1750-CSKKM
0,1,53.55,53.55,0,1.0,4,0,1,0,1,0,0,0,0,0,1,0,1,0,0,0,0,0,0,0,0,0,0,1,0,0,1,0,0,0,9108-EJFJP
0,70,114.6,7882.5,0,0.014538534728829685,9,1,0,1,1,0,1,1,0,0,1,0,1,0,1,0,1,0,1,0,1,0,1,1,0,1,0,0,0,1,0530-IJVDB
0,57,20.1,1087.7,0,0.01847936011767951,1,0,1,1,1,0,0,0,1,1,0,1,0,1,0,1,0,1,0,1,0,0,1,1,0,0,0,0,0,1,0508-SQWPL
0,9,85.5,791.7,0,0.10799545282303902,4,1,0,0,1,0,1,1,0,0,0,0,0,0,0,0,0,0,1,0,0,0,0,1,0,1,0,0,0,0,2215-ZAFGX
0,69,108.75,7493.05,0,0.014513449129526694,8,0,1,1,1,0,1,1,0,0,0,0,1,0,1,0,1,0,1,0,1,1,0,1,0,0,0,0,0,1,8213-TAZPM
1,43,103.0,4414.3,1,0.0233332578211721,7,1,1,0,1,0,1,1,0,0,0,0,1,0,1,0,0,0,1,0,1,0,0,1,0,1,0,0,1,0,7142-HVGBG
0,72,97.85,6841.3,0,0.014302837180068114,6,0,1,0,1,0,1,1,0,0,0,0,0,0,1,0,0,0,1,0,1,0,1,1,0,1,0,0,0,1,1304-SEGFY
0,44,19.55,819.95,0,0.023842917251051893,1,1,0,1,1,0,0,0,1,1,0,1,0,1,0,1,0,1,0,1,0,0,1,0,0,0,0,0,1,0,7242-EDTYC
0,72,84.05,6052.25,0,0.013887397248956998,5,0,1,0,1,0,1,1,0,0,1,0,1,0,0,0,0,0,0,0,0,0,1,1,0,0,0,0,0,1,2904-GGUAZ
0,33,103.75,3361.05,1,0.030868329837402002,7,0,1,0,1,0,0,1,0,0,1,0,0,0,1,0,1,0,1,0,1,1,0,1,0,1,0,0,1,0,8267-ZNYVZ
0,54,89.4,4869.5,0,0.018359174453229286,5,1,0,0,1,0,1,1,0,0,0,0,0,0,1,0,0,0,0,0,1,0,0,0,1,0,0,0,0,1,5136-GFPMB
0,27,19.7,509.3,0,0.03868054192028274,1,1,0,1,1,0,0,0,1,1,0,1,0,1,0,1,0,1,0,1,0,0,1,0,1,0,0,0,1,0,2595-KIWPV
0,54,79.85,4308.25,0,0.018534207624905704,4,1,0,0,1,0,1,1,0,0,0,0,1,0,0,0,0,0,0,0,0,0,0,1,0,0,0,0,0,1,5243-SAOTC
0,3,74.45,221.1,0,0.33672546359113525,3,1,0,0,1,0,0,1,0,0,0,0,1,0,0,0,0,0,0,0,0,0,0,0,1,0,0,0,0,0,9398-MMQTO
0,53,74.1,3833.95,0,0.01932732560414194,7,0,1,0,1,0,1,0,0,0,1,0,1,0,1,0,0,0,0,0,1,1,0,0,0,0,0,0,0,1,7619-PLRLP
0,1,69.35,69.35,1,1.0,2,1,0,0,1,0,0,1,0,0,0,0,0,0,0,0,0,0,0,0,0,0,0,1,0,1,0,0,0,0,6457-GIRWB
0,15,18.8,294.95,0,0.06373961688421767,1,1,1,0,1,0,0,0,1,1,0,1,0,1,0,1,0,1,0,1,0,1,0,0,0,0,1,1,0,0,6508-NJYRO
0,56,73.85,4092.85,1,0.018043661507262665,3,0,0,0,1,0,0,1,0,0,0,0,1,0,0,0,0,0,0,0,0,0,0,1,0,1,0,0,0,1,1450-SKCVI
0,5,64.4,316.9,0,0.20321868097191545,6,1,1,1,1,0,1,0,0,0,1,0,1,0,0,0,1,0,0,0,0,0,0,0,1,0,0,0,0,0,4710-NKCAW
0,48,55.8,2651.2,0,0.021047073023536512,4,1,1,1,1,0,0,0,0,0,0,0,1,0,1,0,0,0,0,0,0,1,0,1,1,0,0,0,1,0,5306-BVTKJ
0,25,20.05,471.7,0,0.04250582997668009,1,0,0,1,1,0,0,0,1,1,0,1,0,1,0,1,0,1,0,1,0,0,0,0,1,0,0,0,1,0,0357-NVCRI
0,3,75.15,216.75,1,0.34671280276816613,3,0,1,0,1,0,1,1,0,0,0,0,0,0,0,0,0,0,0,0,0,0,0,1,1,0,0,0,0,0,5570-PTWEH
0,58,99.15,5720.95,0,0.01733103767730884,6,1,0,0,1,0,0,1,0,0,1,0,1,0,0,0,0,0,1,0,1,1,0,0,0,0,0,0,0,1,2371-KFUOG
0,10,56.75,503.25,0,0.11276701440635867,3,1,0,0,1,0,0,0,0,0,0,0,0,0,0,0,0,0,0,0,1,0,0,1,0,0,0,0,0,0,0463-ZSDNT
0,1,69.6,69.6,1,1.0,2,1,0,0,1,0,0,1,0,0,0,0,0,0,0,0,0,0,0,0,0,0,0,1,0,1,0,0,0,0,6502-MJQAE
0,71,104.15,7365.3,0,0.014140632425020026,7,1,1,0,1,0,1,1,0,0,0,0,1,0,0,0,1,0,1,0,1,0,1,1,1,0,0,0,0,1,6257-DTAYD
0,65,110.8,7245.9,0,0.015291406174526284,8,0,1,1,1,0,1,1,0,0,0,0,1,0,1,0,1,0,1,0,1,0,1,1,1,0,0,0,0,1,4616-ULAOA
0,5,80.15,385.0,1,0.2081818181818182,4,1,1,1,1,0,1,1,0,0,0,0,1,0,0,0,0,0,0,0,0,0,0,1,0,1,0,0,0,0,7693-LCKZL
0,28,35.75,961.4,0,0.03718535469107551,3,0,0,0,0,1,0,0,0,0,0,0,0,0,1,0,1,0,0,0,0,0,0,1,0,0,1,0,1,0,7746-AWNQW
0,67,69.9,4615.9,0,0.015143308997161986,6,0,1,1,1,0,1,0,0,0,0,0,0,0,1,0,1,0,0,0,1,0,1,1,0,0,0,0,0,1,5996-EBTKM
0,35,89.2,3251.3,0,0.02743517977424415,5,1,0,0,1,0,0,1,0,0,1,0,0,0,0,0,1,0,0,0,1,1,0,1,0,1,0,0,1,0,2758-RNWXS
0,72,55.65,3880.05,0,0.014342598677852089,6,0,1,1,0,1,0,0,0,0,1,0,1,0,1,0,1,0,0,0,1,0,1,0,1,0,0,0,0,1,2314-TNDJQ
0,61,50.7,3088.75,0,0.01641440712262242,5,0,1,1,0,1,0,0,0,0,1,0,1,0,0,0,1,0,0,0,1,1,0,1,0,0,0,0,0,1,2405-LBMUW
1,68,20.0,1396.0,0,0.014326647564469915,1,1,0,0,1,0,0,0,1,1,0,1,0,1,0,1,0,1,0,1,0,0,1,1,1,0,0,0,0,1,3454-JFUBC
0,1,30.5,30.5,1,1.0,2,0,1,1,0,1,0,0,0,0,1,0,0,0,0,0,0,0,0,0,0,0,0,0,0,0,0,0,0,0,0032-PGELS
0,3,19.1,53.05,0,0.36003770028275217,1,1,0,0,1,0,0,0,1,1,0,1,0,1,0,1,0,1,0,1,0,0,0,1,0,0,1,0,0,0,9039-ZVJDC
0,70,98.3,6859.5,1,0.014330490560536481,6,1,1,1,1,0,1,1,0,0,0,0,1,0,0,0,0,0,1,0,1,0,1,0,0,0,0,0,0,1,6797-LNAQX
0,48,45.55,2108.35,0,0.021604572295871177,4,0,0,1,0,1,0,0,0,0,0,0,1,0,1,0,0,0,0,0,1,0,0,0,1,0,0,0,1,0,9013-AQORL
0,68,101.05,6770.5,0,0.014925042463628978,6,1,1,1,1,0,1,1,0,0,0,0,1,0,0,0,0,0,1,0,1,1,0,1,1,0,0,0,0,1,2898-MRKPI
0,47,103.7,4730.6,0,0.02192110937301822,7,0,0,0,1,0,0,1,0,0,1,0,0,0,1,0,1,0,1,0,1,1,0,1,0,1,0,0,1,0,2750-BJLSB
0,32,36.25,1151.05,0,0.03149298466617436,3,1,1,1,0,1,0,0,0,0,0,0,0,0,1,0,1,0,0,0,0,1,0,1,0,0,1,0,1,0,3648-GZPHF
0,5,49.4,232.55,0,0.2124274349602236,3,0,1,1,1,0,0,0,0,0,1,0,0,0,0,0,0,0,0,0,0,0,0,1,0,0,1,0,0,0,2075-RMJIK
0,49,19.9,1022.6,0,0.01946019949149227,1,1,0,0,1,0,0,0,1,1,0,1,0,1,0,1,0,1,0,1,0,0,1,1,1,0,0,0,0,1,9588-YRFHY
0,48,107.4,5121.3,1,0.02097123777165954,7,0,0,0,1,0,1,1,0,0,0,0,1,0,1,0,0,0,1,0,1,0,0,1,0,0,0,0,1,0,6394-MFYNG
1,13,82.0,1127.2,1,0.07274662881476224,4,0,0,0,1,0,1,1,0,0,0,0,0,0,0,0,0,0,0,0,1,0,0,1,0,1,0,1,0,0,1564-NTYXF
0,15,19.8,309.4,0,0.06399482870071106,1,1,0,0,1,0,0,0,1,1,0,1,0,1,0,1,0,1,0,1,0,0,0,1,0,0,1,1,0,0,9364-YKUVW
0,12,45.05,523.1,0,0.08612120053527049,2,0,0,0,1,0,0,0,0,0,0,0,0,0,0,0,0,0,0,0,0,0,0,1,0,1,0,0,0,0,5392-AKEMH
1,67,64.55,4250.1,0,0.015187877932283945,6,1,0,0,1,0,1,0,0,0,1,0,1,0,0,0,1,0,0,0,0,0,1,1,0,0,0,0,0,1,2451-YMUXS
0,9,86.25,770.5,0,0.11194029850746269,4,1,0,0,1,0,0,1,0,0,0,0,0,0,0,0,1,0,1,0,0,0,0,0,0,1,0,0,0,0,3914-FDRHP
0,13,19.75,246.7,0,0.0800567490879611,1,0,1,1,1,0,0,0,1,1,0,1,0,1,0,1,0,1,0,1,0,0,1,1,0,0,0,1,0,0,3078-ZKNTS
0,38,89.1,3342.0,0,0.026660682226211846,4,0,0,0,1,0,0,1,0,0,0,0,0,0,0,0,0,0,1,0,1,1,0,1,0,0,1,0,1,0,1024-KPRBB
1,42,95.55,3930.6,0,0.024309265760952527,6,0,1,0,1,0,1,1,0,0,0,0,1,0,1,0,0,0,1,0,0,0,0,1,0,1,0,0,1,0,4690-PKDQG
0,24,75.4,1747.85,1,0.0431387132763109,3,0,1,0,1,0,1,1,0,0,0,0,0,0,0,0,0,0,0,0,0,0,0,1,1,0,0,1,0,0,8155-IBNHG
1,27,101.25,2754.45,1,0.03675869955889561,6,0,1,0,1,0,0,1,0,0,1,0,0,0,1,0,0,0,1,0,1,0,0,1,0,1,0,0,1,0,0886-QGENL
0,9,102.6,897.75,0,0.11428571428571428,7,1,1,1,1,0,1,1,0,0,0,0,1,0,1,0,0,0,1,0,1,0,0,1,1,0,0,0,0,0,9547-ITEFG
0,49,56.3,2780.6,0,0.02024742861252967,5,0,1,0,0,1,0,0,0,0,0,0,1,0,0,0,1,0,1,0,1,1,0,1,1,0,0,0,0,1,1264-FUHCX
1,61,94.2,5895.45,0,0.01597842403887744,7,0,1,0,1,0,1,1,0,0,1,0,1,0,1,0,1,0,0,0,0,0,0,1,1,0,0,0,0,1,7789-CRUVC
0,50,43.05,2208.05,0,0.01949684110414166,4,1,0,1,0,1,0,0,0,0,1,0,1,0,0,0,0,0,1,0,0,1,0,1,0,0,0,0,0,1,6598-KELSS
1,25,89.5,2196.15,1,0.04075313617011588,5,1,0,0,1,0,1,1,0,0,0,0,1,0,0,0,0,0,1,0,0,0,0,1,0,1,0,0,1,0,8739-WWKDU
1,22,74.4,1692.6,1,0.04395604395604396,3,0,0,0,1,0,1,1,0,0,0,0,0,0,0,0,0,0,0,0,0,0,0,1,0,0,0,1,0,0,8685-WHQPW
0,1,20.5,20.5,1,1.0,1,1,0,0,1,0,0,0,1,1,0,1,0,1,0,1,0,1,0,1,0,0,0,0,0,0,1,0,0,0,4745-LSPLO
0,4,74.35,265.35,1,0.28019596758997545,3,1,0,0,1,0,1,1,0,0,0,0,0,0,0,0,0,0,0,0,0,0,0,1,0,1,0,0,0,0,8083-YTZES
1,18,99.75,1836.25,1,0.05432266848196052,6,0,1,0,1,0,1,1,0,0,0,0,0,0,0,0,1,0,1,0,1,0,0,0,0,0,0,1,0,0,7240-FQLHE
1,56,111.95,6418.9,1,0.017440682983065635,8,0,0,0,1,0,1,1,0,0,0,0,1,0,1,0,1,0,1,0,1,1,0,1,0,1,0,0,0,1,6664-FPDAC
1,53,94.0,4871.45,0,0.019296102803066848,6,0,1,0,1,0,0,1,0,0,0,0,1,0,1,0,1,0,1,0,0,1,0,1,0,1,0,0,0,1,9972-VAFJJ
0,51,98.85,4947.55,0,0.01997958585562551,6,0,1,0,1,0,1,1,0,0,0,0,0,0,1,0,0,0,1,0,1,1,0,1,0,1,0,0,0,1,0422-UXFAP
0,24,64.35,1558.65,0,0.041285728033875466,6,0,1,1,1,0,1,0,0,0,1,0,1,0,1,0,0,0,0,0,0,0,1,0,0,1,0,1,0,0,1904-WAJAA
0,62,72.0,4284.2,0,0.016805938098128005,6,0,1,0,1,0,0,0,0,0,1,0,1,0,1,0,0,0,1,0,0,0,1,1,1,0,0,0,0,1,5130-YPIRV
0,24,49.7,1218.25,0,0.04079622409193515,3,1,0,0,1,0,0,0,0,0,0,0,1,0,0,0,0,0,0,0,0,0,0,1,0,0,1,1,0,0,2843-CQMEG
0,70,80.7,5617.95,0,0.014364670386884897,8,0,1,1,1,0,1,0,0,0,1,0,1,0,1,0,1,0,1,0,0,0,1,0,0,1,0,0,0,1,6439-PKTRR
0,1,24.2,24.2,0,1.0,1,1,0,1,0,1,0,0,0,0,0,0,0,0,0,0,0,0,0,0,0,0,0,0,0,0,1,0,0,0,5351-QESIO
1,16,39.0,679.85,1,0.05736559535191586,3,1,0,0,0,1,0,0,0,0,0,0,1,0,0,0,0,0,1,0,0,0,0,1,0,0,1,1,0,0,0786-VSSUD
0,8,65.45,554.45,0,0.1180449093696456,5,0,0,0,1,0,0,0,0,0,0,0,1,0,0,0,1,0,1,0,0,0,0,1,0,1,0,0,0,0,5568-DMXZS
0,72,74.35,5237.4,0,0.014195975102149922,7,0,1,1,1,0,0,0,0,0,1,0,1,0,1,0,1,0,0,0,1,0,1,1,0,1,0,0,0,1,8468-FZTOE
0,23,83.2,2032.3,0,0.04093883777001427,5,0,0,0,1,0,0,1,0,0,0,0,1,0,1,0,1,0,0,0,0,0,0,0,0,0,0,1,0,0,6633-SYEUS
0,31,25.0,789.2,0,0.03167764825139381,1,1,0,1,0,1,0,0,0,0,0,0,0,0,0,0,0,0,0,0,0,0,0,0,1,0,0,0,1,0,6447-GORXK
0,37,40.2,1525.35,0,0.026354607139345072,4,1,1,1,0,1,0,0,0,0,1,0,0,0,1,0,1,0,0,0,0,1,0,1,0,1,0,0,1,0,6967-PEJLL
0,30,94.1,2804.45,1,0.03355381625630694,6,0,1,0,1,0,1,1,0,0,0,0,1,0,0,0,1,0,1,0,0,0,0,1,1,0,0,0,1,0,3976-BWUCK
1,35,108.35,3726.15,0,0.029078271137769545,8,0,0,0,1,0,1,1,0,0,1,0,1,0,1,0,0,0,1,0,1,1,0,1,0,1,0,0,1,0,5981-ZVXOT
0,23,69.5,1652.1,0,0.04206767144845954,6,0,1,1,1,0,1,0,0,0,0,0,1,0,0,0,1,0,1,0,0,0,0,1,1,0,0,1,0,0,1684-FLBGS
0,20,76.0,1588.75,0,0.04783634933123525,6,0,1,1,1,0,1,0,0,0,1,0,0,0,0,0,0,0,1,0,1,1,0,0,0,0,0,1,0,0,1389-WNUIB
0,36,93.6,3366.05,0,0.02780707357288216,5,1,1,0,1,0,0,1,0,0,1,0,0,0,0,0,0,0,1,0,1,0,0,1,0,1,0,0,1,0,0376-OIWME
0,8,95.65,778.1,1,0.12292764426166303,5,0,0,0,1,0,1,1,0,0,0,0,0,0,0,0,0,0,1,0,1,0,0,0,0,0,0,0,0,0,3585-ISXZP
0,71,100.55,7113.75,0,0.014134598488842031,6,1,1,1,1,0,1,1,0,0,0,0,1,0,0,0,0,0,1,0,1,1,0,0,0,0,0,0,0,1,0218-QNVAS
1,50,88.05,4367.35,1,0.020160967176892163,5,0,1,0,1,0,1,1,0,0,0,0,1,0,0,0,0,0,1,0,0,0,0,1,0,1,0,0,0,1,6583-QGCSI
0,43,24.45,993.15,0,0.024618637668025977,2,0,1,1,1,0,1,0,1,1,0,1,0,1,0,1,0,1,0,1,0,1,0,1,0,0,0,0,1,0,0804-YGEQV
0,57,89.55,5012.35,0,0.0178658712978942,9,1,0,1,1,0,1,0,0,0,1,0,1,0,1,0,1,0,1,0,1,0,1,0,0,0,1,0,0,1,7164-BPTUT
0,41,66.5,2728.6,1,0.024371472550025655,5,0,1,1,1,0,0,0,0,0,0,0,1,0,0,0,1,0,0,0,1,1,0,1,0,0,0,0,1,0,4174-LPGTI
0,27,76.1,2093.4,0,0.03635234546670488,3,0,1,0,1,0,0,1,0,0,0,0,1,0,0,0,0,0,0,0,0,0,0,1,0,1,0,0,1,0,2523-EWWZL
0,13,80.5,1011.8,0,0.07956117809843843,3,0,0,0,1,0,0,1,0,0,0,0,0,0,0,0,0,0,0,0,1,0,0,1,0,1,0,1,0,0,0928-XUTSN
0,3,35.45,106.85,1,0.33177351427234447,3,1,0,0,0,1,0,0,0,0,1,0,1,0,0,0,0,0,0,0,0,0,0,1,0,0,1,0,0,0,2108-XWMPY
0,67,20.55,1343.4,0,0.0152970075926753,1,0,0,0,1,0,0,0,1,1,0,1,0,1,0,1,0,1,0,1,0,1,0,0,0,1,0,0,0,1,0052-YNYOT
0,3,49.9,130.1,1,0.3835511145272867,3,1,0,0,1,0,0,0,0,0,0,0,1,0,0,0,0,0,0,0,0,0,0,1,0,0,1,0,0,0,6304-IJFSQ
0,64,105.4,6794.75,0,0.015511976158063212,7,0,1,0,1,0,1,1,0,0,0,0,1,0,0,0,1,0,1,0,1,0,1,1,0,0,0,0,0,1,9586-JGQKH
0,26,35.75,1022.5,0,0.03496332518337408,3,1,0,0,0,1,0,0,0,0,0,0,0,0,1,0,1,0,0,0,0,0,0,0,0,1,0,0,1,0,4501-VCPFK
0,38,95.1,3691.2,0,0.025763979193758127,6,1,0,0,1,0,1,1,0,0,0,0,1,0,1,0,0,0,0,0,1,0,0,1,1,0,0,0,1,0,6075-SLNIL
0,23,19.3,486.2,0,0.039695598519127934,1,1,1,0,1,0,0,0,1,1,0,1,0,1,0,1,0,1,0,1,0,1,0,0,1,0,0,1,0,0,9347-AERRL
0,40,104.5,4036.85,1,0.02588652043053371,7,1,0,0,1,0,1,1,0,0,0,0,1,0,1,0,0,0,1,0,1,0,0,1,1,0,0,0,1,0,0093-XWZFY
1,72,63.1,4685.55,0,0.013466935578534003,7,1,1,0,0,1,0,0,0,0,1,0,1,0,1,0,1,0,1,0,1,0,1,1,0,0,0,0,0,1,2274-XUATA
1,3,75.05,256.25,1,0.2928780487804878,3,0,0,0,1,0,1,1,0,0,0,0,0,0,0,0,0,0,0,0,0,0,0,1,1,0,0,0,0,0,1980-KXVPM
0,23,81.0,1917.1,1,0.04225131709352668,4,1,0,0,1,0,1,1,0,0,0,0,0,0,1,0,0,0,0,0,0,0,0,1,0,1,0,1,0,0,7703-ZEKEF
1,1,74.45,74.45,1,1.0,3,0,1,0,1,0,1,1,0,0,0,0,0,0,0,0,0,0,0,0,0,0,0,1,0,1,0,0,0,0,0723-DRCLG
0,4,60.4,272.15,1,0.22193643211464267,5,0,0,0,1,0,0,0,0,0,1,0,1,0,0,0,1,0,0,0,0,0,0,1,0,0,1,0,0,0,5482-NUPNA
0,62,84.95,5150.55,0,0.016493384201687198,8,0,1,0,1,0,1,0,0,0,1,0,1,0,0,0,1,0,1,0,1,0,1,1,0,1,0,0,0,1,6691-CCIHA
0,40,93.4,3756.4,0,0.024864231711212863,6,0,0,0,1,0,1,1,0,0,0,0,1,0,1,0,0,0,1,0,0,0,0,1,0,0,0,0,1,0,1685-BQULA
0,41,89.2,3645.75,0,0.02446684495645615,5,1,0,0,1,0,1,1,0,0,0,0,1,0,0,0,0,0,1,0,0,0,0,1,0,1,0,0,1,0,9053-EJUNL
1,34,85.2,2874.45,0,0.029640452956217714,4,1,1,0,1,0,0,1,0,0,0,0,0,0,1,0,0,0,1,0,0,0,0,1,1,0,0,0,1,0,0666-UXTJO
0,1,49.95,49.95,0,1.0,3,0,0,0,1,0,0,0,0,0,0,0,1,0,0,0,0,0,0,0,0,0,0,0,0,1,0,0,0,0,1471-GIQKQ
0,51,20.65,1020.75,0,0.02023022287533676,1,0,0,0,1,0,0,0,1,1,0,1,0,1,0,1,0,1,0,1,0,0,1,0,0,0,0,0,0,1,4807-IZYOZ
0,1,70.65,70.65,1,1.0,2,1,1,1,1,0,0,1,0,0,0,0,0,0,0,0,0,0,0,0,0,0,0,1,0,0,1,0,0,0,1122-JWTJW
0,39,20.15,826.0,0,0.02439467312348668,1,0,0,0,1,0,0,0,1,1,0,1,0,1,0,1,0,1,0,1,0,0,1,0,0,0,1,0,1,0,9710-NJERN
0,12,19.2,239.0,0,0.0803347280334728,1,1,1,1,1,0,0,0,1,1,0,1,0,1,0,1,0,1,0,1,0,0,0,1,0,1,0,0,0,0,9837-FWLCH
0,12,59.8,727.8,1,0.08216543006320418,4,1,0,0,1,0,0,0,0,0,0,0,0,0,0,0,1,0,1,0,0,1,0,1,0,1,0,0,0,0,1699-HPSBG
0,72,104.95,7544.3,0,0.013911164720384927,7,1,0,0,1,0,1,1,0,0,0,0,1,0,1,0,0,0,1,0,1,1,0,1,0,1,0,0,0,1,7203-OYKCT
1,63,103.5,6479.4,0,0.015973701268635985,7,0,1,0,1,0,1,1,0,0,0,0,1,0,1,0,0,0,1,0,1,0,0,1,0,1,0,0,0,1,1035-IPQPU
0,44,84.8,3626.35,0,0.023384394777117488,5,1,1,0,1,0,1,1,0,0,1,0,0,0,1,0,0,0,0,0,0,0,0,1,1,0,0,0,1,0,7398-LXGYX
0,18,95.05,1679.4,0,0.056597594378944856,6,0,0,0,1,0,1,1,0,0,0,0,0,0,1,0,1,0,0,0,1,0,0,1,0,0,0,1,0,0,2823-LKABH
0,9,44.2,403.35,1,0.10958224866741044,2,0,0,0,1,0,0,0,0,0,0,0,0,0,0,0,0,0,0,0,0,0,0,1,0,0,0,0,0,0,8775-CEBBJ
0,13,73.35,931.55,0,0.07873973485051795,6,1,0,0,1,0,0,0,0,0,0,0,1,0,0,0,1,0,1,0,1,0,0,0,0,0,1,1,0,0,0550-DCXLH
0,68,64.1,4326.25,0,0.014816527015313491,5,0,1,0,1,0,0,0,0,0,0,0,1,0,0,0,1,0,1,0,0,0,1,0,0,0,0,0,0,1,9281-CEDRU
1,6,44.4,263.05,0,0.1687892035734651,3,0,0,0,0,1,0,0,0,0,0,0,0,0,0,0,0,0,1,0,1,0,0,1,0,1,0,0,0,0,2235-DWLJU
0,2,20.05,39.25,0,0.510828025477707,1,0,0,0,1,0,0,0,1,1,0,1,0,1,0,1,0,1,0,1,0,0,0,1,0,0,1,0,0,0,0871-OPBXW
1,55,60.0,3316.1,0,0.018093543620518078,5,1,1,0,1,0,1,0,0,0,1,0,1,0,0,0,0,0,0,0,0,1,0,0,1,0,0,0,0,1,3605-JISKB
1,1,75.75,75.75,1,1.0,3,1,0,0,1,0,1,1,0,0,0,0,0,0,0,0,0,0,0,0,0,0,0,1,0,1,0,0,0,0,6894-LFHLY
0,38,69.5,2625.25,0,0.026473669174364348,2,1,0,0,1,0,0,1,0,0,0,0,0,0,0,0,0,0,0,0,0,0,0,1,1,0,0,0,1,0,9767-FFLEM
0,67,102.95,6886.25,1,0.014950081684516246,7,0,0,0,1,0,1,1,0,0,1,0,1,0,1,0,0,0,1,0,0,0,0,1,1,0,0,0,0,1,0639-TSIQW
0,19,78.7,1495.1,0,0.052638619490335097,3,1,0,0,1,0,0,1,0,0,0,0,0,0,0,0,0,0,1,0,0,0,0,1,0,0,0,1,0,0,8456-QDAVC
0,12,60.65,743.3,0,0.08159558724606485,6,0,0,0,0,1,0,0,0,0,0,0,1,0,1,0,1,0,1,0,1,1,0,0,0,1,0,0,0,0,7750-EYXWZ
0,72,21.15,1419.4,0,0.014900662251655627,1,0,0,0,1,0,0,0,1,1,0,1,0,1,0,1,0,1,0,1,0,0,1,1,0,0,0,0,0,1,2569-WGERO
0,24,84.8,1990.5,0,0.04260236121577493,8,1,1,1,1,0,1,0,0,0,1,0,0,0,1,0,1,0,1,0,1,1,0,1,0,0,1,1,0,0,6840-RESVB
0,72,103.2,7362.9,0,0.014016216436458461,7,0,1,1,1,0,1,1,0,0,0,0,1,0,1,0,0,0,1,0,1,1,0,1,1,0,0,0,0,1,2234-XADUH
0,11,29.6,346.45,0,0.08543801414345505,2,0,1,1,0,1,0,0,0,0,1,0,0,0,0,0,0,0,0,0,0,0,0,1,0,1,0,0,0,0,4801-JZAZL
1,4,74.4,306.6,1,0.2426614481409002,3,1,1,0,1,0,1,1,0,0,0,0,0,0,0,0,0,0,0,0,0,0,0,1,0,0,1,0,0,0,8361-LTMKD
0,66,105.65,6844.5,0,0.015435751333187232,7,1,0,0,1,0,0,1,0,0,1,0,0,0,1,0,1,0,1,0,1,0,1,1,0,0,0,0,0,1,3186-AJIEK
